-- MySQL dump 10.13  Distrib 8.0.19, for Win64 (x86_64)
--
-- Host: localhost    Database: panaurum
-- ------------------------------------------------------
-- Server version	5.5.5-10.4.32-MariaDB

/*!40101 SET @OLD_CHARACTER_SET_CLIENT=@@CHARACTER_SET_CLIENT */;
/*!40101 SET @OLD_CHARACTER_SET_RESULTS=@@CHARACTER_SET_RESULTS */;
/*!40101 SET @OLD_COLLATION_CONNECTION=@@COLLATION_CONNECTION */;
/*!50503 SET NAMES utf8mb4 */;
/*!40103 SET @OLD_TIME_ZONE=@@TIME_ZONE */;
/*!40103 SET TIME_ZONE='+00:00' */;
/*!40014 SET @OLD_UNIQUE_CHECKS=@@UNIQUE_CHECKS, UNIQUE_CHECKS=0 */;
/*!40014 SET @OLD_FOREIGN_KEY_CHECKS=@@FOREIGN_KEY_CHECKS, FOREIGN_KEY_CHECKS=0 */;
/*!40101 SET @OLD_SQL_MODE=@@SQL_MODE, SQL_MODE='NO_AUTO_VALUE_ON_ZERO' */;
/*!40111 SET @OLD_SQL_NOTES=@@SQL_NOTES, SQL_NOTES=0 */;

--
-- Table structure for table `cache`
--

DROP TABLE IF EXISTS `cache`;
/*!40101 SET @saved_cs_client     = @@character_set_client */;
/*!50503 SET character_set_client = utf8mb4 */;
CREATE TABLE `cache` (
  `key` varchar(255) NOT NULL,
  `value` mediumtext NOT NULL,
  `expiration` int(11) NOT NULL,
  PRIMARY KEY (`key`)
) ENGINE=InnoDB DEFAULT CHARSET=utf8mb4 COLLATE=utf8mb4_unicode_ci;
/*!40101 SET character_set_client = @saved_cs_client */;

--
-- Dumping data for table `cache`
--

LOCK TABLES `cache` WRITE;
/*!40000 ALTER TABLE `cache` DISABLE KEYS */;
/*!40000 ALTER TABLE `cache` ENABLE KEYS */;
UNLOCK TABLES;

--
-- Table structure for table `cache_locks`
--

DROP TABLE IF EXISTS `cache_locks`;
/*!40101 SET @saved_cs_client     = @@character_set_client */;
/*!50503 SET character_set_client = utf8mb4 */;
CREATE TABLE `cache_locks` (
  `key` varchar(255) NOT NULL,
  `owner` varchar(255) NOT NULL,
  `expiration` int(11) NOT NULL,
  PRIMARY KEY (`key`)
) ENGINE=InnoDB DEFAULT CHARSET=utf8mb4 COLLATE=utf8mb4_unicode_ci;
/*!40101 SET character_set_client = @saved_cs_client */;

--
-- Dumping data for table `cache_locks`
--

LOCK TABLES `cache_locks` WRITE;
/*!40000 ALTER TABLE `cache_locks` DISABLE KEYS */;
/*!40000 ALTER TABLE `cache_locks` ENABLE KEYS */;
UNLOCK TABLES;

--
-- Table structure for table `campeonatos`
--

DROP TABLE IF EXISTS `campeonatos`;
/*!40101 SET @saved_cs_client     = @@character_set_client */;
/*!50503 SET character_set_client = utf8mb4 */;
CREATE TABLE `campeonatos` (
  `id` bigint(20) unsigned NOT NULL AUTO_INCREMENT,
  `nombre` varchar(100) NOT NULL,
  `logo` varchar(100) DEFAULT NULL,
  `descripcion` longtext DEFAULT NULL,
  `fecha_inicio` date NOT NULL,
  `fecha_fin` date NOT NULL,
  `hora_inicio` time NOT NULL,
  `tiempo_descanso` int(11) NOT NULL DEFAULT 5,
  `cajones` int(11) NOT NULL DEFAULT 30,
  `penalizacion_pepita_no_encontrada` decimal(8,3) DEFAULT 180.000,
  `activo` tinyint(1) NOT NULL DEFAULT 1,
  `latitud` float DEFAULT NULL,
  `longitud` float DEFAULT NULL,
  PRIMARY KEY (`id`)
) ENGINE=InnoDB AUTO_INCREMENT=4 DEFAULT CHARSET=utf8mb4 COLLATE=utf8mb4_unicode_ci;
/*!40101 SET character_set_client = @saved_cs_client */;

--
-- Dumping data for table `campeonatos`
--

LOCK TABLES `campeonatos` WRITE;
/*!40000 ALTER TABLE `campeonatos` DISABLE KEYS */;
INSERT INTO `campeonatos` VALUES (1,'Campeonato antiguo','sin-logo.jpg','Sin descripción','2023-08-03','2023-08-09','09:00:00',5,15,180.000,0,43.4036,-6.54345),(2,'Mundial de bateo de oro 2025','mundial-navelgas-2025.jpg','En 2025, el pintoresco pueblo de Navelgas, conocido por su rica historia minera y vibrante cultura, se enorgullece de ser la sede del mayor evento internacional de bateo de oro. Del 3 al 9 de agosto de 2025, competidores de todo el mundo se reunirán para demostrar su destreza en la búsqueda de oro, en un ambiente lleno de compañerismo y espíritu deportivo. No te pierdas la oportunidad de vivir una experiencia única, llena de tradición, naturaleza y pasión por el bateo de oro. ¡Prepárate para descubrir el oro y disfrutar de la hospitalidad asturiana en Navelgas!','2025-08-03','2025-08-09','09:00:00',5,30,180.000,1,43.4036,-6.54345),(3,'tatan',NULL,NULL,'2025-04-20','2025-04-27','09:00:00',3,30,121.000,0,43.3619,-5.84836);
/*!40000 ALTER TABLE `campeonatos` ENABLE KEYS */;
UNLOCK TABLES;

--
-- Table structure for table `categorias`
--

DROP TABLE IF EXISTS `categorias`;
/*!40101 SET @saved_cs_client     = @@character_set_client */;
/*!50503 SET character_set_client = utf8mb4 */;
CREATE TABLE `categorias` (
  `id` bigint(20) unsigned NOT NULL AUTO_INCREMENT,
  `nombre` varchar(100) NOT NULL,
  `oficial` tinyint(1) NOT NULL DEFAULT 1,
  `descripcion` text DEFAULT NULL,
  `grupal` tinyint(1) NOT NULL DEFAULT 0,
  `logo` varchar(100) DEFAULT NULL,
  PRIMARY KEY (`id`),
  UNIQUE KEY `categorias_nombre_unique` (`nombre`)
) ENGINE=InnoDB AUTO_INCREMENT=17 DEFAULT CHARSET=utf8mb4 COLLATE=utf8mb4_unicode_ci;
/*!40101 SET character_set_client = @saved_cs_client */;

--
-- Dumping data for table `categorias`
--

LOCK TABLES `categorias` WRITE;
/*!40000 ALTER TABLE `categorias` DISABLE KEYS */;
INSERT INTO `categorias` VALUES (1,'Proficient Men',1,NULL,0,NULL),(2,'Proficient Women',1,NULL,0,NULL),(3,'Juniors U16',1,NULL,0,NULL),(4,'Juniors U12',1,NULL,0,NULL),(5,'Veterans',1,NULL,0,NULL),(6,'Classic Pan',1,NULL,0,NULL),(7,'Two Person Team',1,NULL,0,NULL),(8,'Three Person Team',1,NULL,0,NULL),(9,'Five Person Team',1,NULL,0,NULL),(10,'National Team',1,NULL,0,NULL),(11,'Pikkies',0,NULL,0,NULL),(12,'Under the moon',0,NULL,0,NULL),(13,'Blind date',0,NULL,0,NULL),(14,'Pinchin Trophy',0,NULL,0,NULL),(15,'Golden Masters',0,NULL,0,NULL),(16,'Family',0,NULL,0,NULL);
/*!40000 ALTER TABLE `categorias` ENABLE KEYS */;
UNLOCK TABLES;

--
-- Table structure for table `competiciones`
--

DROP TABLE IF EXISTS `competiciones`;
/*!40101 SET @saved_cs_client     = @@character_set_client */;
/*!50503 SET character_set_client = utf8mb4 */;
CREATE TABLE `competiciones` (
  `id` bigint(20) unsigned NOT NULL AUTO_INCREMENT,
  `campeonato_id` bigint(20) unsigned NOT NULL,
  `categoria_id` bigint(20) unsigned NOT NULL,
  `doble_heat` tinyint(1) NOT NULL DEFAULT 1,
  `maximo_participantes` int(11) DEFAULT 240,
  `tipo` enum('tradicional','unitario') NOT NULL DEFAULT 'tradicional',
  `generar` tinyint(1) NOT NULL DEFAULT 0,
  `duracion_heat_minutos` int(11) DEFAULT 30,
  `precio_preventa` float DEFAULT NULL,
  `precio_normal` float DEFAULT NULL,
  PRIMARY KEY (`id`),
  KEY `competiciones_campeonato_id_foreign` (`campeonato_id`),
  KEY `competiciones_categoria_id_foreign` (`categoria_id`),
  CONSTRAINT `competiciones_campeonato_id_foreign` FOREIGN KEY (`campeonato_id`) REFERENCES `campeonatos` (`id`),
  CONSTRAINT `competiciones_categoria_id_foreign` FOREIGN KEY (`categoria_id`) REFERENCES `categorias` (`id`)
) ENGINE=InnoDB AUTO_INCREMENT=17 DEFAULT CHARSET=utf8mb4 COLLATE=utf8mb4_unicode_ci COMMENT='participantes_iniciales se calcularía con las inscripciones';
/*!40101 SET character_set_client = @saved_cs_client */;

--
-- Dumping data for table `competiciones`
--

LOCK TABLES `competiciones` WRITE;
/*!40000 ALTER TABLE `competiciones` DISABLE KEYS */;
INSERT INTO `competiciones` VALUES (1,2,1,1,240,'tradicional',0,30,NULL,NULL),(2,2,2,1,240,'tradicional',0,30,NULL,NULL),(3,2,3,1,240,'tradicional',0,30,NULL,NULL),(4,2,4,1,240,'tradicional',0,30,NULL,NULL),(5,2,5,1,240,'tradicional',0,30,NULL,NULL),(6,2,6,1,240,'tradicional',0,30,NULL,NULL),(7,2,7,1,240,'tradicional',0,30,NULL,NULL),(8,2,8,1,240,'tradicional',0,30,NULL,NULL),(9,2,9,1,240,'tradicional',0,30,NULL,NULL),(10,2,10,1,240,'tradicional',0,30,NULL,NULL),(11,2,11,0,240,'tradicional',0,30,NULL,NULL),(12,2,12,1,240,'tradicional',0,30,NULL,NULL),(13,2,13,0,240,'tradicional',0,30,NULL,NULL),(14,2,14,0,240,'tradicional',0,30,NULL,NULL),(15,2,15,0,240,'tradicional',0,30,NULL,NULL),(16,2,16,0,240,'tradicional',0,30,NULL,NULL);
/*!40000 ALTER TABLE `competiciones` ENABLE KEYS */;
UNLOCK TABLES;

--
-- Table structure for table `dispositivo_notificacion`
--

DROP TABLE IF EXISTS `dispositivo_notificacion`;
/*!40101 SET @saved_cs_client     = @@character_set_client */;
/*!50503 SET character_set_client = utf8mb4 */;
CREATE TABLE `dispositivo_notificacion` (
  `dispositivo_id` bigint(20) unsigned NOT NULL,
  `notificacion_id` bigint(20) unsigned NOT NULL,
  PRIMARY KEY (`dispositivo_id`,`notificacion_id`),
  KEY `dispositivo_notificacion_notificacion_id_foreign` (`notificacion_id`),
  CONSTRAINT `dispositivo_notificacion_dispositivo_id_foreign` FOREIGN KEY (`dispositivo_id`) REFERENCES `dispositivos` (`id`) ON DELETE CASCADE,
  CONSTRAINT `dispositivo_notificacion_notificacion_id_foreign` FOREIGN KEY (`notificacion_id`) REFERENCES `notificaciones` (`id`) ON DELETE CASCADE
) ENGINE=InnoDB DEFAULT CHARSET=utf8mb4 COLLATE=utf8mb4_unicode_ci;
/*!40101 SET character_set_client = @saved_cs_client */;

--
-- Dumping data for table `dispositivo_notificacion`
--

LOCK TABLES `dispositivo_notificacion` WRITE;
/*!40000 ALTER TABLE `dispositivo_notificacion` DISABLE KEYS */;
/*!40000 ALTER TABLE `dispositivo_notificacion` ENABLE KEYS */;
UNLOCK TABLES;

--
-- Table structure for table `dispositivos`
--

DROP TABLE IF EXISTS `dispositivos`;
/*!40101 SET @saved_cs_client     = @@character_set_client */;
/*!50503 SET character_set_client = utf8mb4 */;
CREATE TABLE `dispositivos` (
  `id` bigint(20) unsigned NOT NULL AUTO_INCREMENT,
  `token_fcm` varchar(255) NOT NULL,
  `token_jwt` varchar(255) NOT NULL,
  `usuario_id` bigint(20) unsigned NOT NULL,
  PRIMARY KEY (`id`),
  UNIQUE KEY `dispositivos_token_fcm_unique` (`token_fcm`),
  UNIQUE KEY `dispositivos_token_jwt_unique` (`token_jwt`),
  KEY `dispositivos_usuario_id_foreign` (`usuario_id`),
  CONSTRAINT `dispositivos_usuario_id_foreign` FOREIGN KEY (`usuario_id`) REFERENCES `usuarios` (`id`) ON DELETE CASCADE
) ENGINE=InnoDB DEFAULT CHARSET=utf8mb4 COLLATE=utf8mb4_unicode_ci;
/*!40101 SET character_set_client = @saved_cs_client */;

--
-- Dumping data for table `dispositivos`
--

LOCK TABLES `dispositivos` WRITE;
/*!40000 ALTER TABLE `dispositivos` DISABLE KEYS */;
/*!40000 ALTER TABLE `dispositivos` ENABLE KEYS */;
UNLOCK TABLES;

--
-- Table structure for table `failed_jobs`
--

DROP TABLE IF EXISTS `failed_jobs`;
/*!40101 SET @saved_cs_client     = @@character_set_client */;
/*!50503 SET character_set_client = utf8mb4 */;
CREATE TABLE `failed_jobs` (
  `id` bigint(20) unsigned NOT NULL AUTO_INCREMENT,
  `uuid` varchar(255) NOT NULL,
  `connection` text NOT NULL,
  `queue` text NOT NULL,
  `payload` longtext NOT NULL,
  `exception` longtext NOT NULL,
  `failed_at` timestamp NOT NULL DEFAULT current_timestamp(),
  PRIMARY KEY (`id`),
  UNIQUE KEY `failed_jobs_uuid_unique` (`uuid`)
) ENGINE=InnoDB DEFAULT CHARSET=utf8mb4 COLLATE=utf8mb4_unicode_ci;
/*!40101 SET character_set_client = @saved_cs_client */;

--
-- Dumping data for table `failed_jobs`
--

LOCK TABLES `failed_jobs` WRITE;
/*!40000 ALTER TABLE `failed_jobs` DISABLE KEYS */;
/*!40000 ALTER TABLE `failed_jobs` ENABLE KEYS */;
UNLOCK TABLES;

--
-- Table structure for table `franjas`
--

DROP TABLE IF EXISTS `franjas`;
/*!40101 SET @saved_cs_client     = @@character_set_client */;
/*!50503 SET character_set_client = utf8mb4 */;
CREATE TABLE `franjas` (
  `id` bigint(20) unsigned NOT NULL AUTO_INCREMENT,
  `campeonato_id` bigint(20) unsigned NOT NULL,
  `tanda_id` bigint(20) unsigned DEFAULT NULL,
  `inicio` datetime NOT NULL,
  `duracion_minutos` int(11) NOT NULL DEFAULT 20,
  PRIMARY KEY (`id`),
  KEY `franjas_campeonato_id_foreign` (`campeonato_id`),
  KEY `franjas_tanda_id_foreign` (`tanda_id`),
  CONSTRAINT `franjas_campeonato_id_foreign` FOREIGN KEY (`campeonato_id`) REFERENCES `campeonatos` (`id`) ON DELETE CASCADE,
  CONSTRAINT `franjas_tanda_id_foreign` FOREIGN KEY (`tanda_id`) REFERENCES `tandas` (`id`) ON DELETE CASCADE
) ENGINE=InnoDB AUTO_INCREMENT=171 DEFAULT CHARSET=utf8mb4 COLLATE=utf8mb4_unicode_ci;
/*!40101 SET character_set_client = @saved_cs_client */;

--
-- Dumping data for table `franjas`
--

LOCK TABLES `franjas` WRITE;
/*!40000 ALTER TABLE `franjas` DISABLE KEYS */;
INSERT INTO `franjas` VALUES (1,2,25,'2025-08-03 09:30:00',30),(2,2,58,'2025-08-03 10:00:00',30),(3,2,62,'2025-08-03 10:30:00',30),(4,2,39,'2025-08-03 11:00:00',30),(5,2,20,'2025-08-03 11:30:00',30),(6,2,2,'2025-08-03 12:00:00',30),(7,2,37,'2025-08-03 12:30:00',30),(8,2,46,'2025-08-03 13:00:00',30),(9,2,42,'2025-08-03 13:30:00',30),(10,2,50,'2025-08-03 14:00:00',30),(11,2,32,'2025-08-03 14:30:00',30),(12,2,48,'2025-08-03 15:00:00',30),(13,2,43,'2025-08-03 15:30:00',30),(14,2,17,'2025-08-03 16:00:00',30),(15,2,54,'2025-08-03 16:30:00',30),(16,2,12,'2025-08-03 17:00:00',30),(17,2,16,'2025-08-03 17:30:00',30),(18,2,18,'2025-08-03 18:00:00',30),(19,2,11,'2025-08-03 18:30:00',30),(20,2,26,'2025-08-03 19:00:00',30),(21,2,41,'2025-08-03 19:30:00',30),(22,2,64,'2025-08-03 20:00:00',30),(23,2,22,'2025-08-03 20:30:00',30),(24,2,7,'2025-08-04 09:30:00',30),(25,2,55,'2025-08-04 10:00:00',30),(26,2,35,'2025-08-04 10:30:00',30),(27,2,52,'2025-08-04 11:00:00',30),(28,2,1,'2025-08-04 11:30:00',30),(29,2,69,'2025-08-04 12:00:00',30),(30,2,59,'2025-08-04 12:30:00',30),(31,2,38,'2025-08-04 13:00:00',30),(32,2,10,'2025-08-04 13:30:00',30),(33,2,57,'2025-08-04 14:00:00',30),(34,2,24,'2025-08-04 14:30:00',30),(35,2,4,'2025-08-04 15:00:00',30),(36,2,33,'2025-08-04 15:30:00',30),(37,2,45,'2025-08-04 16:00:00',30),(38,2,51,'2025-08-04 16:30:00',30),(39,2,19,'2025-08-04 17:00:00',30),(40,2,61,'2025-08-04 17:30:00',30),(41,2,60,'2025-08-04 18:00:00',30),(42,2,3,'2025-08-04 18:30:00',30),(43,2,27,'2025-08-04 19:00:00',30),(44,2,28,'2025-08-04 19:30:00',30),(45,2,6,'2025-08-04 20:00:00',30),(46,2,21,'2025-08-04 20:30:00',30),(47,2,9,'2025-08-05 09:30:00',30),(48,2,56,'2025-08-05 10:00:00',30),(49,2,13,'2025-08-05 10:30:00',30),(50,2,29,'2025-08-05 11:00:00',30),(51,2,30,'2025-08-05 11:30:00',30),(52,2,68,'2025-08-05 12:00:00',30),(53,2,5,'2025-08-05 12:30:00',30),(54,2,14,'2025-08-05 13:00:00',30),(55,2,49,'2025-08-05 13:30:00',30),(56,2,67,'2025-08-05 14:00:00',30),(57,2,63,'2025-08-05 14:30:00',30),(58,2,23,'2025-08-05 15:00:00',30),(59,2,44,'2025-08-05 15:30:00',30),(60,2,66,'2025-08-05 16:00:00',30),(61,2,53,'2025-08-05 16:30:00',30),(62,2,8,'2025-08-05 17:00:00',30),(63,2,36,'2025-08-05 17:30:00',30),(64,2,70,'2025-08-05 18:00:00',30),(65,2,47,'2025-08-05 18:30:00',30),(66,2,65,'2025-08-05 19:00:00',30),(67,2,34,'2025-08-05 19:30:00',30),(68,2,40,'2025-08-05 20:00:00',30),(69,2,15,'2025-08-05 20:30:00',30),(70,2,31,'2025-08-06 09:30:00',30),(71,2,99,'2025-08-06 10:00:00',30),(72,2,123,'2025-08-06 10:30:00',30),(73,2,92,'2025-08-06 11:00:00',30),(74,2,121,'2025-08-06 11:30:00',30),(75,2,100,'2025-08-06 12:00:00',30),(76,2,103,'2025-08-06 12:30:00',30),(77,2,84,'2025-08-06 13:00:00',30),(78,2,94,'2025-08-06 13:30:00',30),(79,2,118,'2025-08-06 14:00:00',30),(80,2,110,'2025-08-06 14:30:00',30),(81,2,73,'2025-08-06 15:00:00',30),(82,2,81,'2025-08-06 15:30:00',30),(83,2,105,'2025-08-06 16:00:00',30),(84,2,112,'2025-08-06 16:30:00',30),(85,2,119,'2025-08-06 17:00:00',30),(86,2,115,'2025-08-06 17:30:00',30),(87,2,79,'2025-08-06 18:00:00',30),(88,2,87,'2025-08-06 18:30:00',30),(89,2,101,'2025-08-06 19:00:00',30),(90,2,114,'2025-08-06 19:30:00',30),(91,2,107,'2025-08-06 20:00:00',30),(92,2,111,'2025-08-06 20:30:00',30),(93,2,91,'2025-08-07 09:30:00',30),(94,2,96,'2025-08-07 10:00:00',30),(95,2,74,'2025-08-07 10:30:00',30),(96,2,109,'2025-08-07 11:00:00',30),(97,2,78,'2025-08-07 11:30:00',30),(98,2,71,'2025-08-07 12:00:00',30),(99,2,83,'2025-08-07 12:30:00',30),(100,2,124,'2025-08-07 13:00:00',30),(101,2,125,'2025-08-07 13:30:00',30),(102,2,76,'2025-08-07 14:00:00',30),(103,2,95,'2025-08-07 14:30:00',30),(104,2,117,'2025-08-07 15:00:00',30),(105,2,77,'2025-08-07 15:30:00',30),(106,2,89,'2025-08-07 16:00:00',30),(107,2,102,'2025-08-07 16:30:00',30),(108,2,85,'2025-08-07 17:00:00',30),(109,2,97,'2025-08-07 17:30:00',30),(110,2,75,'2025-08-07 18:00:00',30),(111,2,126,'2025-08-07 18:30:00',30),(112,2,90,'2025-08-07 19:00:00',30),(113,2,80,'2025-08-07 19:30:00',30),(114,2,88,'2025-08-07 20:00:00',30),(115,2,82,'2025-08-07 20:30:00',30),(116,2,72,'2025-08-08 09:30:00',30),(117,2,122,'2025-08-08 10:00:00',30),(118,2,108,'2025-08-08 10:30:00',30),(119,2,116,'2025-08-08 11:00:00',30),(120,2,104,'2025-08-08 11:30:00',30),(121,2,98,'2025-08-08 12:00:00',30),(122,2,106,'2025-08-08 12:30:00',30),(123,2,113,'2025-08-08 13:00:00',30),(124,2,120,'2025-08-08 13:30:00',30),(125,2,93,'2025-08-08 14:00:00',30),(126,2,86,'2025-08-08 14:30:00',30),(127,2,142,'2025-08-08 15:00:00',30),(128,2,151,'2025-08-08 15:30:00',30),(129,2,145,'2025-08-08 16:00:00',30),(130,2,154,'2025-08-08 16:30:00',30),(131,2,132,'2025-08-08 17:00:00',30),(132,2,150,'2025-08-08 17:30:00',30),(133,2,144,'2025-08-08 18:00:00',30),(134,2,128,'2025-08-08 18:30:00',30),(135,2,153,'2025-08-08 19:00:00',30),(136,2,138,'2025-08-08 19:30:00',30),(137,2,147,'2025-08-08 20:00:00',30),(138,2,134,'2025-08-08 20:30:00',30),(139,2,133,'2025-08-09 09:30:00',30),(140,2,135,'2025-08-09 10:00:00',30),(141,2,152,'2025-08-09 10:30:00',30),(142,2,139,'2025-08-09 11:00:00',30),(143,2,129,'2025-08-09 11:30:00',30),(144,2,131,'2025-08-09 12:00:00',30),(145,2,148,'2025-08-09 12:30:00',30),(146,2,127,'2025-08-09 13:00:00',30),(147,2,136,'2025-08-09 13:30:00',30),(148,2,137,'2025-08-09 14:00:00',30),(149,2,149,'2025-08-09 14:30:00',30),(150,2,141,'2025-08-09 15:00:00',30),(151,2,146,'2025-08-09 15:30:00',30),(152,2,140,'2025-08-09 16:00:00',30),(153,2,130,'2025-08-09 16:30:00',30),(154,2,143,'2025-08-09 17:00:00',30),(155,2,160,'2025-08-09 17:30:00',30),(156,2,169,'2025-08-09 18:00:00',30),(157,2,158,'2025-08-09 18:30:00',30),(158,2,165,'2025-08-09 19:00:00',30),(159,2,161,'2025-08-09 19:30:00',30),(160,2,162,'2025-08-09 20:00:00',30),(161,2,170,'2025-08-09 20:30:00',30),(162,2,155,'2025-08-10 09:30:00',30),(163,2,168,'2025-08-10 10:00:00',30),(164,2,163,'2025-08-10 10:30:00',30),(165,2,159,'2025-08-10 11:00:00',30),(166,2,164,'2025-08-10 11:30:00',30),(167,2,156,'2025-08-10 12:00:00',30),(168,2,157,'2025-08-10 12:30:00',30),(169,2,167,'2025-08-10 13:00:00',30),(170,2,166,'2025-08-10 13:30:00',30);
/*!40000 ALTER TABLE `franjas` ENABLE KEYS */;
UNLOCK TABLES;

--
-- Table structure for table `grupos`
--

DROP TABLE IF EXISTS `grupos`;
/*!40101 SET @saved_cs_client     = @@character_set_client */;
/*!50503 SET character_set_client = utf8mb4 */;
CREATE TABLE `grupos` (
  `id` bigint(20) unsigned NOT NULL AUTO_INCREMENT,
  `nombre` varchar(100) NOT NULL,
  `pais` varchar(100) DEFAULT NULL,
  `region` varchar(100) DEFAULT NULL,
  `identificador` varchar(100) DEFAULT NULL,
  PRIMARY KEY (`id`),
  UNIQUE KEY `grupos_identificador_unique` (`identificador`)
) ENGINE=InnoDB AUTO_INCREMENT=374 DEFAULT CHARSET=utf8mb4 COLLATE=utf8mb4_unicode_ci;
/*!40101 SET character_set_client = @saved_cs_client */;

--
-- Dumping data for table `grupos`
--

LOCK TABLES `grupos` WRITE;
/*!40000 ALTER TABLE `grupos` DISABLE KEYS */;
INSERT INTO `grupos` VALUES (1,'Grupo azul 10','Indonesia','Almería',NULL),(2,'Grupo verde 0','Santo Tomé y Príncipe','Cuenca',NULL),(3,'Grupo marrón 56','Nigeria','Valencia',NULL),(4,'Grupo morado 60','Singapur','Jaén',NULL),(5,'Grupo lima 37','Ucrania','Burgos',NULL),(6,'Grupo magenta 2','Lesoto','Ourense',NULL),(7,'Grupo turquesa 85','Turkmenistán','Vizcaya',NULL),(8,'Grupo verde oliva 55','Italia','Córdoba',NULL),(9,'Grupo blanco 46','Líbano','Málaga',NULL),(10,'Grupo lima 76','Indonesia','Guadalajara',NULL),(11,'Grupo lima 96','Bangladés','Guipuzkoa',NULL),(12,'Grupo azul 81','Túnez','Soria',NULL),(13,'Grupo verde oliva 43','Libia','Ciudad Real',NULL),(14,'Grupo celeste 28','Camerún','Ávila',NULL),(15,'Grupo amarillo 69','Francia','Málaga',NULL),(16,'Grupo verde oliva 17','Senegal','Burgos',NULL),(17,'Grupo negro 69','Nueva Zelanda','Cantabria',NULL),(18,'Grupo magenta 88','Comoras','Cuenca',NULL),(19,'Grupo plata 10','República Dominicana','Córdoba',NULL),(20,'Grupo gris 7','Guinea-Bisáu','Teruel',NULL),(21,'Grupo negro 12','Kirguistán','Jaén',NULL),(22,'Grupo azul marino 34','Mali','Vizcaya',NULL),(23,'Grupo amarillo 42','Cabo Verde','Ciudad Real',NULL),(24,'Grupo amarillo 22','Camboya','Ávila',NULL),(25,'Grupo turquesa 3','Burundi','Cáceres',NULL),(26,'Grupo azul 10','Mozambique','Huesca',NULL),(27,'Grupo celeste 95','Timor Oriental','Huesca',NULL),(28,'Grupo verde 53','Líbano','Huesca',NULL),(29,'Grupo turquesa 6','Hungría','Segovia',NULL),(30,'Grupo turquesa 82','Irak','Granada',NULL),(31,'Grupo gris 62','Níger','Alicante',NULL),(32,'Grupo verde oliva 69','República Checa','Sevilla',NULL),(33,'Grupo azul marino 30','Santo Tomé y Príncipe','Pontevedra',NULL),(34,'Grupo amarillo 98','Palaos','Tarragona',NULL),(35,'Grupo morado 57','Mongolia','Ciudad Real',NULL),(36,'Grupo plata 90','Andorra','Ciudad Real',NULL),(37,'Grupo azul marino 63','Barbados','Vizcaya',NULL),(38,'Grupo marrón 37','Somalia','A Coruña',NULL),(39,'Grupo azul marino 46','Botsuana','Ciudad Real',NULL),(40,'Grupo plata 70','Filipinas','Navarra',NULL),(41,'Grupo plata 65','Papúa Nueva Guinea','Illes Balears',NULL),(42,'Grupo azul marino 42','Togo','Ávila',NULL),(43,'Grupo lima 99','Guinea-Bisáu','Huesca',NULL),(44,'Grupo verde oliva 13','Omán','Illes Balears',NULL),(45,'Grupo marrón 32','Camerún','Huelva',NULL),(46,'Grupo gris 26','Vietnam','Palencia',NULL),(47,'Grupo gris 40','Singapur','Tarragona',NULL),(48,'Grupo marrón 52','Vietnam','Badajoz',NULL),(49,'Grupo magenta 53','Macedonia','Zamora',NULL),(50,'Grupo plata 16','Serbia','Ávila',NULL),(51,'Grupo lima 6','Finlandia','Ceuta',NULL),(52,'Grupo celeste 14','Surinam','Castellón',NULL),(53,'Grupo gris 26','Nauru','Albacete',NULL),(54,'Grupo morado 71','Croacia','Segovia',NULL),(55,'Grupo verde oliva 53','Guinea Ecuatorial','Cáceres',NULL),(56,'Grupo gris 37','México','Barcelona',NULL),(57,'Grupo verde 12','Macedonia','Ceuta',NULL),(58,'Grupo plata 10','Marruecos','Granada',NULL),(59,'Grupo gris 93','Italia','León',NULL),(60,'Grupo negro 22','Finlandia','Zaragoza',NULL),(61,'Grupo gris 34','Omán','Jaén',NULL),(62,'Grupo gris 67','Camboya','Zamora',NULL),(63,'Grupo celeste 6','Camboya','Murcia',NULL),(64,'Grupo marrón 65','Granada','Jaén',NULL),(65,'Grupo blanco 55','Uruguay','Santa Cruz de Tenerife',NULL),(66,'Grupo negro 37','Argelia','Lleida',NULL),(67,'Grupo verde oliva 20','Burundi','Barcelona',NULL),(68,'Grupo turquesa 48','Costa Rica','Guipuzkoa',NULL),(69,'Grupo lima 89','Uruguay','Toledo',NULL),(70,'Grupo gris 22','Zimbabue','Lleida',NULL),(71,'Grupo plata 45','Eritrea','Albacete',NULL),(72,'Grupo plata 11','Barbados','Asturias',NULL),(73,'Grupo lima 6','Micronesia','Huesca',NULL),(74,'Grupo magenta 98','Suazilandia','Huesca',NULL),(75,'Grupo marrón 2','China','Segovia',NULL),(76,'Grupo plata 81','Noruega','León',NULL),(77,'Grupo morado 2','Yibuti','Guadalajara',NULL),(78,'Grupo magenta 46','Guinea','Cáceres',NULL),(79,'Grupo blanco 4','Filipinas','Tarragona',NULL),(80,'Grupo verde oliva 8','Francia','Burgos',NULL),(81,'Grupo lima 87','Liberia','Asturias',NULL),(82,'Grupo marrón 0','Albania','Segovia',NULL),(83,'Grupo plata 99','Montenegro','Badajoz',NULL),(84,'Grupo blanco 40','Angola','Málaga',NULL),(85,'Grupo plata 82','México','Toledo',NULL),(86,'Grupo verde oliva 58','Polonia','Huesca',NULL),(87,'Grupo turquesa 21','Dinamarca','Palencia',NULL),(88,'Grupo lima 33','Suazilandia','Santa Cruz de Tenerife',NULL),(89,'Grupo turquesa 49','Perú','Cantabria',NULL),(90,'Grupo plata 55','Togo','Granada',NULL),(91,'Grupo verde oliva 46','Francia','Ávila',NULL),(92,'Grupo azul marino 27','Irak','Navarra',NULL),(93,'Grupo amarillo 51','Jordania','Teruel',NULL),(94,'Grupo amarillo 67','Palaos','Guipuzkoa',NULL),(95,'Grupo marrón 87','Madagascar','Girona',NULL),(96,'Grupo gris 6','Dominica','Álava',NULL),(97,'Grupo lima 49','Sudán','Ceuta',NULL),(98,'Grupo marrón 24','Mongolia','Cáceres',NULL),(99,'Grupo amarillo 24','Georgia','Barcelona',NULL),(100,'Grupo celeste 50','Zambia','Girona',NULL),(101,'Grupo turquesa 47','Chipre','Ourense',NULL),(102,'Grupo amarillo 65','Seychelles','Castellón',NULL),(103,'Grupo verde oliva 94','Brasil','Almería',NULL),(104,'Grupo gris 71','Irán','Navarra',NULL),(105,'Grupo morado 78','China','Jaén',NULL),(106,'Grupo marrón 47','Túnez','A Coruña',NULL),(107,'Grupo celeste 20','Grecia','Ávila',NULL),(108,'Grupo azul marino 52','Benín','Alicante',NULL),(109,'Grupo amarillo 89','Bolivia','Huelva',NULL),(110,'Grupo marrón 48','Mali','Guipuzkoa',NULL),(111,'Grupo blanco 38','Somalia','Valencia',NULL),(112,'Grupo morado 56','Grecia','Toledo',NULL),(113,'Grupo turquesa 37','Uruguay','Salamanca',NULL),(114,'Grupo blanco 1','Albania','Madrid',NULL),(115,'Grupo amarillo 85','Kuwait','Almería',NULL),(116,'Grupo turquesa 77','Ecuador','Zaragoza',NULL),(117,'Grupo marrón 86','República Centroafricana','Zaragoza',NULL),(118,'Grupo azul 71','Estonia','Guadalajara',NULL),(119,'Grupo celeste 7','Polonia','Jaén',NULL),(120,'Grupo amarillo 23','Tonga','Lugo',NULL),(121,'Grupo gris 88','Haití','Valencia',NULL),(122,'Grupo blanco 34','Maldivas','Valladolid',NULL),(123,'Grupo amarillo 41','Micronesia','Asturias',NULL),(124,'Grupo celeste 15','Guinea Ecuatorial','Asturias',NULL),(125,'Grupo gris 13','España','La Rioja',NULL),(126,'Grupo lima 78','Eslovaquia','Alicante',NULL),(127,'Grupo verde 67','Zimbabue','Córdoba',NULL),(128,'Grupo azul 30','Seychelles','La Rioja',NULL),(129,'Grupo magenta 3','Mongolia','Badajoz',NULL),(130,'Grupo verde oliva 50','Islandia','A Coruña',NULL),(131,'Grupo turquesa 94','Brasil','Castellón',NULL),(132,'Grupo azul marino 39','Panamá','Lugo',NULL),(133,'Grupo verde 80','Yemen','Castellón',NULL),(134,'Grupo gris 12','Belice','Granada',NULL),(135,'Grupo amarillo 68','Kazajistán','Toledo',NULL),(136,'Grupo gris 18','Yemen','León',NULL),(137,'Grupo blanco 82','Macedonia','Alicante',NULL),(138,'Grupo blanco 40','Gabón','Toledo',NULL),(139,'Grupo morado 24','Paraguay','Cáceres',NULL),(140,'Grupo morado 65','Timor Oriental','Huelva',NULL),(141,'Grupo blanco 40','Albania','León',NULL),(142,'Grupo amarillo 19','Seychelles','Huelva',NULL),(143,'Grupo lima 78','Mali','Toledo',NULL),(144,'Grupo marrón 32','Senegal','Córdoba',NULL),(145,'Grupo plata 99','Libia','Tarragona',NULL),(146,'Grupo gris 36','Laos','Navarra',NULL),(147,'Grupo azul 54','Perú','Zaragoza',NULL),(148,'Grupo turquesa 47','Noruega','Ávila',NULL),(149,'Grupo verde oliva 34','Letonia','Melilla',NULL),(150,'Grupo marrón 48','Islas Salomón','Lugo',NULL),(151,'Lamarque Julien - PROFICIENT MEN','France','Bon encontre','GRP_M8YT1QV5XGG3P'),(152,'Lamarque Julien - CLASSIC PAN','France','Bon encontre','GRP_M8YT1QV53VDF8'),(153,'Lamarque Julien - TWO PERSON TEAM','France','Bon encontre','GRP_M8YT1QV5BPTZN'),(154,'Lamarque Julien - THREE PERSON TEAM','France','Bon encontre','GRP_M8YT1QV5CTD0L'),(155,'Lamarque Julien - UNDER THE MOON','France','Bon encontre','GRP_M8YT1QV53KZGJ'),(156,'Lamarque Julien - FAMILY','France','Bon encontre','GRP_M8YT1QV5J4C5B'),(157,'Lamarque Annabelle - PROFICIENT WOMEN','France','Bon encontre','GRP_M8YT1QV5637T6'),(158,'Lamarque Annabelle - THREE PERSON TEAM','France','Bon encontre','GRP_M8YT1QV5XBMYZ'),(159,'Lamarque Léa - JUNIORS U-16','France','Bon encontre','GRP_M8YT1QV59RJDC'),(160,'Lamarque Léa - PROFICIENT WOMEN','France','Bon encontre','GRP_M8YT1QV5UHYE7'),(161,'Lamarque Mylann - JUNIORS U-12','France','Bon encontre','GRP_M8YT1QV5PGOSZ'),(162,'Lamarque Shaun - JUNIORS U-12','France','Bon encontre','GRP_M8YT1QV5G7NXS'),(163,'Jesús Menéndez Fernández - PROFICIENT MEN','España','Avilés','GRP_M8YT1QV5M5SRH'),(164,'Jesús Menéndez Fernández - TWO PERSON TEAM','España','Avilés','GRP_M8YT1QV5J29OG'),(165,'Carlota Proenza García - PROFICIENT WOMEN','España','Avilés','GRP_M8YT1QV5PX851'),(166,'Jarkko Turunen - General','FI','Tornio','GRP_M8YT1QV5LFEXB'),(167,'Yohan BOUDIN - PROFICIENT MEN','Francia','Entraigues','GRP_M8YT1QV5D3I2N'),(168,'Yohan BOUDIN - TWO PERSON TEAM','Francia','Entraigues','GRP_M8YT1QV5ZDEYD'),(169,'Eliaz BOUDIN - JUNIORS U-16','Francia','Entraigues','GRP_M8YT1QV5BA2MC'),(170,'Adriano Marcos Aibar - TWO PERSON TEAM','España','Otura-Granada','GRP_M8YT1QV56QH9Z'),(171,'Heimo Urban - date of Birth 23.12.1954 - PROFICIENT MEN','Austria','Hausmannstätten','GRP_M8YT1QV5FJ2YG'),(172,'Heimo Urban - date of Birth 23.12.1954 - TWO PERSON TEAM','Austria','Hausmannstätten','GRP_M8YT1QV5Y4TEL'),(173,'Heimo Urban - date of Birth 23.12.1954 - THREE PERSON TEAM','Austria','Hausmannstätten','GRP_M8YT1QV5XD2MB'),(174,'Heimo Urban - date of Birth 23.12.1954 - UNDER THE MOON','Austria','Hausmannstätten','GRP_M8YT1QV5I1LHU'),(175,'Heimo Urban - date of Birth 23.12.1954 - BLIND DATE','Austria','Hausmannstätten','GRP_M8YT1QV5TGYZ7'),(176,'ALICIA MENENDEZ - PROFICIENT WOMEN','Spain','NAVELGAS','GRP_M8YT1QV5LICG8'),(177,'ALICIA MENENDEZ - BLIND DATE','Spain','NAVELGAS','GRP_M8YT1QV5ZJQ7D'),(178,'Sanjay Singh - PROFICIENT MEN','South Africa','Mbobbela','GRP_M8YT1QV5LDHN1'),(179,'Sanjay Singh - CLASSIC PAN','South Africa','Mbobbela','GRP_M8YT1QV52NAG6'),(180,'Sanjay Singh - TWO PERSON TEAM','South Africa','Mbobbela','GRP_M8YT1QV5NNKRE'),(181,'Sanjay Singh - THREE PERSON TEAM','South Africa','Mbobbela','GRP_M8YT1QV5NG1OZ'),(182,'Sanjay Singh - PINCHIN TROPHY','South Africa','Mbobbela','GRP_M8YT1QV5O37NR'),(183,'Sanjay Singh - UNDER THE MOON','South Africa','Mbobbela','GRP_M8YT1QV5G66XI'),(184,'Sanjay Singh - BLIND DATE','South Africa','Mbobbela','GRP_M8YT1QV53F73T'),(185,'Aiden Sosef - PIKKIES','Netherlands','Poeldijk','GRP_M8YT1QV5Q8ABU'),(186,'Aiden Sosef - JUNIORS U-12','Netherlands','Poeldijk','GRP_M8YT1QV55L9GK'),(187,'Noah Sosef - JUNIORS U-12','Netherlands','Poeldijk','GRP_M8YT1QV59NUH0'),(188,'Noah Sosef - JUNIORS U-16','Netherlands','Poeldijk','GRP_M8YT1QV5Q66S6'),(189,'Sam Sosef - PROFICIENT MEN','Netherlands','Poeldijk','GRP_M8YT1QV539ZIU'),(190,'Sam Sosef - CLASSIC PAN','Netherlands','Poeldijk','GRP_M8YT1QV5BXCBZ'),(191,'Sam Sosef - TWO PERSON TEAM','Netherlands','Poeldijk','GRP_M8YT1QV5ZOEQE'),(192,'Sam Sosef - THREE PERSON TEAM','Netherlands','Poeldijk','GRP_M8YT1QV5TAP3K'),(193,'Sam Sosef - PINCHIN TROPHY','Netherlands','Poeldijk','GRP_M8YT1QV5UROSJ'),(194,'Sam Sosef - UNDER THE MOON','Netherlands','Poeldijk','GRP_M8YT1QV537XGO'),(195,'Sam Sosef - BLIND DATE','Netherlands','Poeldijk','GRP_M8YT1QV5IXMB0'),(196,'Sam Sosef - FAMILY','Netherlands','Poeldijk','GRP_M8YT1QV5R2Q8U'),(197,'Esther Van Diggelen - PROFICIENT WOMEN','Netherlands','Poeldijk','GRP_M8YT1QV541NVZ'),(198,'Esther Van Diggelen - CLASSIC PAN','Netherlands','Poeldijk','GRP_M8YT1QV5XIFHI'),(199,'Esther Van Diggelen - BLIND DATE','Netherlands','Poeldijk','GRP_M8YT1QV5DYF2B'),(200,'Esther Van Diggelen - FIVE PERSON TEAM','Netherlands','Poeldijk','GRP_M8YT1QV5FTT5V'),(201,'Esther Van Diggelen - NATIONAL TEAM','Netherlands','Poeldijk','GRP_M8YT1QV5QP7MN'),(202,'Christopher Hattinger - PROFICIENT MEN','Austria','Steyr','GRP_M8YT1QV53KXF5'),(203,'Christopher Hattinger - CLASSIC PAN','Austria','Steyr','GRP_M8YT1QV5XA6YC'),(204,'Christopher Hattinger - TWO PERSON TEAM','Austria','Steyr','GRP_M8YT1QV5QVG6E'),(205,'Christopher Hattinger - UNDER THE MOON','Austria','Steyr','GRP_M8YT1QV5XHLPE'),(206,'Christopher Hattinger - BLIND DATE','Austria','Steyr','GRP_M8YT1QV559QLF'),(207,'Tanja Hattinger - PROFICIENT WOMEN','Austria','Steyr','GRP_M8YT1QV57RH2P'),(208,'Tanja Hattinger - CLASSIC PAN','Austria','Steyr','GRP_M8YT1QV5PWD7E'),(209,'Tanja Hattinger - FIVE PERSON TEAM','Austria','Steyr','GRP_M8YT1QV5OSRHT'),(210,'Tanja Hattinger - BLIND DATE','Austria','Steyr','GRP_M8YT1QV5H8DH3'),(211,'Anette Rosén - PROFICIENT WOMEN','Sweden','Malmö','GRP_M8YT1QV5BHYSL'),(212,'Anette Rosén - CLASSIC PAN','Sweden','Malmö','GRP_M8YT1QV53HGJV'),(213,'Thomas Linnarsson - PROFICIENT MEN','Sweden','Malmö','GRP_M8YT1QV5XYU8S'),(214,'Thomas Linnarsson - CLASSIC PAN','Sweden','Malmö','GRP_M8YT1QV5JZPCW'),(215,'Thomas Linnarsson - TWO PERSON TEAM','Sweden','Malmö','GRP_M8YT1QV5IQA7T'),(216,'Thomas Linnarsson - THREE PERSON TEAM','Sweden','Malmö','GRP_M8YT1QV5FVQ5T'),(217,'Thomas Linnarsson - NATIONAL TEAM','Sweden','Malmö','GRP_M8YT1QV5L69RI'),(218,'Thomas Linnarsson - PINCHIN TROPHY','Sweden','Malmö','GRP_M8YT1QV5V9O9V'),(219,'Thomas Linnarsson - BLIND DATE','Sweden','Malmö','GRP_M8YT1QV5ERKP8'),(220,'Jana Ková?ová - PROFICIENT WOMEN','Eslovaquia','Tajov','GRP_M8YT1QV54A7UA'),(221,'Jana Ková?ová - CLASSIC PAN','Eslovaquia','Tajov','GRP_M8YT1QV5OH2J9'),(222,'Jana Ková?ová - UNDER THE MOON','Eslovaquia','Tajov','GRP_M8YT1QV5W3XMI'),(223,'Dušan Ková? - PROFICIENT MEN','Eslovaquia','Tajov','GRP_M8YT1QV5KI15D'),(224,'Dušan Ková? - CLASSIC PAN','Eslovaquia','Tajov','GRP_M8YT1QV5MTG0H'),(225,'Dušan Ková? - TWO PERSON TEAM','Eslovaquia','Tajov','GRP_M8YT1QV5HFKDS'),(226,'Cecile Thibaud - PROFICIENT WOMEN','Francia','Lyon','GRP_M8YT1QV5Y450L'),(227,'Cecile Thibaud - CLASSIC PAN','Francia','Lyon','GRP_M8YT1QV5FP30M'),(228,'Cecile Thibaud - TWO PERSON TEAM','Francia','Lyon','GRP_M8YT1QV5HA4NY'),(229,'Cecile Thibaud - THREE PERSON TEAM','Francia','Lyon','GRP_M8YT1QV5JRM3I'),(230,'Annie Fitzgerald - PROFICIENT WOMEN','New Zealand','Palmerston','GRP_M8YT1QV5WR7C5'),(231,'Annie Fitzgerald - CLASSIC PAN','New Zealand','Palmerston','GRP_M8YT1QV5FJAAB'),(232,'Annie Fitzgerald - TWO PERSON TEAM','New Zealand','Palmerston','GRP_M8YT1QV58QRU2'),(233,'Annie Fitzgerald - THREE PERSON TEAM','New Zealand','Palmerston','GRP_M8YT1QV5M4LE5'),(234,'Annie Fitzgerald - PINCHIN TROPHY','New Zealand','Palmerston','GRP_M8YT1QV5BD6ZB'),(235,'Annie Fitzgerald - UNDER THE MOON','New Zealand','Palmerston','GRP_M8YT1QV5QQTC9'),(236,'Annie Fitzgerald - BLIND DATE','New Zealand','Palmerston','GRP_M8YT1QV5EXZVP'),(237,'Mattias Kron Eriksson - PROFICIENT MEN','Sweden','Grängesberg','GRP_M8YT1QV5YYFC3'),(238,'Mattias Kron Eriksson - CLASSIC PAN','Sweden','Grängesberg','GRP_M8YT1QV59OAW6'),(239,'Mattias Kron Eriksson - TWO PERSON TEAM','Sweden','Grängesberg','GRP_M8YT1QV5RCXQL'),(240,'Mattias Kron Eriksson - PINCHIN TROPHY','Sweden','Grängesberg','GRP_M8YT1QV5UBPPN'),(241,'Mattias Kron Eriksson - UNDER THE MOON','Sweden','Grängesberg','GRP_M8YT1QV5FPMS3'),(242,'Luca Pasqualini - PROFICIENT MEN','Italy','Bereguardo','GRP_M8YT1QV50F0CB'),(243,'Luca Pasqualini - CLASSIC PAN','Italy','Bereguardo','GRP_M8YT1QV5LJQC0'),(244,'Luca Pasqualini - TWO PERSON TEAM','Italy','Bereguardo','GRP_M8YT1QV59DAZT'),(245,'Luca Pasqualini - FIVE PERSON TEAM','Italy','Bereguardo','GRP_M8YT1QV582HAS'),(246,'Luca Pasqualini - UNDER THE MOON','Italy','Bereguardo','GRP_M8YT1QV59K53V'),(247,'Luca Pasqualini - BLIND DATE','Italy','Bereguardo','GRP_M8YT1QV5US16R'),(248,'Hideko Nakano - PROFICIENT WOMEN','Italy','Bereguardo','GRP_M8YT1QV5JS7CV'),(249,'Hideko Nakano - THREE PERSON TEAM','Italy','Bereguardo','GRP_M8YT1QV5LBF9X'),(250,'Hideko Nakano - FIVE PERSON TEAM','Italy','Bereguardo','GRP_M8YT1QV5KBX4D'),(251,'Hideko Nakano - BLIND DATE','Italy','Bereguardo','GRP_M8YT1QV55MP2X'),(252,'Simonneau Mathieu - JUNIORS U-12','France','Compreignac','GRP_M8YT1QV5S56H5'),(253,'Simonneau Mathieu - PROFICIENT MEN','France','Compreignac','GRP_M8YT1QV538P73'),(254,'Simonneau Mathieu - UNDER THE MOON','France','Compreignac','GRP_M8YT1QV5IA2W7'),(255,'MARCOS DA ROCHA RODRÍGUEZ - PROFICIENT MEN','España','NAVELGAS','GRP_M8YT1QV5HB0PL'),(256,'Frenk Hink - PROFICIENT MEN','Netherlands','Noord-Scharwoude','GRP_M8YT1QV5EE1DV'),(257,'Frenk Hink - CLASSIC PAN','Netherlands','Noord-Scharwoude','GRP_M8YT1QV5JTGJ2'),(258,'Frenk Hink - TWO PERSON TEAM','Netherlands','Noord-Scharwoude','GRP_M8YT1QV5JUWF9'),(259,'Frenk Hink - UNDER THE MOON','Netherlands','Noord-Scharwoude','GRP_M8YT1QV5A9F1U'),(260,'Frenk Hink - BLIND DATE','Netherlands','Noord-Scharwoude','GRP_M8YT1QV539ZLM'),(261,'Mireille Hink - PROFICIENT WOMEN','Netherlands','Noord-Scharwoude','GRP_M8YT1QV58NJSH'),(262,'Mireille Hink - CLASSIC PAN','Netherlands','Noord-Scharwoude','GRP_M8YT1QV5KQ1RN'),(263,'Mireille Hink - PINCHIN TROPHY','Netherlands','Noord-Scharwoude','GRP_M8YT1QV5HTPTZ'),(264,'Mireille Hink - BLIND DATE','Netherlands','Noord-Scharwoude','GRP_M8YT1QV5BEV14'),(265,'Jacky Dubillot - General','FR','Montrevault sur evre','GRP_M8YT1QV5FJWU7'),(266,'Ismael Martínez Marinas - General','ES','Gijon','GRP_M8YT1QV5VDC2A'),(267,'Marcos Fernández Llanos - PROFICIENT MEN','España','León','GRP_M8YT1QV5AZD32'),(268,'Marcos Fernández Llanos - TWO PERSON TEAM','España','León','GRP_M8YT1QV5BJ0J0'),(269,'Jose Luis Fernández Vázquez - PROFICIENT MEN','España','León','GRP_M8YT1QV5ELU0B'),(270,'Jose Luis Fernández Vázquez - THREE PERSON TEAM','España','León','GRP_M8YT1QV5RZ4S5'),(271,'M. CARMEN LLANOS GONZÁLEZ - PROFICIENT WOMEN','España','León','GRP_M8YT1QV5GMO8R'),(272,'M. CARMEN LLANOS GONZÁLEZ - FAMILY','España','León','GRP_M8YT1QV52YOE7'),(273,'Gabriella Duso - PROFICIENT WOMEN','Italia','Biella','GRP_M8YT1QV5OETPZ'),(274,'Gabriella Duso - CLASSIC PAN','Italia','Biella','GRP_M8YT1QV5VPHN5'),(275,'Gian Luca Scalcon - PROFICIENT MEN','Italia','Biella','GRP_M8YT1QV58STIL'),(276,'Gian Luca Scalcon - CLASSIC PAN','Italia','Biella','GRP_M8YT1QV5H4A0K'),(277,'Gian Luca Scalcon - THREE PERSON TEAM','Italia','Biella','GRP_M8YT1QV5OHE4J'),(278,'Gian Luca Scalcon - UNDER THE MOON','Italia','Biella','GRP_M8YT1QV5JM5ZW'),(279,'Bécourt Samuel - PROFICIENT MEN','Francia','Crèvecoeur-le-Grand','GRP_M8YT1QV5IR9GO'),(280,'Bécourt Samuel - CLASSIC PAN','Francia','Crèvecoeur-le-Grand','GRP_M8YT1QV583HYL'),(281,'Bécourt Samuel - TWO PERSON TEAM','Francia','Crèvecoeur-le-Grand','GRP_M8YT1QV5F1I2W'),(282,'Bécourt Samuel - PINCHIN TROPHY','Francia','Crèvecoeur-le-Grand','GRP_M8YT1QV5MHWRM'),(283,'Bécourt Samuel - UNDER THE MOON','Francia','Crèvecoeur-le-Grand','GRP_M8YT1QV5G6ZYH'),(284,'Enol Mayo sanchez - PIKKIES','España','Olite','GRP_M8YT1QV5V90S4'),(285,'Ruurd van Wijhe - PROFICIENT MEN','Netherlands','Houten','GRP_M8YT1QV5DPPMQ'),(286,'Ruurd van Wijhe - CLASSIC PAN','Netherlands','Houten','GRP_M8YT1QV5479DF'),(287,'Ruurd van Wijhe - TWO PERSON TEAM','Netherlands','Houten','GRP_M8YT1QV5R7Z2L'),(288,'Ruurd van Wijhe - PINCHIN TROPHY','Netherlands','Houten','GRP_M8YT1QV5TCF90'),(289,'Ruurd van Wijhe - UNDER THE MOON','Netherlands','Houten','GRP_M8YT1QV5LIG6J'),(290,'Ruurd van Wijhe - BLIND DATE','Netherlands','Houten','GRP_M8YT1QV5RB2UP'),(291,'Ruurd van Wijhe - FAMILY','Netherlands','Houten','GRP_M8YT1QV5V3IZR'),(292,'Gonneke van Wijhe - PROFICIENT WOMEN','Netherlands','Houten','GRP_M8YT1QV5PQ7Y7'),(293,'Gonneke van Wijhe - CLASSIC PAN','Netherlands','Houten','GRP_M8YT1QV5DXZ6K'),(294,'Gonneke van Wijhe - BLIND DATE','Netherlands','Houten','GRP_M8YT1QV5RWHIP'),(295,'Daan van Wijhe - JUNIORS U-16','Netherlands','Houten','GRP_M8YT1QV5B7OL2'),(296,'Daan van Wijhe - PROFICIENT MEN','Netherlands','Houten','GRP_M8YT1QV5FVIJL'),(297,'Daan van Wijhe - TWO PERSON TEAM','Netherlands','Houten','GRP_M8YT1QV5S8DI2'),(298,'Sander van Wijhe - JUNIORS U-16','Netherlands','Houten','GRP_M8YT1QV5AL3LU'),(299,'Sander van Wijhe - PROFICIENT MEN','Netherlands','Houten','GRP_M8YT1QV5ES1QH'),(300,'Sander van Wijhe - UNDER THE MOON','Netherlands','Houten','GRP_M8YT1QV5HZATN'),(301,'Raúl Rabatti Rosete - PROFICIENT MEN','España','Tineo','GRP_M8YT1QV5ZVKGL'),(302,'Raúl Rabatti Rosete - CLASSIC PAN','España','Tineo','GRP_M8YT1QV5SN280'),(303,'Raúl Rabatti Rosete - TWO PERSON TEAM','España','Tineo','GRP_M8YT1QV5ZJEIA'),(304,'Raúl Rabatti Rosete - THREE PERSON TEAM','España','Tineo','GRP_M8YT1QV51RXVB'),(305,'Raúl Rabatti Rosete - PINCHIN TROPHY','España','Tineo','GRP_M8YT1QV57HXFB'),(306,'Raúl Rabatti Rosete - UNDER THE MOON','España','Tineo','GRP_M8YT1QV5M85LQ'),(307,'Raúl Rabatti Rosete - BLIND DATE','España','Tineo','GRP_M8YT1QV5O35JQ'),(308,'Rodolfo Rodríguez Alvarez - PROFICIENT MEN','España','Tineo','GRP_M8YT1QV52PHRQ'),(309,'Rodolfo Rodríguez Alvarez - CLASSIC PAN','España','Tineo','GRP_M8YT1QV5MMV7J'),(310,'Jesús Angel Sánchez Menéndez - General','ES',NULL,'GRP_M8YT1QV5PNNA8'),(311,'Simone Westhuis - PROFICIENT WOMEN','Países Bajos','Emmen','GRP_M8YT1QV5PLHNK'),(312,'Simone Westhuis - TWO PERSON TEAM','Países Bajos','Emmen','GRP_M8YT1QV5EPF69'),(313,'Simone Westhuis - PINCHIN TROPHY','Países Bajos','Emmen','GRP_M8YT1QV5SC33W'),(314,'Simone Westhuis - FAMILY','Países Bajos','Emmen','GRP_M8YT1QV5JET53'),(315,'Loïs Gijzel - JUNIORS U-12','Países Bajos','Emmen','GRP_M8YT1QV54WMMG'),(316,'Loïs Gijzel - JUNIORS U-16','Países Bajos','Emmen','GRP_M8YT1QV5EGCYZ'),(317,'Luka Gijzel - JUNIORS U-12','Países Bajos','Emmen','GRP_M8YT1QV5RTVZS'),(318,'Luka Gijzel - JUNIORS U-16','Países Bajos','Emmen','GRP_M8YT1QV50B5L1'),(319,'Luka Gijzel - TWO PERSON TEAM','Países Bajos','Emmen','GRP_M8YT1QV5EM2A3'),(320,'Javier Requejo Marchan - PROFICIENT MEN','España','Zamora','GRP_M8YT1QV59TO27'),(321,'Javier Requejo Marchan - CLASSIC PAN','España','Zamora','GRP_M8YT1QV5GAM9J'),(322,'Javier Requejo Marchan - TWO PERSON TEAM','España','Zamora','GRP_M8YT1QV5V9FBU'),(323,'Roxana Sánchez Seijas - PROFICIENT WOMEN','España','Zamora','GRP_M8YT1QV5AJ70G'),(324,'Roxana Sánchez Seijas - CLASSIC PAN','España','Zamora','GRP_M8YT1QV5RVSAX'),(325,'Marcos Tejedor Requejo - PROFICIENT MEN','España','Zamora','GRP_M8YT1QV5R8ZCZ'),(326,'Carmen María García Rodríguez - PROFICIENT WOMEN','España','OVIEDO','GRP_M8YT1QV58EQJW'),(327,'Carmen María García Rodríguez - TWO PERSON TEAM','España','OVIEDO','GRP_M8YT1QV58GM8K'),(328,'Remco Van der Wijngaart - PROFICIENT MEN','Netherlands','Waarland','GRP_M8YT1QV5IRG9D'),(329,'Remco Van der Wijngaart - CLASSIC PAN','Netherlands','Waarland','GRP_M8YT1QV567B7P'),(330,'Remco Van der Wijngaart - TWO PERSON TEAM','Netherlands','Waarland','GRP_M8YT1QV5QCV16'),(331,'Remco Van der Wijngaart - THREE PERSON TEAM','Netherlands','Waarland','GRP_M8YT1QV52UBS2'),(332,'Remco Van der Wijngaart - FIVE PERSON TEAM','Netherlands','Waarland','GRP_M8YT1QV5DTRL5'),(333,'Remco Van der Wijngaart - PINCHIN TROPHY','Netherlands','Waarland','GRP_M8YT1QV5SX76W'),(334,'Remco Van der Wijngaart - UNDER THE MOON','Netherlands','Waarland','GRP_M8YT1QV50IOGF'),(335,'Remco Van der Wijngaart - BLIND DATE','Netherlands','Waarland','GRP_M8YT1QV5FVD2I'),(336,'Luka Hink - van der Wijngaart - PROFICIENT WOMEN','Netherlands','WAARLAND','GRP_M8YT1QV5R16T8'),(337,'Luka Hink - van der Wijngaart - CLASSIC PAN','Netherlands','WAARLAND','GRP_M8YT1QV5NMAOU'),(338,'Luka Hink - van der Wijngaart - BLIND DATE','Netherlands','WAARLAND','GRP_M8YT1QV5YOXL4'),(339,'Esko Orava - PROFICIENT MEN','Finland','Sinettä','GRP_M8YT1QV5FF7IZ'),(340,'Esko Orava - CLASSIC PAN','Finland','Sinettä','GRP_M8YT1QV5BMBDS'),(341,'Esko Orava - NATIONAL TEAM','Finland','Sinettä','GRP_M8YT1QV5Q4A0Q'),(342,'David Iñiguez - General','ES',NULL,'GRP_M8YT1QV5S7HCT'),(343,'Esko Orava - VETERANS','Finlandia','Sinettä','GRP_M8YT1QV5QK4F8'),(344,'Decorce Nadine - General','ES',NULL,'GRP_M8YT1QV5FJBHP'),(345,'DECORCE Isabelle  DECORCE - General','ES',NULL,'GRP_M8YT1QV5PO2B1'),(346,'Maricarmen Obrer Monleon - PROFICIENT WOMEN','España','Gilet ( Valencia)','GRP_M8YT1QV5CO8S4'),(347,'Maricarmen Obrer Monleon - CLASSIC PAN','España','Gilet ( Valencia)','GRP_M8YT1QV5OG8TC'),(348,'Maricarmen Obrer Monleon - TWO PERSON TEAM','España','Gilet ( Valencia)','GRP_M8YT1QV5FJTQ1'),(349,'Maricarmen Obrer Monleon - UNDER THE MOON','España','Gilet ( Valencia)','GRP_M8YT1QV52QLIH'),(350,'Maricarmen Obrer Monleon - FAMILY','España','Gilet ( Valencia)','GRP_M8YT1QV5D2HBJ'),(351,'Fernando Antonio Lopez Rivas - PROFICIENT MEN','España','Gilet ( Valencia)','GRP_M8YT1QV5QLSFT'),(352,'Yeray Lopez Obrer - JUNIORS U-16','España','Gilet ( Valencia)','GRP_M8YT1QV5KJKRC'),(353,'Esther Sala Barat - FIVE PERSON TEAM','España','Barcelona','GRP_M8YT1QV5LPWS0'),(354,'Esther Sala Barat - UNDER THE MOON','España','Barcelona','GRP_M8YT1QV5FZHD0'),(355,'Esther Sala Barat - BLIND DATE','España','Barcelona','GRP_M8YT1QV5INPTC'),(356,'Marc Sala Barat - JUNIORS U-16','España','Barcelona','GRP_M8YT1QV5LTZR7'),(357,'Ana Marchal Torralbo - BLIND DATE','España','Barcelona','GRP_M8YT1QV5HNVX6'),(358,'AJ Woodhouse - PROFICIENT WOMEN','New Zealand','Dunedin','GRP_M8YT1QV5JY3WI'),(359,'AJ Woodhouse - CLASSIC PAN','New Zealand','Dunedin','GRP_M8YT1QV5DFNBK'),(360,'AJ Woodhouse - TWO PERSON TEAM','New Zealand','Dunedin','GRP_M8YT1QV5QMNPD'),(361,'AJ Woodhouse - THREE PERSON TEAM','New Zealand','Dunedin','GRP_M8YT1QV5I9H5J'),(362,'AJ Woodhouse - PINCHIN TROPHY','New Zealand','Dunedin','GRP_M8YT1QV53VCXJ'),(363,'AJ Woodhouse - BLIND DATE','New Zealand','Dunedin','GRP_M8YT1QV5ZGEPU'),(364,'Sandu Marcu - PROFICIENT MEN','España','Villanueva de los Infantes','GRP_M8YT1QV5OX9KT'),(365,'Sandu Marcu - CLASSIC PAN','España','Villanueva de los Infantes','GRP_M8YT1QV5JBMEV'),(366,'Sandu Marcu - TWO PERSON TEAM','España','Villanueva de los Infantes','GRP_M8YT1QV5YWPQB'),(367,'MARIE-ROSE GRANGE - PROFICIENT WOMEN','Francia','MIONS','GRP_M8YT1QV6BLOXM'),(368,'MARIE-ROSE GRANGE - VETERANS','Francia','MIONS','GRP_M8YT1QV6Z5DZO'),(369,'Marina Lindqvist - PROFICIENT WOMEN','Finland',NULL,'GRP_M8YT1QV6PHW16'),(370,'Marina Lindqvist - CLASSIC PAN','Finland',NULL,'GRP_M8YT1QV671ICN'),(371,'CANDELA VALLE BERDASCO - JUNIORS U-12','España','TINEO','GRP_M8YT1QV6UL2GU'),(372,'ELADIO VALLE RODRÍGUEZ - PROFICIENT MEN','España','TINEO','GRP_M8YT1QV6AE1AZ'),(373,'CHESNEAU Jean Pierre - General','ES',NULL,'GRP_M8YT1QV6WDAVP');
/*!40000 ALTER TABLE `grupos` ENABLE KEYS */;
UNLOCK TABLES;

--
-- Table structure for table `grupos_participantes`
--

DROP TABLE IF EXISTS `grupos_participantes`;
/*!40101 SET @saved_cs_client     = @@character_set_client */;
/*!50503 SET character_set_client = utf8mb4 */;
CREATE TABLE `grupos_participantes` (
  `grupo_id` bigint(20) unsigned NOT NULL,
  `participante_id` bigint(20) unsigned NOT NULL,
  PRIMARY KEY (`grupo_id`,`participante_id`),
  KEY `grupos_participantes_participante_id_foreign` (`participante_id`),
  CONSTRAINT `grupos_participantes_grupo_id_foreign` FOREIGN KEY (`grupo_id`) REFERENCES `grupos` (`id`) ON DELETE CASCADE,
  CONSTRAINT `grupos_participantes_participante_id_foreign` FOREIGN KEY (`participante_id`) REFERENCES `participantes` (`id`) ON DELETE CASCADE
) ENGINE=InnoDB DEFAULT CHARSET=utf8mb4 COLLATE=utf8mb4_unicode_ci;
/*!40101 SET character_set_client = @saved_cs_client */;

--
-- Dumping data for table `grupos_participantes`
--

LOCK TABLES `grupos_participantes` WRITE;
/*!40000 ALTER TABLE `grupos_participantes` DISABLE KEYS */;
INSERT INTO `grupos_participantes` VALUES (1,126),(1,217),(1,242),(1,261),(2,19),(3,109),(3,179),(4,81),(4,259),(5,115),(5,263),(5,294),(6,246),(6,277),(7,8),(7,45),(7,76),(7,154),(8,73),(9,97),(9,190),(9,286),(10,186),(11,110),(11,205),(11,271),(11,297),(12,147),(12,197),(13,130),(14,17),(14,73),(14,164),(14,234),(15,70),(15,222),(15,249),(15,288),(16,190),(16,202),(16,278),(17,132),(17,269),(17,275),(18,168),(18,286),(19,129),(19,202),(19,257),(20,76),(20,247),(21,65),(21,67),(21,144),(21,247),(22,1),(22,28),(22,73),(22,157),(23,148),(23,171),(23,211),(24,273),(25,39),(25,137),(26,51),(26,116),(27,82),(28,158),(28,175),(29,154),(30,22),(30,258),(30,296),(31,191),(32,110),(33,11),(33,18),(33,33),(33,263),(34,174),(34,194),(35,157),(35,172),(35,211),(36,113),(36,121),(36,131),(36,207),(37,209),(38,5),(38,125),(38,261),(39,180),(39,254),(40,115),(40,161),(40,188),(41,155),(41,256),(42,276),(43,138),(43,165),(43,176),(43,264),(44,102),(44,105),(44,132),(44,191),(45,284),(45,287),(46,7),(46,80),(46,195),(46,252),(47,38),(47,68),(47,238),(47,280),(48,6),(48,195),(48,220),(49,87),(49,100),(50,36),(50,174),(51,24),(51,223),(51,244),(52,217),(53,82),(53,174),(54,18),(54,238),(55,59),(55,89),(55,171),(55,178),(56,45),(56,175),(56,214),(57,33),(57,93),(57,203),(58,165),(59,48),(59,289),(60,38),(60,246),(61,167),(61,204),(62,9),(63,209),(64,218),(64,242),(64,285),(65,36),(65,128),(65,269),(66,34),(66,122),(66,185),(66,242),(67,167),(67,285),(68,23),(68,53),(68,89),(69,19),(69,21),(69,103),(70,27),(70,173),(70,217),(70,268),(71,117),(71,300),(72,55),(72,84),(72,247),(72,283),(73,126),(74,180),(74,189),(75,19),(75,88),(75,124),(75,266),(76,3),(76,81),(76,172),(76,276),(77,265),(78,37),(79,44),(79,144),(79,161),(79,263),(80,69),(80,113),(80,152),(81,3),(81,31),(81,212),(82,11),(82,17),(82,247),(83,192),(83,211),(83,243),(84,38),(84,239),(84,242),(84,292),(85,41),(85,79),(86,14),(86,124),(86,182),(86,231),(87,104),(87,193),(88,136),(88,180),(88,264),(89,29),(90,7),(90,57),(90,213),(91,15),(91,82),(91,252),(91,262),(92,265),(92,278),(93,200),(94,22),(94,61),(95,162),(96,71),(96,234),(97,192),(98,21),(98,58),(99,17),(99,27),(99,114),(100,89),(100,231),(100,265),(100,300),(101,32),(101,50),(102,116),(102,196),(103,122),(103,144),(103,237),(103,297),(104,36),(104,70),(104,91),(105,44),(105,126),(105,134),(105,256),(106,79),(106,164),(107,56),(107,250),(107,272),(108,105),(109,40),(109,299),(110,76),(110,194),(110,198),(110,238),(111,2),(112,146),(113,25),(113,195),(113,248),(114,176),(114,273),(115,97),(115,109),(116,298),(117,153),(117,236),(117,246),(117,250),(118,141),(118,182),(118,247),(119,195),(119,198),(120,116),(120,156),(120,227),(120,298),(121,237),(121,239),(122,35),(123,14),(123,22),(123,93),(123,174),(124,38),(124,169),(124,190),(125,83),(125,229),(126,67),(126,74),(126,293),(127,225),(127,273),(127,295),(128,26),(128,146),(128,277),(129,195),(130,113),(130,187),(130,216),(131,58),(132,16),(132,17),(132,18),(132,57),(133,89),(134,141),(134,202),(134,278),(135,197),(135,210),(136,168),(136,198),(137,141),(138,124),(138,299),(139,255),(140,73),(140,241),(141,23),(141,33),(141,134),(141,209),(142,32),(142,61),(142,211),(143,239),(144,152),(144,192),(144,262),(144,293),(145,8),(145,227),(145,242),(145,285),(146,37),(146,87),(146,269),(146,278),(147,84),(147,140),(147,273),(148,112),(148,187),(148,227),(148,295),(149,193),(149,258),(150,139),(150,212),(150,286),(151,301),(152,301),(153,301),(154,301),(155,301),(156,301),(157,301),(158,301),(159,301),(160,301),(161,301),(162,301),(163,302),(164,302),(165,302),(166,303),(167,304),(168,304),(169,304),(170,305),(171,306),(172,306),(173,306),(174,306),(175,306),(176,307),(177,307),(178,308),(179,308),(180,308),(181,308),(182,308),(183,308),(184,308),(185,309),(186,309),(187,309),(188,309),(189,309),(190,309),(191,309),(192,309),(193,309),(194,309),(195,309),(196,309),(197,309),(198,309),(199,309),(200,309),(201,309),(202,310),(203,310),(204,310),(205,310),(206,310),(207,310),(208,310),(209,310),(210,310),(211,311),(212,311),(213,311),(214,311),(215,311),(216,311),(217,311),(218,311),(219,311),(220,312),(221,312),(222,312),(223,312),(224,312),(225,312),(226,313),(227,313),(228,313),(229,313),(230,314),(231,314),(232,314),(233,314),(234,314),(235,314),(236,314),(237,315),(238,315),(239,315),(240,315),(241,315),(242,316),(243,316),(244,316),(245,316),(246,316),(247,316),(248,316),(249,316),(250,316),(251,316),(252,317),(253,317),(254,317),(255,318),(256,319),(257,319),(258,319),(259,319),(260,319),(261,319),(262,319),(263,319),(264,319),(265,320),(266,321),(267,322),(268,322),(269,322),(270,322),(271,322),(272,322),(273,323),(274,323),(275,323),(276,323),(277,323),(278,323),(279,324),(280,324),(281,324),(282,324),(283,324),(284,325),(285,326),(286,326),(287,326),(288,326),(289,326),(290,326),(291,326),(292,326),(293,326),(294,326),(295,326),(296,326),(297,326),(298,326),(299,326),(300,326),(301,327),(302,327),(303,327),(304,327),(305,327),(306,327),(307,327),(308,327),(309,327),(310,328),(311,329),(312,329),(313,329),(314,329),(315,329),(316,329),(317,329),(318,329),(319,329),(320,330),(321,330),(322,330),(323,330),(324,330),(325,330),(326,331),(327,331),(328,332),(329,332),(330,332),(331,332),(332,332),(333,332),(334,332),(335,332),(336,333),(337,333),(338,333),(339,334),(340,334),(341,334),(342,335),(343,336),(344,337),(345,338),(346,339),(347,339),(348,339),(349,339),(350,339),(351,339),(352,339),(353,340),(354,340),(355,340),(356,340),(357,340),(358,341),(359,341),(360,341),(361,341),(362,341),(363,341),(364,342),(365,342),(366,342),(367,343),(368,343),(369,344),(370,344),(371,345),(372,345),(373,346);
/*!40000 ALTER TABLE `grupos_participantes` ENABLE KEYS */;
UNLOCK TABLES;

--
-- Table structure for table `imagen_tag`
--

DROP TABLE IF EXISTS `imagen_tag`;
/*!40101 SET @saved_cs_client     = @@character_set_client */;
/*!50503 SET character_set_client = utf8mb4 */;
CREATE TABLE `imagen_tag` (
  `imagen_id` bigint(20) unsigned NOT NULL,
  `tag_id` bigint(20) unsigned NOT NULL,
  PRIMARY KEY (`imagen_id`,`tag_id`),
  KEY `imagen_tag_tag_id_foreign` (`tag_id`),
  CONSTRAINT `imagen_tag_imagen_id_foreign` FOREIGN KEY (`imagen_id`) REFERENCES `imagenes` (`id`) ON DELETE CASCADE,
  CONSTRAINT `imagen_tag_tag_id_foreign` FOREIGN KEY (`tag_id`) REFERENCES `tags` (`id`) ON DELETE CASCADE
) ENGINE=InnoDB DEFAULT CHARSET=utf8mb4 COLLATE=utf8mb4_unicode_ci;
/*!40101 SET character_set_client = @saved_cs_client */;

--
-- Dumping data for table `imagen_tag`
--

LOCK TABLES `imagen_tag` WRITE;
/*!40000 ALTER TABLE `imagen_tag` DISABLE KEYS */;
/*!40000 ALTER TABLE `imagen_tag` ENABLE KEYS */;
UNLOCK TABLES;

--
-- Table structure for table `imagenes`
--

DROP TABLE IF EXISTS `imagenes`;
/*!40101 SET @saved_cs_client     = @@character_set_client */;
/*!50503 SET character_set_client = utf8mb4 */;
CREATE TABLE `imagenes` (
  `id` bigint(20) unsigned NOT NULL AUTO_INCREMENT,
  `campeonato_id` bigint(20) unsigned NOT NULL,
  `nombre` varchar(255) NOT NULL,
  `descripcion` varchar(255) DEFAULT NULL,
  `ruta` varchar(255) NOT NULL,
  PRIMARY KEY (`id`),
  KEY `imagenes_campeonato_id_foreign` (`campeonato_id`),
  CONSTRAINT `imagenes_campeonato_id_foreign` FOREIGN KEY (`campeonato_id`) REFERENCES `campeonatos` (`id`) ON DELETE CASCADE
) ENGINE=InnoDB DEFAULT CHARSET=utf8mb4 COLLATE=utf8mb4_unicode_ci;
/*!40101 SET character_set_client = @saved_cs_client */;

--
-- Dumping data for table `imagenes`
--

LOCK TABLES `imagenes` WRITE;
/*!40000 ALTER TABLE `imagenes` DISABLE KEYS */;
/*!40000 ALTER TABLE `imagenes` ENABLE KEYS */;
UNLOCK TABLES;

--
-- Table structure for table `inscripciones`
--

DROP TABLE IF EXISTS `inscripciones`;
/*!40101 SET @saved_cs_client     = @@character_set_client */;
/*!50503 SET character_set_client = utf8mb4 */;
CREATE TABLE `inscripciones` (
  `competicion_id` bigint(20) unsigned NOT NULL,
  `grupo_id` bigint(20) unsigned NOT NULL,
  `numero_pedido` varchar(100) DEFAULT NULL,
  `confirmada` tinyint(1) NOT NULL DEFAULT 0,
  `euros` decimal(8,2) DEFAULT NULL,
  `pagado` tinyint(1) NOT NULL DEFAULT 0,
  `punto_venta` varchar(100) DEFAULT NULL,
  `observaciones` text DEFAULT NULL,
  PRIMARY KEY (`competicion_id`,`grupo_id`),
  KEY `inscripciones_grupos_fk` (`grupo_id`),
  CONSTRAINT `inscripciones_competiciones_fk` FOREIGN KEY (`competicion_id`) REFERENCES `competiciones` (`id`) ON DELETE CASCADE ON UPDATE CASCADE,
  CONSTRAINT `inscripciones_grupos_fk` FOREIGN KEY (`grupo_id`) REFERENCES `grupos` (`id`) ON DELETE CASCADE ON UPDATE CASCADE
) ENGINE=InnoDB DEFAULT CHARSET=utf8mb4 COLLATE=utf8mb4_unicode_ci;
/*!40101 SET character_set_client = @saved_cs_client */;

--
-- Dumping data for table `inscripciones`
--

LOCK TABLES `inscripciones` WRITE;
/*!40000 ALTER TABLE `inscripciones` DISABLE KEYS */;
INSERT INTO `inscripciones` VALUES (1,1,NULL,0,11.00,1,'TARJETA',NULL),(1,2,NULL,0,35.00,1,'PAGO MOA',NULL),(1,7,NULL,0,32.00,1,'TARJETA',NULL),(1,9,NULL,0,24.00,1,'PAGO MOA',NULL),(1,13,NULL,0,9.00,1,'TARJETA',NULL),(1,15,NULL,0,36.00,1,'TARJETA',NULL),(1,17,NULL,0,0.00,1,'TARJETA',NULL),(1,18,NULL,0,8.00,1,'TARJETA',NULL),(1,20,NULL,0,25.00,1,'PAGO MOA',NULL),(1,21,NULL,0,34.00,1,'PAGO MOA',NULL),(1,22,NULL,0,34.00,1,'PAGO MOA',NULL),(1,23,NULL,0,47.00,1,'PAGO MOA',NULL),(1,27,NULL,0,25.00,1,'PAGO MOA',NULL),(1,28,NULL,0,2.00,1,'TARJETA',NULL),(1,30,NULL,0,15.00,1,'PAGO MOA',NULL),(1,31,NULL,0,45.00,1,'PAGO MOA',NULL),(1,33,NULL,0,43.00,1,'TARJETA',NULL),(1,34,NULL,0,26.00,1,'TARJETA',NULL),(1,35,NULL,0,36.00,1,'PAGO MOA',NULL),(1,37,NULL,0,45.00,1,'TARJETA',NULL),(1,38,NULL,0,9.00,1,'TARJETA',NULL),(1,39,NULL,0,10.00,1,'TARJETA',NULL),(1,40,NULL,0,11.00,1,'TARJETA',NULL),(1,42,NULL,0,0.00,1,'TARJETA',NULL),(1,44,NULL,0,40.00,1,'TARJETA',NULL),(1,45,NULL,0,35.00,1,'TARJETA',NULL),(1,47,NULL,0,37.00,1,'TARJETA',NULL),(1,48,NULL,0,27.00,1,'TARJETA',NULL),(1,53,NULL,0,6.00,1,'TARJETA',NULL),(1,54,NULL,0,9.00,1,'TARJETA',NULL),(1,57,NULL,0,47.00,1,'TARJETA',NULL),(1,58,NULL,0,17.00,1,'TARJETA',NULL),(1,60,NULL,0,21.00,1,'TARJETA',NULL),(1,63,NULL,0,46.00,1,'PAGO MOA',NULL),(1,64,NULL,0,16.00,1,'TARJETA',NULL),(1,65,NULL,0,42.00,1,'PAGO MOA',NULL),(1,67,NULL,0,25.00,1,'PAGO MOA',NULL),(1,69,NULL,0,20.00,1,'PAGO MOA',NULL),(1,70,NULL,0,22.00,1,'TARJETA',NULL),(1,71,NULL,0,33.00,1,'PAGO MOA',NULL),(1,73,NULL,0,4.00,1,'PAGO MOA',NULL),(1,74,NULL,0,20.00,1,'TARJETA',NULL),(1,75,NULL,0,36.00,1,'PAGO MOA',NULL),(1,76,NULL,0,45.00,1,'TARJETA',NULL),(1,84,NULL,0,40.00,1,'TARJETA',NULL),(1,85,NULL,0,32.00,1,'PAGO MOA',NULL),(1,86,NULL,0,3.00,1,'PAGO MOA',NULL),(1,90,NULL,0,13.00,1,'PAGO MOA',NULL),(1,91,NULL,0,0.00,1,'PAGO MOA',NULL),(1,92,NULL,0,46.00,1,'TARJETA',NULL),(1,93,NULL,0,23.00,1,'TARJETA',NULL),(1,95,NULL,0,7.00,1,'PAGO MOA',NULL),(1,98,NULL,0,7.00,1,'PAGO MOA',NULL),(1,99,NULL,0,29.00,1,'PAGO MOA',NULL),(1,100,NULL,0,25.00,1,'TARJETA',NULL),(1,101,NULL,0,16.00,1,'PAGO MOA',NULL),(1,102,NULL,0,33.00,1,'PAGO MOA',NULL),(1,105,NULL,0,29.00,1,'PAGO MOA',NULL),(1,106,NULL,0,8.00,1,'PAGO MOA',NULL),(1,107,NULL,0,46.00,1,'PAGO MOA',NULL),(1,108,NULL,0,0.00,1,'TARJETA',NULL),(1,109,NULL,0,16.00,1,'TARJETA',NULL),(1,110,NULL,0,37.00,1,'PAGO MOA',NULL),(1,111,NULL,0,12.00,1,'TARJETA',NULL),(1,116,NULL,0,42.00,1,'TARJETA',NULL),(1,121,NULL,0,36.00,1,'TARJETA',NULL),(1,123,NULL,0,3.00,1,'TARJETA',NULL),(1,125,NULL,0,14.00,1,'PAGO MOA',NULL),(1,126,NULL,0,4.00,1,'PAGO MOA',NULL),(1,128,NULL,0,8.00,1,'PAGO MOA',NULL),(1,131,NULL,0,47.00,1,'PAGO MOA',NULL),(1,132,NULL,0,39.00,1,'TARJETA',NULL),(1,133,NULL,0,38.00,1,'PAGO MOA',NULL),(1,135,NULL,0,37.00,1,'PAGO MOA',NULL),(1,136,NULL,0,14.00,1,'TARJETA',NULL),(1,137,NULL,0,47.00,1,'PAGO MOA',NULL),(1,138,NULL,0,32.00,1,'TARJETA',NULL),(1,141,NULL,0,40.00,1,'TARJETA',NULL),(1,142,NULL,0,11.00,1,'PAGO MOA',NULL),(1,143,NULL,0,12.00,1,'TARJETA',NULL),(1,144,NULL,0,37.00,1,'PAGO MOA',NULL),(1,145,NULL,0,20.00,1,'PAGO MOA',NULL),(1,146,NULL,0,32.00,1,'PAGO MOA',NULL),(1,147,NULL,0,0.00,1,'TARJETA',NULL),(1,150,NULL,0,31.00,1,'TARJETA',NULL),(1,166,'25460',1,0.00,1,'CSV Import','Inscripción por defecto. Pedido: 25460'),(1,185,'25488',1,20.00,1,'CSV Import','Importado desde CSV. Pedido: 25488'),(1,265,'25510',1,0.00,1,'CSV Import','Inscripción por defecto. Pedido: 25510'),(1,266,'25514',1,0.00,1,'CSV Import','Inscripción por defecto. Pedido: 25514'),(1,284,'25521',1,0.00,1,'CSV Import','Importado desde CSV. Pedido: 25521'),(1,310,'25557',1,0.00,1,'CSV Import','Inscripción por defecto. Pedido: 25557'),(1,342,'25570',1,0.00,1,'CSV Import','Inscripción por defecto. Pedido: 25570'),(1,344,'25580',1,0.00,1,'CSV Import','Inscripción por defecto. Pedido: 25580'),(1,345,'25581',1,0.00,1,'CSV Import','Inscripción por defecto. Pedido: 25581'),(1,373,'25596',1,0.00,1,'CSV Import','Inscripción por defecto. Pedido: 25596'),(2,1,NULL,0,4.00,1,'PAGO MOA',NULL),(2,2,NULL,0,47.00,1,'PAGO MOA',NULL),(2,3,NULL,0,0.00,1,'TARJETA',NULL),(2,4,NULL,0,13.00,1,'PAGO MOA',NULL),(2,5,NULL,0,15.00,1,'PAGO MOA',NULL),(2,6,NULL,0,26.00,1,'PAGO MOA',NULL),(2,7,NULL,0,4.00,1,'TARJETA',NULL),(2,8,NULL,0,33.00,1,'PAGO MOA',NULL),(2,9,NULL,0,46.00,1,'PAGO MOA',NULL),(2,10,NULL,0,20.00,1,'PAGO MOA',NULL),(2,11,NULL,0,47.00,1,'TARJETA',NULL),(2,12,NULL,0,40.00,1,'TARJETA',NULL),(2,13,NULL,0,42.00,1,'PAGO MOA',NULL),(2,14,NULL,0,21.00,1,'TARJETA',NULL),(2,15,NULL,0,35.00,1,'TARJETA',NULL),(2,16,NULL,0,47.00,1,'TARJETA',NULL),(2,17,NULL,0,50.00,1,'TARJETA',NULL),(2,18,NULL,0,28.00,1,'PAGO MOA',NULL),(2,19,NULL,0,10.00,1,'TARJETA',NULL),(2,20,NULL,0,50.00,1,'TARJETA',NULL),(2,21,NULL,0,20.00,1,'PAGO MOA',NULL),(2,22,NULL,0,12.00,1,'TARJETA',NULL),(2,23,NULL,0,38.00,1,'TARJETA',NULL),(2,24,NULL,0,27.00,1,'PAGO MOA',NULL),(2,25,NULL,0,43.00,1,'TARJETA',NULL),(2,26,NULL,0,42.00,1,'TARJETA',NULL),(2,27,NULL,0,25.00,1,'PAGO MOA',NULL),(2,28,NULL,0,41.00,1,'TARJETA',NULL),(2,29,NULL,0,32.00,1,'PAGO MOA',NULL),(2,30,NULL,0,45.00,1,'TARJETA',NULL),(2,31,NULL,0,25.00,1,'PAGO MOA',NULL),(2,32,NULL,0,28.00,1,'TARJETA',NULL),(2,33,NULL,0,34.00,1,'PAGO MOA',NULL),(2,34,NULL,0,48.00,1,'TARJETA',NULL),(2,35,NULL,0,42.00,1,'TARJETA',NULL),(2,36,NULL,0,23.00,1,'PAGO MOA',NULL),(2,37,NULL,0,45.00,1,'TARJETA',NULL),(2,38,NULL,0,19.00,1,'PAGO MOA',NULL),(2,39,NULL,0,11.00,1,'PAGO MOA',NULL),(2,40,NULL,0,28.00,1,'PAGO MOA',NULL),(2,41,NULL,0,27.00,1,'PAGO MOA',NULL),(2,42,NULL,0,39.00,1,'PAGO MOA',NULL),(2,43,NULL,0,29.00,1,'PAGO MOA',NULL),(2,44,NULL,0,35.00,1,'PAGO MOA',NULL),(2,45,NULL,0,13.00,1,'TARJETA',NULL),(2,46,NULL,0,21.00,1,'TARJETA',NULL),(2,47,NULL,0,10.00,1,'PAGO MOA',NULL),(2,48,NULL,0,0.00,1,'PAGO MOA',NULL),(2,49,NULL,0,39.00,1,'TARJETA',NULL),(2,50,NULL,0,43.00,1,'PAGO MOA',NULL),(2,51,NULL,0,28.00,1,'PAGO MOA',NULL),(2,52,NULL,0,43.00,1,'PAGO MOA',NULL),(2,53,NULL,0,3.00,1,'PAGO MOA',NULL),(2,54,NULL,0,0.00,1,'TARJETA',NULL),(2,55,NULL,0,10.00,1,'PAGO MOA',NULL),(2,56,NULL,0,21.00,1,'TARJETA',NULL),(2,57,NULL,0,27.00,1,'PAGO MOA',NULL),(2,58,NULL,0,19.00,1,'PAGO MOA',NULL),(2,59,NULL,0,28.00,1,'PAGO MOA',NULL),(2,60,NULL,0,48.00,1,'TARJETA',NULL),(2,61,NULL,0,7.00,1,'PAGO MOA',NULL),(2,62,NULL,0,13.00,1,'TARJETA',NULL),(2,63,NULL,0,20.00,1,'PAGO MOA',NULL),(2,64,NULL,0,47.00,1,'TARJETA',NULL),(2,65,NULL,0,26.00,1,'PAGO MOA',NULL),(2,66,NULL,0,6.00,1,'TARJETA',NULL),(2,67,NULL,0,16.00,1,'PAGO MOA',NULL),(2,68,NULL,0,13.00,1,'TARJETA',NULL),(2,69,NULL,0,0.00,1,'PAGO MOA',NULL),(2,70,NULL,0,7.00,1,'TARJETA',NULL),(2,71,NULL,0,11.00,1,'PAGO MOA',NULL),(2,72,NULL,0,7.00,1,'TARJETA',NULL),(2,73,NULL,0,50.00,1,'TARJETA',NULL),(2,74,NULL,0,20.00,1,'TARJETA',NULL),(2,75,NULL,0,23.00,1,'PAGO MOA',NULL),(2,76,NULL,0,23.00,1,'TARJETA',NULL),(2,77,NULL,0,29.00,1,'TARJETA',NULL),(2,78,NULL,0,20.00,1,'PAGO MOA',NULL),(2,79,NULL,0,28.00,1,'PAGO MOA',NULL),(2,80,NULL,0,8.00,1,'TARJETA',NULL),(2,81,NULL,0,1.00,1,'PAGO MOA',NULL),(2,82,NULL,0,21.00,1,'TARJETA',NULL),(2,83,NULL,0,21.00,1,'PAGO MOA',NULL),(2,84,NULL,0,9.00,1,'TARJETA',NULL),(2,85,NULL,0,25.00,1,'TARJETA',NULL),(2,86,NULL,0,48.00,1,'PAGO MOA',NULL),(2,87,NULL,0,3.00,1,'TARJETA',NULL),(2,88,NULL,0,11.00,1,'TARJETA',NULL),(2,89,NULL,0,25.00,1,'TARJETA',NULL),(2,90,NULL,0,20.00,1,'PAGO MOA',NULL),(2,91,NULL,0,49.00,1,'PAGO MOA',NULL),(2,92,NULL,0,1.00,1,'TARJETA',NULL),(2,93,NULL,0,23.00,1,'TARJETA',NULL),(2,94,NULL,0,29.00,1,'TARJETA',NULL),(2,95,NULL,0,29.00,1,'TARJETA',NULL),(2,96,NULL,0,44.00,1,'PAGO MOA',NULL),(2,97,NULL,0,41.00,1,'PAGO MOA',NULL),(2,98,NULL,0,15.00,1,'PAGO MOA',NULL),(2,99,NULL,0,36.00,1,'TARJETA',NULL),(2,100,NULL,0,15.00,1,'PAGO MOA',NULL),(2,101,NULL,0,31.00,1,'TARJETA',NULL),(2,102,NULL,0,15.00,1,'PAGO MOA',NULL),(2,103,NULL,0,28.00,1,'TARJETA',NULL),(2,104,NULL,0,12.00,1,'PAGO MOA',NULL),(2,105,NULL,0,6.00,1,'TARJETA',NULL),(2,106,NULL,0,16.00,1,'TARJETA',NULL),(2,107,NULL,0,24.00,1,'PAGO MOA',NULL),(2,108,NULL,0,7.00,1,'PAGO MOA',NULL),(2,109,NULL,0,4.00,1,'TARJETA',NULL),(2,110,NULL,0,13.00,1,'PAGO MOA',NULL),(2,111,NULL,0,3.00,1,'TARJETA',NULL),(2,112,NULL,0,34.00,1,'TARJETA',NULL),(2,113,NULL,0,13.00,1,'PAGO MOA',NULL),(2,114,NULL,0,13.00,1,'TARJETA',NULL),(2,115,NULL,0,21.00,1,'PAGO MOA',NULL),(2,116,NULL,0,9.00,1,'PAGO MOA',NULL),(2,117,NULL,0,32.00,1,'TARJETA',NULL),(2,118,NULL,0,24.00,1,'PAGO MOA',NULL),(2,119,NULL,0,7.00,1,'PAGO MOA',NULL),(2,120,NULL,0,46.00,1,'TARJETA',NULL),(2,121,NULL,0,49.00,1,'PAGO MOA',NULL),(2,122,NULL,0,43.00,1,'PAGO MOA',NULL),(2,123,NULL,0,15.00,1,'TARJETA',NULL),(2,124,NULL,0,5.00,1,'TARJETA',NULL),(2,125,NULL,0,32.00,1,'PAGO MOA',NULL),(2,126,NULL,0,33.00,1,'PAGO MOA',NULL),(2,127,NULL,0,28.00,1,'PAGO MOA',NULL),(2,128,NULL,0,27.00,1,'PAGO MOA',NULL),(2,129,NULL,0,12.00,1,'PAGO MOA',NULL),(2,130,NULL,0,20.00,1,'TARJETA',NULL),(2,131,NULL,0,19.00,1,'PAGO MOA',NULL),(2,132,NULL,0,4.00,1,'TARJETA',NULL),(2,133,NULL,0,32.00,1,'TARJETA',NULL),(2,134,NULL,0,30.00,1,'PAGO MOA',NULL),(2,135,NULL,0,21.00,1,'TARJETA',NULL),(2,136,NULL,0,17.00,1,'TARJETA',NULL),(2,137,NULL,0,35.00,1,'TARJETA',NULL),(2,138,NULL,0,6.00,1,'PAGO MOA',NULL),(2,139,NULL,0,6.00,1,'PAGO MOA',NULL),(2,140,NULL,0,47.00,1,'TARJETA',NULL),(2,141,NULL,0,30.00,1,'TARJETA',NULL),(2,142,NULL,0,31.00,1,'PAGO MOA',NULL),(2,143,NULL,0,20.00,1,'PAGO MOA',NULL),(2,144,NULL,0,7.00,1,'PAGO MOA',NULL),(2,145,NULL,0,1.00,1,'PAGO MOA',NULL),(2,146,NULL,0,9.00,1,'PAGO MOA',NULL),(2,147,NULL,0,16.00,1,'PAGO MOA',NULL),(2,148,NULL,0,4.00,1,'TARJETA',NULL),(2,149,NULL,0,19.00,1,'PAGO MOA',NULL),(2,150,NULL,0,28.00,1,'TARJETA',NULL),(2,161,'25450',1,20.00,1,'CSV Import','Importado desde CSV. Pedido: 25450'),(2,162,'25450',1,20.00,1,'CSV Import','Importado desde CSV. Pedido: 25450'),(2,186,'25488',1,20.00,1,'CSV Import','Importado desde CSV. Pedido: 25488'),(2,187,'25488',1,40.00,1,'CSV Import','Importado desde CSV. Pedido: 25488'),(2,252,'25504',1,90.00,1,'CSV Import','Importado desde CSV. Pedido: 25504'),(2,315,'25559',1,40.00,1,'CSV Import','Importado desde CSV. Pedido: 25559'),(2,317,'25559',1,80.00,1,'CSV Import','Importado desde CSV. Pedido: 25559'),(2,371,'25595',1,20.00,1,'CSV Import','Importado desde CSV. Pedido: 25595'),(3,1,NULL,0,12.00,1,'TARJETA',NULL),(3,2,NULL,0,17.00,1,'TARJETA',NULL),(3,3,NULL,0,8.00,1,'TARJETA',NULL),(3,4,NULL,0,7.00,1,'TARJETA',NULL),(3,5,NULL,0,3.00,1,'TARJETA',NULL),(3,6,NULL,0,14.00,1,'TARJETA',NULL),(3,7,NULL,0,25.00,1,'PAGO MOA',NULL),(3,8,NULL,0,25.00,1,'TARJETA',NULL),(3,9,NULL,0,10.00,1,'PAGO MOA',NULL),(3,10,NULL,0,46.00,1,'PAGO MOA',NULL),(3,11,NULL,0,31.00,1,'PAGO MOA',NULL),(3,12,NULL,0,2.00,1,'PAGO MOA',NULL),(3,13,NULL,0,47.00,1,'TARJETA',NULL),(3,14,NULL,0,41.00,1,'TARJETA',NULL),(3,15,NULL,0,8.00,1,'PAGO MOA',NULL),(3,16,NULL,0,47.00,1,'PAGO MOA',NULL),(3,17,NULL,0,38.00,1,'PAGO MOA',NULL),(3,18,NULL,0,14.00,1,'PAGO MOA',NULL),(3,19,NULL,0,45.00,1,'PAGO MOA',NULL),(3,20,NULL,0,36.00,1,'PAGO MOA',NULL),(3,21,NULL,0,22.00,1,'PAGO MOA',NULL),(3,22,NULL,0,29.00,1,'TARJETA',NULL),(3,23,NULL,0,18.00,1,'PAGO MOA',NULL),(3,24,NULL,0,10.00,1,'TARJETA',NULL),(3,25,NULL,0,36.00,1,'TARJETA',NULL),(3,26,NULL,0,30.00,1,'TARJETA',NULL),(3,27,NULL,0,37.00,1,'TARJETA',NULL),(3,28,NULL,0,29.00,1,'PAGO MOA',NULL),(3,29,NULL,0,17.00,1,'TARJETA',NULL),(3,30,NULL,0,36.00,1,'TARJETA',NULL),(3,31,NULL,0,13.00,1,'TARJETA',NULL),(3,32,NULL,0,37.00,1,'PAGO MOA',NULL),(3,33,NULL,0,34.00,1,'TARJETA',NULL),(3,34,NULL,0,30.00,1,'PAGO MOA',NULL),(3,35,NULL,0,1.00,1,'PAGO MOA',NULL),(3,36,NULL,0,47.00,1,'PAGO MOA',NULL),(3,37,NULL,0,1.00,1,'TARJETA',NULL),(3,38,NULL,0,40.00,1,'PAGO MOA',NULL),(3,39,NULL,0,50.00,1,'TARJETA',NULL),(3,40,NULL,0,34.00,1,'PAGO MOA',NULL),(3,41,NULL,0,49.00,1,'TARJETA',NULL),(3,42,NULL,0,32.00,1,'TARJETA',NULL),(3,43,NULL,0,22.00,1,'TARJETA',NULL),(3,44,NULL,0,24.00,1,'TARJETA',NULL),(3,45,NULL,0,20.00,1,'PAGO MOA',NULL),(3,46,NULL,0,0.00,1,'TARJETA',NULL),(3,47,NULL,0,29.00,1,'PAGO MOA',NULL),(3,48,NULL,0,42.00,1,'PAGO MOA',NULL),(3,49,NULL,0,40.00,1,'PAGO MOA',NULL),(3,50,NULL,0,23.00,1,'PAGO MOA',NULL),(3,51,NULL,0,0.00,1,'TARJETA',NULL),(3,52,NULL,0,27.00,1,'PAGO MOA',NULL),(3,53,NULL,0,33.00,1,'PAGO MOA',NULL),(3,54,NULL,0,11.00,1,'PAGO MOA',NULL),(3,55,NULL,0,46.00,1,'TARJETA',NULL),(3,56,NULL,0,8.00,1,'PAGO MOA',NULL),(3,57,NULL,0,33.00,1,'TARJETA',NULL),(3,58,NULL,0,26.00,1,'TARJETA',NULL),(3,59,NULL,0,22.00,1,'PAGO MOA',NULL),(3,60,NULL,0,16.00,1,'TARJETA',NULL),(3,61,NULL,0,6.00,1,'PAGO MOA',NULL),(3,62,NULL,0,50.00,1,'PAGO MOA',NULL),(3,63,NULL,0,43.00,1,'PAGO MOA',NULL),(3,64,NULL,0,24.00,1,'TARJETA',NULL),(3,65,NULL,0,14.00,1,'PAGO MOA',NULL),(3,66,NULL,0,33.00,1,'PAGO MOA',NULL),(3,67,NULL,0,0.00,1,'TARJETA',NULL),(3,68,NULL,0,0.00,1,'TARJETA',NULL),(3,69,NULL,0,29.00,1,'PAGO MOA',NULL),(3,70,NULL,0,50.00,1,'TARJETA',NULL),(3,71,NULL,0,40.00,1,'TARJETA',NULL),(3,72,NULL,0,32.00,1,'TARJETA',NULL),(3,73,NULL,0,11.00,1,'TARJETA',NULL),(3,74,NULL,0,30.00,1,'PAGO MOA',NULL),(3,75,NULL,0,36.00,1,'TARJETA',NULL),(3,76,NULL,0,26.00,1,'PAGO MOA',NULL),(3,77,NULL,0,13.00,1,'PAGO MOA',NULL),(3,78,NULL,0,35.00,1,'PAGO MOA',NULL),(3,79,NULL,0,46.00,1,'TARJETA',NULL),(3,80,NULL,0,16.00,1,'PAGO MOA',NULL),(3,81,NULL,0,1.00,1,'TARJETA',NULL),(3,82,NULL,0,23.00,1,'PAGO MOA',NULL),(3,83,NULL,0,19.00,1,'PAGO MOA',NULL),(3,84,NULL,0,6.00,1,'TARJETA',NULL),(3,85,NULL,0,26.00,1,'TARJETA',NULL),(3,86,NULL,0,50.00,1,'TARJETA',NULL),(3,87,NULL,0,13.00,1,'PAGO MOA',NULL),(3,88,NULL,0,22.00,1,'TARJETA',NULL),(3,89,NULL,0,1.00,1,'TARJETA',NULL),(3,90,NULL,0,35.00,1,'TARJETA',NULL),(3,91,NULL,0,35.00,1,'PAGO MOA',NULL),(3,92,NULL,0,50.00,1,'PAGO MOA',NULL),(3,93,NULL,0,36.00,1,'PAGO MOA',NULL),(3,94,NULL,0,33.00,1,'TARJETA',NULL),(3,95,NULL,0,15.00,1,'TARJETA',NULL),(3,96,NULL,0,35.00,1,'PAGO MOA',NULL),(3,97,NULL,0,35.00,1,'TARJETA',NULL),(3,98,NULL,0,38.00,1,'TARJETA',NULL),(3,99,NULL,0,50.00,1,'PAGO MOA',NULL),(3,100,NULL,0,5.00,1,'PAGO MOA',NULL),(3,101,NULL,0,32.00,1,'TARJETA',NULL),(3,102,NULL,0,28.00,1,'TARJETA',NULL),(3,103,NULL,0,40.00,1,'TARJETA',NULL),(3,104,NULL,0,23.00,1,'PAGO MOA',NULL),(3,105,NULL,0,50.00,1,'PAGO MOA',NULL),(3,106,NULL,0,41.00,1,'PAGO MOA',NULL),(3,107,NULL,0,16.00,1,'TARJETA',NULL),(3,108,NULL,0,22.00,1,'TARJETA',NULL),(3,109,NULL,0,7.00,1,'TARJETA',NULL),(3,110,NULL,0,30.00,1,'TARJETA',NULL),(3,111,NULL,0,2.00,1,'TARJETA',NULL),(3,112,NULL,0,43.00,1,'PAGO MOA',NULL),(3,113,NULL,0,8.00,1,'TARJETA',NULL),(3,114,NULL,0,44.00,1,'PAGO MOA',NULL),(3,115,NULL,0,40.00,1,'PAGO MOA',NULL),(3,116,NULL,0,6.00,1,'PAGO MOA',NULL),(3,117,NULL,0,5.00,1,'TARJETA',NULL),(3,118,NULL,0,30.00,1,'PAGO MOA',NULL),(3,119,NULL,0,42.00,1,'PAGO MOA',NULL),(3,120,NULL,0,15.00,1,'PAGO MOA',NULL),(3,121,NULL,0,10.00,1,'PAGO MOA',NULL),(3,122,NULL,0,11.00,1,'PAGO MOA',NULL),(3,123,NULL,0,26.00,1,'PAGO MOA',NULL),(3,124,NULL,0,48.00,1,'TARJETA',NULL),(3,125,NULL,0,40.00,1,'TARJETA',NULL),(3,126,NULL,0,42.00,1,'TARJETA',NULL),(3,127,NULL,0,11.00,1,'PAGO MOA',NULL),(3,128,NULL,0,0.00,1,'TARJETA',NULL),(3,129,NULL,0,23.00,1,'PAGO MOA',NULL),(3,130,NULL,0,31.00,1,'TARJETA',NULL),(3,131,NULL,0,15.00,1,'PAGO MOA',NULL),(3,132,NULL,0,3.00,1,'PAGO MOA',NULL),(3,133,NULL,0,10.00,1,'TARJETA',NULL),(3,134,NULL,0,37.00,1,'PAGO MOA',NULL),(3,135,NULL,0,0.00,1,'TARJETA',NULL),(3,136,NULL,0,6.00,1,'TARJETA',NULL),(3,137,NULL,0,23.00,1,'TARJETA',NULL),(3,138,NULL,0,45.00,1,'TARJETA',NULL),(3,139,NULL,0,22.00,1,'PAGO MOA',NULL),(3,140,NULL,0,31.00,1,'PAGO MOA',NULL),(3,141,NULL,0,16.00,1,'TARJETA',NULL),(3,142,NULL,0,24.00,1,'TARJETA',NULL),(3,143,NULL,0,2.00,1,'PAGO MOA',NULL),(3,144,NULL,0,43.00,1,'PAGO MOA',NULL),(3,145,NULL,0,30.00,1,'TARJETA',NULL),(3,146,NULL,0,4.00,1,'PAGO MOA',NULL),(3,147,NULL,0,43.00,1,'TARJETA',NULL),(3,148,NULL,0,0.00,1,'TARJETA',NULL),(3,149,NULL,0,40.00,1,'TARJETA',NULL),(3,150,NULL,0,18.00,1,'PAGO MOA',NULL),(3,159,'25450',1,50.00,1,'CSV Import','Importado desde CSV. Pedido: 25450'),(3,169,'25473',1,20.00,1,'CSV Import','Importado desde CSV. Pedido: 25473'),(3,188,'25488',1,40.00,1,'CSV Import','Importado desde CSV. Pedido: 25488'),(3,295,'25531',1,90.00,1,'CSV Import','Importado desde CSV. Pedido: 25531'),(3,298,'25531',1,90.00,1,'CSV Import','Importado desde CSV. Pedido: 25531'),(3,316,'25559',1,40.00,1,'CSV Import','Importado desde CSV. Pedido: 25559'),(3,318,'25559',1,80.00,1,'CSV Import','Importado desde CSV. Pedido: 25559'),(3,352,'25585',1,20.00,1,'CSV Import','Importado desde CSV. Pedido: 25585'),(3,356,'25586',1,20.00,1,'CSV Import','Importado desde CSV. Pedido: 25586'),(4,1,NULL,0,36.00,1,'PAGO MOA',NULL),(4,2,NULL,0,16.00,1,'PAGO MOA',NULL),(4,3,NULL,0,35.00,1,'PAGO MOA',NULL),(4,4,NULL,0,46.00,1,'PAGO MOA',NULL),(4,5,NULL,0,43.00,1,'TARJETA',NULL),(4,6,NULL,0,4.00,1,'TARJETA',NULL),(4,7,NULL,0,0.00,1,'PAGO MOA',NULL),(4,8,NULL,0,46.00,1,'TARJETA',NULL),(4,9,NULL,0,5.00,1,'PAGO MOA',NULL),(4,10,NULL,0,24.00,1,'PAGO MOA',NULL),(4,11,NULL,0,48.00,1,'TARJETA',NULL),(4,12,NULL,0,37.00,1,'TARJETA',NULL),(4,13,NULL,0,13.00,1,'PAGO MOA',NULL),(4,14,NULL,0,6.00,1,'TARJETA',NULL),(4,15,NULL,0,28.00,1,'TARJETA',NULL),(4,16,NULL,0,22.00,1,'PAGO MOA',NULL),(4,17,NULL,0,27.00,1,'TARJETA',NULL),(4,18,NULL,0,45.00,1,'PAGO MOA',NULL),(4,19,NULL,0,43.00,1,'PAGO MOA',NULL),(4,20,NULL,0,31.00,1,'PAGO MOA',NULL),(4,21,NULL,0,35.00,1,'PAGO MOA',NULL),(4,22,NULL,0,5.00,1,'TARJETA',NULL),(4,23,NULL,0,8.00,1,'TARJETA',NULL),(4,24,NULL,0,45.00,1,'PAGO MOA',NULL),(4,25,NULL,0,20.00,1,'PAGO MOA',NULL),(4,26,NULL,0,26.00,1,'TARJETA',NULL),(4,27,NULL,0,39.00,1,'PAGO MOA',NULL),(4,28,NULL,0,0.00,1,'PAGO MOA',NULL),(4,29,NULL,0,26.00,1,'PAGO MOA',NULL),(4,30,NULL,0,50.00,1,'TARJETA',NULL),(4,31,NULL,0,20.00,1,'PAGO MOA',NULL),(4,32,NULL,0,28.00,1,'PAGO MOA',NULL),(4,33,NULL,0,25.00,1,'TARJETA',NULL),(4,34,NULL,0,41.00,1,'TARJETA',NULL),(4,35,NULL,0,19.00,1,'PAGO MOA',NULL),(4,36,NULL,0,23.00,1,'TARJETA',NULL),(4,37,NULL,0,4.00,1,'PAGO MOA',NULL),(4,38,NULL,0,27.00,1,'TARJETA',NULL),(4,39,NULL,0,27.00,1,'PAGO MOA',NULL),(4,40,NULL,0,19.00,1,'TARJETA',NULL),(4,41,NULL,0,0.00,1,'PAGO MOA',NULL),(4,42,NULL,0,23.00,1,'PAGO MOA',NULL),(4,43,NULL,0,17.00,1,'PAGO MOA',NULL),(4,44,NULL,0,8.00,1,'PAGO MOA',NULL),(4,45,NULL,0,23.00,1,'PAGO MOA',NULL),(4,46,NULL,0,46.00,1,'PAGO MOA',NULL),(4,47,NULL,0,38.00,1,'PAGO MOA',NULL),(4,48,NULL,0,33.00,1,'TARJETA',NULL),(4,49,NULL,0,50.00,1,'PAGO MOA',NULL),(4,50,NULL,0,33.00,1,'PAGO MOA',NULL),(4,51,NULL,0,27.00,1,'PAGO MOA',NULL),(4,52,NULL,0,23.00,1,'PAGO MOA',NULL),(4,53,NULL,0,14.00,1,'TARJETA',NULL),(4,54,NULL,0,43.00,1,'TARJETA',NULL),(4,55,NULL,0,14.00,1,'TARJETA',NULL),(4,56,NULL,0,49.00,1,'TARJETA',NULL),(4,57,NULL,0,46.00,1,'TARJETA',NULL),(4,58,NULL,0,42.00,1,'TARJETA',NULL),(4,59,NULL,0,16.00,1,'TARJETA',NULL),(4,60,NULL,0,43.00,1,'PAGO MOA',NULL),(4,61,NULL,0,41.00,1,'TARJETA',NULL),(4,62,NULL,0,6.00,1,'PAGO MOA',NULL),(4,63,NULL,0,25.00,1,'TARJETA',NULL),(4,64,NULL,0,44.00,1,'PAGO MOA',NULL),(4,65,NULL,0,49.00,1,'PAGO MOA',NULL),(4,66,NULL,0,37.00,1,'PAGO MOA',NULL),(4,67,NULL,0,43.00,1,'TARJETA',NULL),(4,68,NULL,0,47.00,1,'PAGO MOA',NULL),(4,69,NULL,0,45.00,1,'PAGO MOA',NULL),(4,70,NULL,0,38.00,1,'PAGO MOA',NULL),(4,71,NULL,0,3.00,1,'PAGO MOA',NULL),(4,72,NULL,0,6.00,1,'TARJETA',NULL),(4,73,NULL,0,33.00,1,'PAGO MOA',NULL),(4,74,NULL,0,33.00,1,'PAGO MOA',NULL),(4,75,NULL,0,23.00,1,'TARJETA',NULL),(4,76,NULL,0,11.00,1,'TARJETA',NULL),(4,77,NULL,0,15.00,1,'PAGO MOA',NULL),(4,78,NULL,0,43.00,1,'PAGO MOA',NULL),(4,79,NULL,0,27.00,1,'PAGO MOA',NULL),(4,80,NULL,0,48.00,1,'TARJETA',NULL),(4,81,NULL,0,0.00,1,'TARJETA',NULL),(4,82,NULL,0,26.00,1,'TARJETA',NULL),(4,83,NULL,0,38.00,1,'PAGO MOA',NULL),(4,84,NULL,0,31.00,1,'PAGO MOA',NULL),(4,85,NULL,0,11.00,1,'TARJETA',NULL),(4,86,NULL,0,36.00,1,'TARJETA',NULL),(4,87,NULL,0,31.00,1,'TARJETA',NULL),(4,88,NULL,0,9.00,1,'PAGO MOA',NULL),(4,89,NULL,0,26.00,1,'TARJETA',NULL),(4,90,NULL,0,35.00,1,'TARJETA',NULL),(4,91,NULL,0,17.00,1,'TARJETA',NULL),(4,92,NULL,0,41.00,1,'TARJETA',NULL),(4,93,NULL,0,6.00,1,'PAGO MOA',NULL),(4,94,NULL,0,7.00,1,'PAGO MOA',NULL),(4,95,NULL,0,38.00,1,'PAGO MOA',NULL),(4,96,NULL,0,43.00,1,'TARJETA',NULL),(4,97,NULL,0,39.00,1,'PAGO MOA',NULL),(4,98,NULL,0,23.00,1,'TARJETA',NULL),(4,99,NULL,0,16.00,1,'PAGO MOA',NULL),(4,100,NULL,0,50.00,1,'TARJETA',NULL),(4,101,NULL,0,20.00,1,'PAGO MOA',NULL),(4,102,NULL,0,13.00,1,'TARJETA',NULL),(4,103,NULL,0,27.00,1,'PAGO MOA',NULL),(4,104,NULL,0,47.00,1,'PAGO MOA',NULL),(4,105,NULL,0,34.00,1,'TARJETA',NULL),(4,106,NULL,0,16.00,1,'PAGO MOA',NULL),(4,107,NULL,0,45.00,1,'PAGO MOA',NULL),(4,108,NULL,0,26.00,1,'TARJETA',NULL),(4,109,NULL,0,10.00,1,'TARJETA',NULL),(4,110,NULL,0,46.00,1,'TARJETA',NULL),(4,111,NULL,0,4.00,1,'TARJETA',NULL),(4,112,NULL,0,8.00,1,'PAGO MOA',NULL),(4,113,NULL,0,36.00,1,'TARJETA',NULL),(4,114,NULL,0,21.00,1,'PAGO MOA',NULL),(4,115,NULL,0,13.00,1,'TARJETA',NULL),(4,116,NULL,0,17.00,1,'PAGO MOA',NULL),(4,117,NULL,0,10.00,1,'PAGO MOA',NULL),(4,118,NULL,0,23.00,1,'TARJETA',NULL),(4,119,NULL,0,0.00,1,'PAGO MOA',NULL),(4,120,NULL,0,32.00,1,'TARJETA',NULL),(4,121,NULL,0,19.00,1,'PAGO MOA',NULL),(4,122,NULL,0,14.00,1,'TARJETA',NULL),(4,123,NULL,0,24.00,1,'TARJETA',NULL),(4,124,NULL,0,10.00,1,'PAGO MOA',NULL),(4,125,NULL,0,8.00,1,'PAGO MOA',NULL),(4,126,NULL,0,18.00,1,'PAGO MOA',NULL),(4,127,NULL,0,41.00,1,'PAGO MOA',NULL),(4,128,NULL,0,19.00,1,'TARJETA',NULL),(4,129,NULL,0,44.00,1,'TARJETA',NULL),(4,130,NULL,0,26.00,1,'PAGO MOA',NULL),(4,131,NULL,0,18.00,1,'PAGO MOA',NULL),(4,132,NULL,0,14.00,1,'TARJETA',NULL),(4,133,NULL,0,28.00,1,'PAGO MOA',NULL),(4,134,NULL,0,11.00,1,'PAGO MOA',NULL),(4,135,NULL,0,2.00,1,'TARJETA',NULL),(4,136,NULL,0,50.00,1,'TARJETA',NULL),(4,137,NULL,0,32.00,1,'PAGO MOA',NULL),(4,138,NULL,0,48.00,1,'TARJETA',NULL),(4,139,NULL,0,37.00,1,'TARJETA',NULL),(4,140,NULL,0,26.00,1,'TARJETA',NULL),(4,141,NULL,0,8.00,1,'PAGO MOA',NULL),(4,142,NULL,0,14.00,1,'TARJETA',NULL),(4,143,NULL,0,33.00,1,'PAGO MOA',NULL),(4,144,NULL,0,45.00,1,'TARJETA',NULL),(4,145,NULL,0,40.00,1,'TARJETA',NULL),(4,146,NULL,0,33.00,1,'TARJETA',NULL),(4,147,NULL,0,1.00,1,'PAGO MOA',NULL),(4,148,NULL,0,18.00,1,'TARJETA',NULL),(4,149,NULL,0,8.00,1,'TARJETA',NULL),(4,150,NULL,0,19.00,1,'PAGO MOA',NULL),(4,151,'25450',1,275.00,1,'CSV Import','Importado desde CSV. Pedido: 25450'),(4,163,'25451',1,70.00,1,'CSV Import','Importado desde CSV. Pedido: 25451'),(4,167,'25473',1,70.00,1,'CSV Import','Importado desde CSV. Pedido: 25473'),(4,171,'25484',0,220.00,0,'CSV Import','Importado desde CSV. Pedido: 25484'),(4,178,'25487',0,250.00,0,'CSV Import','Importado desde CSV. Pedido: 25487'),(4,189,'25488',1,325.00,1,'CSV Import','Importado desde CSV. Pedido: 25488'),(4,202,'25490',1,160.00,1,'CSV Import','Importado desde CSV. Pedido: 25490'),(4,213,'25492',1,285.00,1,'CSV Import','Importado desde CSV. Pedido: 25492'),(4,223,'25493',1,100.00,1,'CSV Import','Importado desde CSV. Pedido: 25493'),(4,237,'25498',0,170.00,0,'CSV Import','Importado desde CSV. Pedido: 25498'),(4,242,'25499',1,260.00,1,'CSV Import','Importado desde CSV. Pedido: 25499'),(4,253,'25504',1,90.00,1,'CSV Import','Importado desde CSV. Pedido: 25504'),(4,255,'25506',1,30.00,1,'CSV Import','Importado desde CSV. Pedido: 25506'),(4,256,'25507',1,190.00,1,'CSV Import','Importado desde CSV. Pedido: 25507'),(4,267,'25516',1,70.00,1,'CSV Import','Importado desde CSV. Pedido: 25516'),(4,269,'25516',1,90.00,1,'CSV Import','Importado desde CSV. Pedido: 25516'),(4,275,'25517',0,160.00,0,'CSV Import','Importado desde CSV. Pedido: 25517'),(4,279,'25518',1,170.00,1,'CSV Import','Importado desde CSV. Pedido: 25518'),(4,285,'25531',1,265.00,1,'CSV Import','Importado desde CSV. Pedido: 25531'),(4,296,'25531',1,90.00,1,'CSV Import','Importado desde CSV. Pedido: 25531'),(4,299,'25531',1,90.00,1,'CSV Import','Importado desde CSV. Pedido: 25531'),(4,301,'25554',1,250.00,1,'CSV Import','Importado desde CSV. Pedido: 25554'),(4,308,'25554',1,60.00,1,'CSV Import','Importado desde CSV. Pedido: 25554'),(4,320,'25564',1,100.00,1,'CSV Import','Importado desde CSV. Pedido: 25564'),(4,325,'25564',1,30.00,1,'CSV Import','Importado desde CSV. Pedido: 25564'),(4,328,'25567',1,350.00,1,'CSV Import','Importado desde CSV. Pedido: 25567'),(4,339,'25569',1,165.00,1,'CSV Import','Importado desde CSV. Pedido: 25569'),(4,351,'25585',1,30.00,1,'CSV Import','Importado desde CSV. Pedido: 25585'),(4,364,'25590',1,100.00,1,'CSV Import','Importado desde CSV. Pedido: 25590'),(4,372,'25595',1,30.00,1,'CSV Import','Importado desde CSV. Pedido: 25595'),(5,2,NULL,0,6.00,1,'TARJETA',NULL),(5,4,NULL,0,44.00,1,'TARJETA',NULL),(5,5,NULL,0,21.00,1,'PAGO MOA',NULL),(5,6,NULL,0,28.00,1,'TARJETA',NULL),(5,7,NULL,0,26.00,1,'TARJETA',NULL),(5,8,NULL,0,6.00,1,'PAGO MOA',NULL),(5,9,NULL,0,24.00,1,'PAGO MOA',NULL),(5,10,NULL,0,46.00,1,'TARJETA',NULL),(5,11,NULL,0,19.00,1,'TARJETA',NULL),(5,12,NULL,0,48.00,1,'TARJETA',NULL),(5,13,NULL,0,37.00,1,'TARJETA',NULL),(5,14,NULL,0,4.00,1,'PAGO MOA',NULL),(5,15,NULL,0,30.00,1,'TARJETA',NULL),(5,16,NULL,0,29.00,1,'PAGO MOA',NULL),(5,17,NULL,0,4.00,1,'TARJETA',NULL),(5,18,NULL,0,41.00,1,'PAGO MOA',NULL),(5,19,NULL,0,36.00,1,'PAGO MOA',NULL),(5,20,NULL,0,48.00,1,'PAGO MOA',NULL),(5,21,NULL,0,28.00,1,'PAGO MOA',NULL),(5,22,NULL,0,20.00,1,'PAGO MOA',NULL),(5,23,NULL,0,9.00,1,'TARJETA',NULL),(5,24,NULL,0,23.00,1,'TARJETA',NULL),(5,25,NULL,0,4.00,1,'PAGO MOA',NULL),(5,26,NULL,0,24.00,1,'TARJETA',NULL),(5,27,NULL,0,1.00,1,'TARJETA',NULL),(5,28,NULL,0,36.00,1,'PAGO MOA',NULL),(5,29,NULL,0,29.00,1,'TARJETA',NULL),(5,30,NULL,0,35.00,1,'PAGO MOA',NULL),(5,31,NULL,0,32.00,1,'PAGO MOA',NULL),(5,32,NULL,0,3.00,1,'PAGO MOA',NULL),(5,33,NULL,0,7.00,1,'TARJETA',NULL),(5,34,NULL,0,35.00,1,'TARJETA',NULL),(5,35,NULL,0,31.00,1,'PAGO MOA',NULL),(5,36,NULL,0,5.00,1,'PAGO MOA',NULL),(5,37,NULL,0,42.00,1,'TARJETA',NULL),(5,38,NULL,0,10.00,1,'PAGO MOA',NULL),(5,39,NULL,0,40.00,1,'PAGO MOA',NULL),(5,40,NULL,0,38.00,1,'TARJETA',NULL),(5,41,NULL,0,31.00,1,'TARJETA',NULL),(5,42,NULL,0,29.00,1,'PAGO MOA',NULL),(5,43,NULL,0,44.00,1,'PAGO MOA',NULL),(5,44,NULL,0,42.00,1,'TARJETA',NULL),(5,45,NULL,0,13.00,1,'TARJETA',NULL),(5,46,NULL,0,34.00,1,'TARJETA',NULL),(5,47,NULL,0,48.00,1,'PAGO MOA',NULL),(5,48,NULL,0,0.00,1,'TARJETA',NULL),(5,49,NULL,0,17.00,1,'PAGO MOA',NULL),(5,50,NULL,0,11.00,1,'TARJETA',NULL),(5,51,NULL,0,18.00,1,'TARJETA',NULL),(5,52,NULL,0,27.00,1,'TARJETA',NULL),(5,53,NULL,0,3.00,1,'TARJETA',NULL),(5,54,NULL,0,35.00,1,'PAGO MOA',NULL),(5,55,NULL,0,17.00,1,'TARJETA',NULL),(5,56,NULL,0,41.00,1,'PAGO MOA',NULL),(5,57,NULL,0,13.00,1,'TARJETA',NULL),(5,58,NULL,0,32.00,1,'TARJETA',NULL),(5,59,NULL,0,38.00,1,'TARJETA',NULL),(5,60,NULL,0,43.00,1,'TARJETA',NULL),(5,61,NULL,0,21.00,1,'PAGO MOA',NULL),(5,62,NULL,0,12.00,1,'PAGO MOA',NULL),(5,63,NULL,0,48.00,1,'TARJETA',NULL),(5,64,NULL,0,10.00,1,'TARJETA',NULL),(5,65,NULL,0,9.00,1,'PAGO MOA',NULL),(5,66,NULL,0,31.00,1,'PAGO MOA',NULL),(5,67,NULL,0,5.00,1,'PAGO MOA',NULL),(5,68,NULL,0,4.00,1,'TARJETA',NULL),(5,69,NULL,0,42.00,1,'PAGO MOA',NULL),(5,70,NULL,0,3.00,1,'PAGO MOA',NULL),(5,71,NULL,0,25.00,1,'PAGO MOA',NULL),(5,72,NULL,0,20.00,1,'TARJETA',NULL),(5,73,NULL,0,13.00,1,'PAGO MOA',NULL),(5,74,NULL,0,1.00,1,'PAGO MOA',NULL),(5,75,NULL,0,15.00,1,'PAGO MOA',NULL),(5,76,NULL,0,36.00,1,'PAGO MOA',NULL),(5,77,NULL,0,18.00,1,'PAGO MOA',NULL),(5,78,NULL,0,20.00,1,'PAGO MOA',NULL),(5,79,NULL,0,36.00,1,'PAGO MOA',NULL),(5,80,NULL,0,35.00,1,'TARJETA',NULL),(5,81,NULL,0,12.00,1,'PAGO MOA',NULL),(5,82,NULL,0,23.00,1,'TARJETA',NULL),(5,83,NULL,0,28.00,1,'TARJETA',NULL),(5,84,NULL,0,17.00,1,'TARJETA',NULL),(5,86,NULL,0,23.00,1,'PAGO MOA',NULL),(5,87,NULL,0,4.00,1,'TARJETA',NULL),(5,88,NULL,0,33.00,1,'TARJETA',NULL),(5,89,NULL,0,23.00,1,'PAGO MOA',NULL),(5,90,NULL,0,14.00,1,'TARJETA',NULL),(5,91,NULL,0,11.00,1,'PAGO MOA',NULL),(5,92,NULL,0,15.00,1,'PAGO MOA',NULL),(5,93,NULL,0,26.00,1,'PAGO MOA',NULL),(5,94,NULL,0,14.00,1,'PAGO MOA',NULL),(5,95,NULL,0,10.00,1,'TARJETA',NULL),(5,96,NULL,0,42.00,1,'PAGO MOA',NULL),(5,97,NULL,0,14.00,1,'PAGO MOA',NULL),(5,98,NULL,0,9.00,1,'TARJETA',NULL),(5,99,NULL,0,35.00,1,'TARJETA',NULL),(5,100,NULL,0,50.00,1,'TARJETA',NULL),(5,101,NULL,0,21.00,1,'TARJETA',NULL),(5,102,NULL,0,5.00,1,'TARJETA',NULL),(5,104,NULL,0,4.00,1,'PAGO MOA',NULL),(5,106,NULL,0,25.00,1,'PAGO MOA',NULL),(5,107,NULL,0,46.00,1,'TARJETA',NULL),(5,108,NULL,0,47.00,1,'TARJETA',NULL),(5,109,NULL,0,45.00,1,'TARJETA',NULL),(5,110,NULL,0,2.00,1,'TARJETA',NULL),(5,111,NULL,0,10.00,1,'PAGO MOA',NULL),(5,113,NULL,0,44.00,1,'PAGO MOA',NULL),(5,114,NULL,0,44.00,1,'TARJETA',NULL),(5,115,NULL,0,46.00,1,'PAGO MOA',NULL),(5,116,NULL,0,40.00,1,'PAGO MOA',NULL),(5,117,NULL,0,12.00,1,'TARJETA',NULL),(5,118,NULL,0,43.00,1,'PAGO MOA',NULL),(5,119,NULL,0,27.00,1,'TARJETA',NULL),(5,120,NULL,0,49.00,1,'PAGO MOA',NULL),(5,121,NULL,0,19.00,1,'TARJETA',NULL),(5,122,NULL,0,47.00,1,'PAGO MOA',NULL),(5,123,NULL,0,41.00,1,'TARJETA',NULL),(5,124,NULL,0,47.00,1,'TARJETA',NULL),(5,125,NULL,0,3.00,1,'PAGO MOA',NULL),(5,126,NULL,0,46.00,1,'PAGO MOA',NULL),(5,127,NULL,0,1.00,1,'PAGO MOA',NULL),(5,128,NULL,0,4.00,1,'TARJETA',NULL),(5,129,NULL,0,4.00,1,'PAGO MOA',NULL),(5,130,NULL,0,46.00,1,'TARJETA',NULL),(5,131,NULL,0,38.00,1,'TARJETA',NULL),(5,132,NULL,0,2.00,1,'PAGO MOA',NULL),(5,133,NULL,0,18.00,1,'PAGO MOA',NULL),(5,134,NULL,0,27.00,1,'PAGO MOA',NULL),(5,136,NULL,0,20.00,1,'TARJETA',NULL),(5,137,NULL,0,6.00,1,'PAGO MOA',NULL),(5,138,NULL,0,3.00,1,'PAGO MOA',NULL),(5,139,NULL,0,4.00,1,'PAGO MOA',NULL),(5,140,NULL,0,1.00,1,'TARJETA',NULL),(5,141,NULL,0,14.00,1,'TARJETA',NULL),(5,142,NULL,0,27.00,1,'PAGO MOA',NULL),(5,143,NULL,0,18.00,1,'TARJETA',NULL),(5,144,NULL,0,49.00,1,'TARJETA',NULL),(5,145,NULL,0,41.00,1,'PAGO MOA',NULL),(5,146,NULL,0,44.00,1,'TARJETA',NULL),(5,147,NULL,0,39.00,1,'TARJETA',NULL),(5,148,NULL,0,48.00,1,'PAGO MOA',NULL),(5,149,NULL,0,13.00,1,'TARJETA',NULL),(5,150,NULL,0,37.00,1,'PAGO MOA',NULL),(5,157,'25450',1,90.00,1,'CSV Import','Importado desde CSV. Pedido: 25450'),(5,160,'25450',1,50.00,1,'CSV Import','Importado desde CSV. Pedido: 25450'),(5,165,'25451',1,30.00,1,'CSV Import','Importado desde CSV. Pedido: 25451'),(5,176,'25486',1,50.00,1,'CSV Import','Importado desde CSV. Pedido: 25486'),(5,197,'25488',1,80.00,1,'CSV Import','Importado desde CSV. Pedido: 25488'),(5,207,'25490',1,180.00,1,'CSV Import','Importado desde CSV. Pedido: 25490'),(5,211,'25492',1,60.00,1,'CSV Import','Importado desde CSV. Pedido: 25492'),(5,220,'25493',1,100.00,1,'CSV Import','Importado desde CSV. Pedido: 25493'),(5,226,'25496',1,160.00,1,'CSV Import','Importado desde CSV. Pedido: 25496'),(5,230,'25497',1,250.00,1,'CSV Import','Importado desde CSV. Pedido: 25497'),(5,248,'25499',1,210.00,1,'CSV Import','Importado desde CSV. Pedido: 25499'),(5,261,'25507',1,110.00,1,'CSV Import','Importado desde CSV. Pedido: 25507'),(5,271,'25516',1,105.00,1,'CSV Import','Importado desde CSV. Pedido: 25516'),(5,273,'25517',0,60.00,0,'CSV Import','Importado desde CSV. Pedido: 25517'),(5,292,'25531',1,80.00,1,'CSV Import','Importado desde CSV. Pedido: 25531'),(5,311,'25559',1,175.00,1,'CSV Import','Importado desde CSV. Pedido: 25559'),(5,323,'25564',1,60.00,1,'CSV Import','Importado desde CSV. Pedido: 25564'),(5,326,'25565',1,70.00,1,'CSV Import','Importado desde CSV. Pedido: 25565'),(5,336,'25568',1,80.00,1,'CSV Import','Importado desde CSV. Pedido: 25568'),(5,346,'25585',1,215.00,1,'CSV Import','Importado desde CSV. Pedido: 25585'),(5,358,'25589',1,210.00,1,'CSV Import','Importado desde CSV. Pedido: 25589'),(5,367,'25591',1,60.00,1,'CSV Import','Importado desde CSV. Pedido: 25591'),(5,369,'25593',0,60.00,0,'CSV Import','Importado desde CSV. Pedido: 25593'),(6,1,NULL,0,32.00,1,'PAGO MOA',NULL),(6,2,NULL,0,16.00,1,'TARJETA',NULL),(6,4,NULL,0,10.00,1,'TARJETA',NULL),(6,5,NULL,0,3.00,1,'PAGO MOA',NULL),(6,6,NULL,0,9.00,1,'TARJETA',NULL),(6,8,NULL,0,39.00,1,'TARJETA',NULL),(6,12,NULL,0,27.00,1,'TARJETA',NULL),(6,15,NULL,0,15.00,1,'PAGO MOA',NULL),(6,18,NULL,0,39.00,1,'TARJETA',NULL),(6,19,NULL,0,26.00,1,'PAGO MOA',NULL),(6,20,NULL,0,31.00,1,'TARJETA',NULL),(6,22,NULL,0,33.00,1,'TARJETA',NULL),(6,24,NULL,0,16.00,1,'PAGO MOA',NULL),(6,26,NULL,0,20.00,1,'PAGO MOA',NULL),(6,27,NULL,0,18.00,1,'TARJETA',NULL),(6,29,NULL,0,29.00,1,'PAGO MOA',NULL),(6,30,NULL,0,38.00,1,'PAGO MOA',NULL),(6,31,NULL,0,13.00,1,'TARJETA',NULL),(6,32,NULL,0,41.00,1,'PAGO MOA',NULL),(6,34,NULL,0,30.00,1,'TARJETA',NULL),(6,35,NULL,0,46.00,1,'PAGO MOA',NULL),(6,36,NULL,0,34.00,1,'PAGO MOA',NULL),(6,37,NULL,0,4.00,1,'TARJETA',NULL),(6,38,NULL,0,25.00,1,'PAGO MOA',NULL),(6,40,NULL,0,46.00,1,'TARJETA',NULL),(6,42,NULL,0,22.00,1,'PAGO MOA',NULL),(6,46,NULL,0,26.00,1,'PAGO MOA',NULL),(6,47,NULL,0,1.00,1,'PAGO MOA',NULL),(6,48,NULL,0,19.00,1,'TARJETA',NULL),(6,49,NULL,0,36.00,1,'TARJETA',NULL),(6,50,NULL,0,30.00,1,'TARJETA',NULL),(6,51,NULL,0,25.00,1,'PAGO MOA',NULL),(6,52,NULL,0,1.00,1,'TARJETA',NULL),(6,54,NULL,0,30.00,1,'PAGO MOA',NULL),(6,55,NULL,0,45.00,1,'PAGO MOA',NULL),(6,56,NULL,0,26.00,1,'PAGO MOA',NULL),(6,58,NULL,0,26.00,1,'TARJETA',NULL),(6,60,NULL,0,50.00,1,'PAGO MOA',NULL),(6,61,NULL,0,48.00,1,'TARJETA',NULL),(6,62,NULL,0,39.00,1,'PAGO MOA',NULL),(6,63,NULL,0,14.00,1,'TARJETA',NULL),(6,65,NULL,0,33.00,1,'TARJETA',NULL),(6,67,NULL,0,15.00,1,'TARJETA',NULL),(6,68,NULL,0,18.00,1,'TARJETA',NULL),(6,69,NULL,0,44.00,1,'PAGO MOA',NULL),(6,70,NULL,0,14.00,1,'PAGO MOA',NULL),(6,71,NULL,0,50.00,1,'TARJETA',NULL),(6,73,NULL,0,32.00,1,'PAGO MOA',NULL),(6,75,NULL,0,37.00,1,'PAGO MOA',NULL),(6,76,NULL,0,13.00,1,'PAGO MOA',NULL),(6,78,NULL,0,7.00,1,'TARJETA',NULL),(6,80,NULL,0,6.00,1,'TARJETA',NULL),(6,84,NULL,0,26.00,1,'TARJETA',NULL),(6,85,NULL,0,0.00,1,'PAGO MOA',NULL),(6,86,NULL,0,3.00,1,'TARJETA',NULL),(6,88,NULL,0,23.00,1,'TARJETA',NULL),(6,89,NULL,0,27.00,1,'TARJETA',NULL),(6,90,NULL,0,27.00,1,'PAGO MOA',NULL),(6,91,NULL,0,0.00,1,'PAGO MOA',NULL),(6,93,NULL,0,24.00,1,'TARJETA',NULL),(6,94,NULL,0,44.00,1,'TARJETA',NULL),(6,95,NULL,0,0.00,1,'TARJETA',NULL),(6,96,NULL,0,23.00,1,'PAGO MOA',NULL),(6,97,NULL,0,0.00,1,'TARJETA',NULL),(6,98,NULL,0,4.00,1,'PAGO MOA',NULL),(6,99,NULL,0,13.00,1,'TARJETA',NULL),(6,105,NULL,0,23.00,1,'PAGO MOA',NULL),(6,106,NULL,0,9.00,1,'TARJETA',NULL),(6,108,NULL,0,7.00,1,'TARJETA',NULL),(6,109,NULL,0,26.00,1,'PAGO MOA',NULL),(6,114,NULL,0,37.00,1,'PAGO MOA',NULL),(6,115,NULL,0,35.00,1,'PAGO MOA',NULL),(6,116,NULL,0,45.00,1,'TARJETA',NULL),(6,119,NULL,0,28.00,1,'PAGO MOA',NULL),(6,120,NULL,0,18.00,1,'TARJETA',NULL),(6,121,NULL,0,42.00,1,'PAGO MOA',NULL),(6,122,NULL,0,8.00,1,'TARJETA',NULL),(6,124,NULL,0,49.00,1,'PAGO MOA',NULL),(6,125,NULL,0,23.00,1,'PAGO MOA',NULL),(6,126,NULL,0,25.00,1,'PAGO MOA',NULL),(6,127,NULL,0,21.00,1,'PAGO MOA',NULL),(6,128,NULL,0,43.00,1,'PAGO MOA',NULL),(6,130,NULL,0,16.00,1,'TARJETA',NULL),(6,133,NULL,0,32.00,1,'TARJETA',NULL),(6,134,NULL,0,46.00,1,'PAGO MOA',NULL),(6,136,NULL,0,45.00,1,'PAGO MOA',NULL),(6,138,NULL,0,28.00,1,'PAGO MOA',NULL),(6,140,NULL,0,35.00,1,'PAGO MOA',NULL),(6,141,NULL,0,26.00,1,'TARJETA',NULL),(6,142,NULL,0,3.00,1,'TARJETA',NULL),(6,144,NULL,0,46.00,1,'PAGO MOA',NULL),(6,145,NULL,0,15.00,1,'PAGO MOA',NULL),(6,148,NULL,0,25.00,1,'TARJETA',NULL),(6,149,NULL,0,28.00,1,'TARJETA',NULL),(6,150,NULL,0,9.00,1,'TARJETA',NULL),(6,343,'25576',1,0.00,1,'CSV Import','Importado desde CSV. Pedido: 25576'),(6,368,'25591',1,60.00,1,'CSV Import','Importado desde CSV. Pedido: 25591'),(7,1,NULL,0,28.00,1,'TARJETA',NULL),(7,2,NULL,0,24.00,1,'PAGO MOA',NULL),(7,3,NULL,0,18.00,1,'PAGO MOA',NULL),(7,4,NULL,0,18.00,1,'PAGO MOA',NULL),(7,5,NULL,0,44.00,1,'PAGO MOA',NULL),(7,6,NULL,0,35.00,1,'PAGO MOA',NULL),(7,7,NULL,0,19.00,1,'PAGO MOA',NULL),(7,8,NULL,0,0.00,1,'PAGO MOA',NULL),(7,10,NULL,0,10.00,1,'TARJETA',NULL),(7,12,NULL,0,42.00,1,'TARJETA',NULL),(7,13,NULL,0,49.00,1,'PAGO MOA',NULL),(7,14,NULL,0,9.00,1,'PAGO MOA',NULL),(7,15,NULL,0,1.00,1,'PAGO MOA',NULL),(7,16,NULL,0,47.00,1,'TARJETA',NULL),(7,17,NULL,0,49.00,1,'PAGO MOA',NULL),(7,18,NULL,0,47.00,1,'PAGO MOA',NULL),(7,19,NULL,0,28.00,1,'PAGO MOA',NULL),(7,20,NULL,0,8.00,1,'TARJETA',NULL),(7,21,NULL,0,18.00,1,'PAGO MOA',NULL),(7,25,NULL,0,30.00,1,'TARJETA',NULL),(7,28,NULL,0,8.00,1,'PAGO MOA',NULL),(7,29,NULL,0,28.00,1,'PAGO MOA',NULL),(7,31,NULL,0,18.00,1,'PAGO MOA',NULL),(7,32,NULL,0,8.00,1,'TARJETA',NULL),(7,33,NULL,0,28.00,1,'PAGO MOA',NULL),(7,34,NULL,0,37.00,1,'PAGO MOA',NULL),(7,35,NULL,0,33.00,1,'PAGO MOA',NULL),(7,36,NULL,0,5.00,1,'PAGO MOA',NULL),(7,37,NULL,0,47.00,1,'PAGO MOA',NULL),(7,38,NULL,0,35.00,1,'PAGO MOA',NULL),(7,40,NULL,0,48.00,1,'TARJETA',NULL),(7,41,NULL,0,46.00,1,'PAGO MOA',NULL),(7,42,NULL,0,12.00,1,'TARJETA',NULL),(7,44,NULL,0,10.00,1,'TARJETA',NULL),(7,45,NULL,0,30.00,1,'PAGO MOA',NULL),(7,46,NULL,0,46.00,1,'TARJETA',NULL),(7,47,NULL,0,6.00,1,'PAGO MOA',NULL),(7,48,NULL,0,3.00,1,'TARJETA',NULL),(7,49,NULL,0,14.00,1,'PAGO MOA',NULL),(7,50,NULL,0,39.00,1,'TARJETA',NULL),(7,51,NULL,0,30.00,1,'PAGO MOA',NULL),(7,54,NULL,0,14.00,1,'PAGO MOA',NULL),(7,56,NULL,0,3.00,1,'PAGO MOA',NULL),(7,57,NULL,0,27.00,1,'PAGO MOA',NULL),(7,58,NULL,0,7.00,1,'TARJETA',NULL),(7,61,NULL,0,38.00,1,'PAGO MOA',NULL),(7,64,NULL,0,39.00,1,'PAGO MOA',NULL),(7,67,NULL,0,4.00,1,'PAGO MOA',NULL),(7,68,NULL,0,19.00,1,'TARJETA',NULL),(7,69,NULL,0,41.00,1,'PAGO MOA',NULL),(7,72,NULL,0,25.00,1,'TARJETA',NULL),(7,73,NULL,0,44.00,1,'PAGO MOA',NULL),(7,74,NULL,0,28.00,1,'TARJETA',NULL),(7,75,NULL,0,37.00,1,'PAGO MOA',NULL),(7,77,NULL,0,14.00,1,'TARJETA',NULL),(7,80,NULL,0,23.00,1,'PAGO MOA',NULL),(7,81,NULL,0,10.00,1,'PAGO MOA',NULL),(7,82,NULL,0,48.00,1,'PAGO MOA',NULL),(7,85,NULL,0,0.00,1,'TARJETA',NULL),(7,86,NULL,0,36.00,1,'PAGO MOA',NULL),(7,87,NULL,0,38.00,1,'TARJETA',NULL),(7,89,NULL,0,9.00,1,'TARJETA',NULL),(7,90,NULL,0,34.00,1,'TARJETA',NULL),(7,91,NULL,0,5.00,1,'PAGO MOA',NULL),(7,92,NULL,0,29.00,1,'TARJETA',NULL),(7,95,NULL,0,1.00,1,'TARJETA',NULL),(7,99,NULL,0,25.00,1,'PAGO MOA',NULL),(7,100,NULL,0,37.00,1,'TARJETA',NULL),(7,101,NULL,0,31.00,1,'PAGO MOA',NULL),(7,103,NULL,0,19.00,1,'PAGO MOA',NULL),(7,104,NULL,0,26.00,1,'PAGO MOA',NULL),(7,106,NULL,0,16.00,1,'TARJETA',NULL),(7,107,NULL,0,44.00,1,'PAGO MOA',NULL),(7,108,NULL,0,28.00,1,'TARJETA',NULL),(7,110,NULL,0,21.00,1,'TARJETA',NULL),(7,111,NULL,0,13.00,1,'TARJETA',NULL),(7,112,NULL,0,20.00,1,'TARJETA',NULL),(7,113,NULL,0,50.00,1,'TARJETA',NULL),(7,114,NULL,0,45.00,1,'TARJETA',NULL),(7,115,NULL,0,24.00,1,'PAGO MOA',NULL),(7,116,NULL,0,16.00,1,'PAGO MOA',NULL),(7,117,NULL,0,17.00,1,'TARJETA',NULL),(7,118,NULL,0,20.00,1,'TARJETA',NULL),(7,119,NULL,0,4.00,1,'TARJETA',NULL),(7,120,NULL,0,24.00,1,'PAGO MOA',NULL),(7,121,NULL,0,7.00,1,'TARJETA',NULL),(7,123,NULL,0,20.00,1,'TARJETA',NULL),(7,124,NULL,0,40.00,1,'PAGO MOA',NULL),(7,125,NULL,0,36.00,1,'PAGO MOA',NULL),(7,126,NULL,0,37.00,1,'TARJETA',NULL),(7,127,NULL,0,18.00,1,'PAGO MOA',NULL),(7,129,NULL,0,30.00,1,'TARJETA',NULL),(7,130,NULL,0,30.00,1,'TARJETA',NULL),(7,133,NULL,0,38.00,1,'PAGO MOA',NULL),(7,134,NULL,0,18.00,1,'TARJETA',NULL),(7,135,NULL,0,27.00,1,'TARJETA',NULL),(7,136,NULL,0,15.00,1,'PAGO MOA',NULL),(7,138,NULL,0,23.00,1,'PAGO MOA',NULL),(7,139,NULL,0,33.00,1,'PAGO MOA',NULL),(7,140,NULL,0,29.00,1,'TARJETA',NULL),(7,143,NULL,0,2.00,1,'PAGO MOA',NULL),(7,144,NULL,0,31.00,1,'PAGO MOA',NULL),(7,145,NULL,0,22.00,1,'PAGO MOA',NULL),(7,146,NULL,0,14.00,1,'PAGO MOA',NULL),(7,147,NULL,0,17.00,1,'TARJETA',NULL),(7,149,NULL,0,50.00,1,'PAGO MOA',NULL),(7,152,'25450',1,275.00,1,'CSV Import','Importado desde CSV. Pedido: 25450'),(7,179,'25487',0,250.00,0,'CSV Import','Importado desde CSV. Pedido: 25487'),(7,190,'25488',1,325.00,1,'CSV Import','Importado desde CSV. Pedido: 25488'),(7,198,'25488',1,80.00,1,'CSV Import','Importado desde CSV. Pedido: 25488'),(7,203,'25490',1,160.00,1,'CSV Import','Importado desde CSV. Pedido: 25490'),(7,208,'25490',1,180.00,1,'CSV Import','Importado desde CSV. Pedido: 25490'),(7,212,'25492',1,60.00,1,'CSV Import','Importado desde CSV. Pedido: 25492'),(7,214,'25492',1,285.00,1,'CSV Import','Importado desde CSV. Pedido: 25492'),(7,221,'25493',1,100.00,1,'CSV Import','Importado desde CSV. Pedido: 25493'),(7,224,'25493',1,100.00,1,'CSV Import','Importado desde CSV. Pedido: 25493'),(7,227,'25496',1,160.00,1,'CSV Import','Importado desde CSV. Pedido: 25496'),(7,231,'25497',1,250.00,1,'CSV Import','Importado desde CSV. Pedido: 25497'),(7,238,'25498',0,170.00,0,'CSV Import','Importado desde CSV. Pedido: 25498'),(7,243,'25499',1,260.00,1,'CSV Import','Importado desde CSV. Pedido: 25499'),(7,257,'25507',1,190.00,1,'CSV Import','Importado desde CSV. Pedido: 25507'),(7,262,'25507',1,110.00,1,'CSV Import','Importado desde CSV. Pedido: 25507'),(7,274,'25517',0,60.00,0,'CSV Import','Importado desde CSV. Pedido: 25517'),(7,276,'25517',0,160.00,0,'CSV Import','Importado desde CSV. Pedido: 25517'),(7,280,'25518',1,170.00,1,'CSV Import','Importado desde CSV. Pedido: 25518'),(7,286,'25531',1,265.00,1,'CSV Import','Importado desde CSV. Pedido: 25531'),(7,293,'25531',1,80.00,1,'CSV Import','Importado desde CSV. Pedido: 25531'),(7,302,'25554',1,250.00,1,'CSV Import','Importado desde CSV. Pedido: 25554'),(7,309,'25554',1,60.00,1,'CSV Import','Importado desde CSV. Pedido: 25554'),(7,321,'25564',1,100.00,1,'CSV Import','Importado desde CSV. Pedido: 25564'),(7,324,'25564',1,60.00,1,'CSV Import','Importado desde CSV. Pedido: 25564'),(7,329,'25567',1,350.00,1,'CSV Import','Importado desde CSV. Pedido: 25567'),(7,337,'25568',1,80.00,1,'CSV Import','Importado desde CSV. Pedido: 25568'),(7,340,'25569',1,165.00,1,'CSV Import','Importado desde CSV. Pedido: 25569'),(7,347,'25585',1,215.00,1,'CSV Import','Importado desde CSV. Pedido: 25585'),(7,359,'25589',1,210.00,1,'CSV Import','Importado desde CSV. Pedido: 25589'),(7,365,'25590',1,100.00,1,'CSV Import','Importado desde CSV. Pedido: 25590'),(7,370,'25593',0,60.00,0,'CSV Import','Importado desde CSV. Pedido: 25593'),(8,1,NULL,0,29.00,1,'TARJETA',NULL),(8,2,NULL,0,15.00,1,'PAGO MOA',NULL),(8,3,NULL,0,26.00,1,'PAGO MOA',NULL),(8,4,NULL,0,38.00,1,'PAGO MOA',NULL),(8,5,NULL,0,31.00,1,'TARJETA',NULL),(8,6,NULL,0,17.00,1,'PAGO MOA',NULL),(8,7,NULL,0,35.00,1,'TARJETA',NULL),(8,8,NULL,0,22.00,1,'TARJETA',NULL),(8,9,NULL,0,0.00,1,'PAGO MOA',NULL),(8,10,NULL,0,7.00,1,'TARJETA',NULL),(8,11,NULL,0,1.00,1,'PAGO MOA',NULL),(8,12,NULL,0,45.00,1,'PAGO MOA',NULL),(8,13,NULL,0,7.00,1,'TARJETA',NULL),(8,14,NULL,0,32.00,1,'TARJETA',NULL),(8,15,NULL,0,49.00,1,'PAGO MOA',NULL),(8,16,NULL,0,16.00,1,'TARJETA',NULL),(8,17,NULL,0,42.00,1,'TARJETA',NULL),(8,18,NULL,0,24.00,1,'PAGO MOA',NULL),(8,19,NULL,0,37.00,1,'PAGO MOA',NULL),(8,20,NULL,0,26.00,1,'PAGO MOA',NULL),(8,21,NULL,0,14.00,1,'PAGO MOA',NULL),(8,22,NULL,0,33.00,1,'PAGO MOA',NULL),(8,23,NULL,0,26.00,1,'PAGO MOA',NULL),(8,24,NULL,0,25.00,1,'PAGO MOA',NULL),(8,25,NULL,0,49.00,1,'PAGO MOA',NULL),(8,26,NULL,0,43.00,1,'TARJETA',NULL),(8,27,NULL,0,16.00,1,'PAGO MOA',NULL),(8,28,NULL,0,50.00,1,'PAGO MOA',NULL),(8,29,NULL,0,36.00,1,'PAGO MOA',NULL),(8,30,NULL,0,23.00,1,'PAGO MOA',NULL),(8,31,NULL,0,4.00,1,'PAGO MOA',NULL),(8,32,NULL,0,35.00,1,'PAGO MOA',NULL),(8,33,NULL,0,33.00,1,'PAGO MOA',NULL),(8,34,NULL,0,16.00,1,'TARJETA',NULL),(8,35,NULL,0,23.00,1,'TARJETA',NULL),(8,36,NULL,0,15.00,1,'TARJETA',NULL),(8,37,NULL,0,10.00,1,'PAGO MOA',NULL),(8,38,NULL,0,33.00,1,'TARJETA',NULL),(8,39,NULL,0,21.00,1,'TARJETA',NULL),(8,40,NULL,0,32.00,1,'TARJETA',NULL),(8,41,NULL,0,36.00,1,'TARJETA',NULL),(8,42,NULL,0,44.00,1,'TARJETA',NULL),(8,43,NULL,0,33.00,1,'TARJETA',NULL),(8,44,NULL,0,45.00,1,'PAGO MOA',NULL),(8,45,NULL,0,32.00,1,'PAGO MOA',NULL),(8,46,NULL,0,31.00,1,'TARJETA',NULL),(8,47,NULL,0,31.00,1,'PAGO MOA',NULL),(8,48,NULL,0,31.00,1,'TARJETA',NULL),(8,49,NULL,0,6.00,1,'TARJETA',NULL),(8,50,NULL,0,5.00,1,'PAGO MOA',NULL),(8,51,NULL,0,41.00,1,'TARJETA',NULL),(8,52,NULL,0,46.00,1,'PAGO MOA',NULL),(8,53,NULL,0,45.00,1,'TARJETA',NULL),(8,54,NULL,0,7.00,1,'PAGO MOA',NULL),(8,55,NULL,0,31.00,1,'TARJETA',NULL),(8,56,NULL,0,29.00,1,'PAGO MOA',NULL),(8,57,NULL,0,41.00,1,'TARJETA',NULL),(8,58,NULL,0,21.00,1,'TARJETA',NULL),(8,59,NULL,0,20.00,1,'PAGO MOA',NULL),(8,60,NULL,0,44.00,1,'PAGO MOA',NULL),(8,61,NULL,0,17.00,1,'PAGO MOA',NULL),(8,62,NULL,0,17.00,1,'PAGO MOA',NULL),(8,63,NULL,0,13.00,1,'TARJETA',NULL),(8,64,NULL,0,11.00,1,'PAGO MOA',NULL),(8,65,NULL,0,45.00,1,'PAGO MOA',NULL),(8,66,NULL,0,22.00,1,'TARJETA',NULL),(8,67,NULL,0,0.00,1,'PAGO MOA',NULL),(8,68,NULL,0,19.00,1,'PAGO MOA',NULL),(8,69,NULL,0,16.00,1,'TARJETA',NULL),(8,70,NULL,0,48.00,1,'PAGO MOA',NULL),(8,71,NULL,0,40.00,1,'TARJETA',NULL),(8,72,NULL,0,10.00,1,'TARJETA',NULL),(8,73,NULL,0,24.00,1,'PAGO MOA',NULL),(8,74,NULL,0,6.00,1,'PAGO MOA',NULL),(8,75,NULL,0,10.00,1,'TARJETA',NULL),(8,76,NULL,0,4.00,1,'TARJETA',NULL),(8,77,NULL,0,9.00,1,'PAGO MOA',NULL),(8,78,NULL,0,29.00,1,'PAGO MOA',NULL),(8,79,NULL,0,48.00,1,'PAGO MOA',NULL),(8,80,NULL,0,42.00,1,'TARJETA',NULL),(8,81,NULL,0,50.00,1,'TARJETA',NULL),(8,82,NULL,0,44.00,1,'PAGO MOA',NULL),(8,83,NULL,0,39.00,1,'PAGO MOA',NULL),(8,84,NULL,0,23.00,1,'PAGO MOA',NULL),(8,85,NULL,0,21.00,1,'TARJETA',NULL),(8,86,NULL,0,23.00,1,'TARJETA',NULL),(8,87,NULL,0,45.00,1,'PAGO MOA',NULL),(8,88,NULL,0,3.00,1,'PAGO MOA',NULL),(8,89,NULL,0,6.00,1,'TARJETA',NULL),(8,90,NULL,0,33.00,1,'TARJETA',NULL),(8,91,NULL,0,23.00,1,'PAGO MOA',NULL),(8,92,NULL,0,31.00,1,'PAGO MOA',NULL),(8,93,NULL,0,20.00,1,'TARJETA',NULL),(8,94,NULL,0,24.00,1,'TARJETA',NULL),(8,95,NULL,0,9.00,1,'TARJETA',NULL),(8,96,NULL,0,22.00,1,'PAGO MOA',NULL),(8,97,NULL,0,23.00,1,'PAGO MOA',NULL),(8,98,NULL,0,23.00,1,'PAGO MOA',NULL),(8,99,NULL,0,42.00,1,'TARJETA',NULL),(8,100,NULL,0,31.00,1,'PAGO MOA',NULL),(8,101,NULL,0,47.00,1,'PAGO MOA',NULL),(8,102,NULL,0,14.00,1,'PAGO MOA',NULL),(8,103,NULL,0,23.00,1,'PAGO MOA',NULL),(8,104,NULL,0,1.00,1,'TARJETA',NULL),(8,105,NULL,0,46.00,1,'TARJETA',NULL),(8,106,NULL,0,49.00,1,'PAGO MOA',NULL),(8,107,NULL,0,8.00,1,'TARJETA',NULL),(8,108,NULL,0,28.00,1,'PAGO MOA',NULL),(8,109,NULL,0,50.00,1,'TARJETA',NULL),(8,110,NULL,0,5.00,1,'PAGO MOA',NULL),(8,111,NULL,0,50.00,1,'TARJETA',NULL),(8,112,NULL,0,41.00,1,'PAGO MOA',NULL),(8,113,NULL,0,48.00,1,'PAGO MOA',NULL),(8,114,NULL,0,14.00,1,'TARJETA',NULL),(8,115,NULL,0,18.00,1,'TARJETA',NULL),(8,116,NULL,0,8.00,1,'TARJETA',NULL),(8,117,NULL,0,42.00,1,'TARJETA',NULL),(8,118,NULL,0,49.00,1,'TARJETA',NULL),(8,119,NULL,0,40.00,1,'PAGO MOA',NULL),(8,120,NULL,0,44.00,1,'PAGO MOA',NULL),(8,121,NULL,0,5.00,1,'TARJETA',NULL),(8,122,NULL,0,43.00,1,'TARJETA',NULL),(8,123,NULL,0,43.00,1,'TARJETA',NULL),(8,124,NULL,0,9.00,1,'PAGO MOA',NULL),(8,125,NULL,0,9.00,1,'PAGO MOA',NULL),(8,126,NULL,0,7.00,1,'PAGO MOA',NULL),(8,127,NULL,0,22.00,1,'TARJETA',NULL),(8,128,NULL,0,19.00,1,'TARJETA',NULL),(8,129,NULL,0,10.00,1,'PAGO MOA',NULL),(8,130,NULL,0,27.00,1,'TARJETA',NULL),(8,131,NULL,0,17.00,1,'PAGO MOA',NULL),(8,132,NULL,0,26.00,1,'TARJETA',NULL),(8,133,NULL,0,12.00,1,'TARJETA',NULL),(8,134,NULL,0,4.00,1,'PAGO MOA',NULL),(8,135,NULL,0,23.00,1,'PAGO MOA',NULL),(8,136,NULL,0,20.00,1,'PAGO MOA',NULL),(8,137,NULL,0,34.00,1,'PAGO MOA',NULL),(8,138,NULL,0,40.00,1,'PAGO MOA',NULL),(8,139,NULL,0,8.00,1,'PAGO MOA',NULL),(8,140,NULL,0,35.00,1,'TARJETA',NULL),(8,141,NULL,0,7.00,1,'TARJETA',NULL),(8,142,NULL,0,47.00,1,'PAGO MOA',NULL),(8,143,NULL,0,32.00,1,'TARJETA',NULL),(8,144,NULL,0,21.00,1,'TARJETA',NULL),(8,145,NULL,0,39.00,1,'TARJETA',NULL),(8,146,NULL,0,0.00,1,'PAGO MOA',NULL),(8,147,NULL,0,7.00,1,'TARJETA',NULL),(8,148,NULL,0,39.00,1,'PAGO MOA',NULL),(8,149,NULL,0,26.00,1,'PAGO MOA',NULL),(8,150,NULL,0,3.00,1,'PAGO MOA',NULL),(8,153,'25450',1,275.00,1,'CSV Import','Importado desde CSV. Pedido: 25450'),(8,164,'25451',1,70.00,1,'CSV Import','Importado desde CSV. Pedido: 25451'),(8,168,'25473',1,70.00,1,'CSV Import','Importado desde CSV. Pedido: 25473'),(8,170,'25476',1,40.00,1,'CSV Import','Importado desde CSV. Pedido: 25476'),(8,172,'25484',0,220.00,0,'CSV Import','Importado desde CSV. Pedido: 25484'),(8,180,'25487',0,250.00,0,'CSV Import','Importado desde CSV. Pedido: 25487'),(8,191,'25488',1,325.00,1,'CSV Import','Importado desde CSV. Pedido: 25488'),(8,204,'25490',1,160.00,1,'CSV Import','Importado desde CSV. Pedido: 25490'),(8,215,'25492',1,285.00,1,'CSV Import','Importado desde CSV. Pedido: 25492'),(8,225,'25493',1,100.00,1,'CSV Import','Importado desde CSV. Pedido: 25493'),(8,228,'25496',1,160.00,1,'CSV Import','Importado desde CSV. Pedido: 25496'),(8,232,'25497',1,250.00,1,'CSV Import','Importado desde CSV. Pedido: 25497'),(8,239,'25498',0,170.00,0,'CSV Import','Importado desde CSV. Pedido: 25498'),(8,244,'25499',1,260.00,1,'CSV Import','Importado desde CSV. Pedido: 25499'),(8,258,'25507',1,190.00,1,'CSV Import','Importado desde CSV. Pedido: 25507'),(8,268,'25516',1,70.00,1,'CSV Import','Importado desde CSV. Pedido: 25516'),(8,281,'25518',1,170.00,1,'CSV Import','Importado desde CSV. Pedido: 25518'),(8,287,'25531',1,265.00,1,'CSV Import','Importado desde CSV. Pedido: 25531'),(8,297,'25531',1,90.00,1,'CSV Import','Importado desde CSV. Pedido: 25531'),(8,303,'25554',1,250.00,1,'CSV Import','Importado desde CSV. Pedido: 25554'),(8,312,'25559',1,175.00,1,'CSV Import','Importado desde CSV. Pedido: 25559'),(8,319,'25559',1,80.00,1,'CSV Import','Importado desde CSV. Pedido: 25559'),(8,322,'25564',1,100.00,1,'CSV Import','Importado desde CSV. Pedido: 25564'),(8,327,'25565',1,70.00,1,'CSV Import','Importado desde CSV. Pedido: 25565'),(8,330,'25567',1,350.00,1,'CSV Import','Importado desde CSV. Pedido: 25567'),(8,348,'25585',1,215.00,1,'CSV Import','Importado desde CSV. Pedido: 25585'),(8,360,'25589',1,210.00,1,'CSV Import','Importado desde CSV. Pedido: 25589'),(8,366,'25590',1,100.00,1,'CSV Import','Importado desde CSV. Pedido: 25590'),(9,1,NULL,0,37.00,1,'TARJETA',NULL),(9,2,NULL,0,28.00,1,'PAGO MOA',NULL),(9,3,NULL,0,16.00,1,'PAGO MOA',NULL),(9,4,NULL,0,0.00,1,'TARJETA',NULL),(9,5,NULL,0,49.00,1,'TARJETA',NULL),(9,6,NULL,0,27.00,1,'TARJETA',NULL),(9,7,NULL,0,46.00,1,'PAGO MOA',NULL),(9,8,NULL,0,0.00,1,'PAGO MOA',NULL),(9,9,NULL,0,38.00,1,'PAGO MOA',NULL),(9,10,NULL,0,25.00,1,'PAGO MOA',NULL),(9,11,NULL,0,30.00,1,'PAGO MOA',NULL),(9,12,NULL,0,4.00,1,'TARJETA',NULL),(9,13,NULL,0,41.00,1,'TARJETA',NULL),(9,14,NULL,0,26.00,1,'TARJETA',NULL),(9,15,NULL,0,37.00,1,'PAGO MOA',NULL),(9,16,NULL,0,1.00,1,'TARJETA',NULL),(9,17,NULL,0,42.00,1,'PAGO MOA',NULL),(9,18,NULL,0,8.00,1,'PAGO MOA',NULL),(9,19,NULL,0,15.00,1,'TARJETA',NULL),(9,20,NULL,0,27.00,1,'TARJETA',NULL),(9,21,NULL,0,26.00,1,'PAGO MOA',NULL),(9,22,NULL,0,33.00,1,'TARJETA',NULL),(9,23,NULL,0,9.00,1,'PAGO MOA',NULL),(9,24,NULL,0,39.00,1,'TARJETA',NULL),(9,25,NULL,0,35.00,1,'PAGO MOA',NULL),(9,26,NULL,0,0.00,1,'PAGO MOA',NULL),(9,27,NULL,0,33.00,1,'TARJETA',NULL),(9,28,NULL,0,10.00,1,'TARJETA',NULL),(9,29,NULL,0,18.00,1,'PAGO MOA',NULL),(9,30,NULL,0,7.00,1,'TARJETA',NULL),(9,31,NULL,0,8.00,1,'TARJETA',NULL),(9,32,NULL,0,25.00,1,'PAGO MOA',NULL),(9,33,NULL,0,2.00,1,'PAGO MOA',NULL),(9,34,NULL,0,38.00,1,'TARJETA',NULL),(9,35,NULL,0,11.00,1,'TARJETA',NULL),(9,36,NULL,0,34.00,1,'TARJETA',NULL),(9,37,NULL,0,16.00,1,'TARJETA',NULL),(9,38,NULL,0,4.00,1,'PAGO MOA',NULL),(9,39,NULL,0,17.00,1,'PAGO MOA',NULL),(9,40,NULL,0,42.00,1,'PAGO MOA',NULL),(9,41,NULL,0,50.00,1,'TARJETA',NULL),(9,42,NULL,0,14.00,1,'PAGO MOA',NULL),(9,43,NULL,0,8.00,1,'PAGO MOA',NULL),(9,44,NULL,0,26.00,1,'PAGO MOA',NULL),(9,45,NULL,0,5.00,1,'TARJETA',NULL),(9,46,NULL,0,41.00,1,'PAGO MOA',NULL),(9,47,NULL,0,17.00,1,'TARJETA',NULL),(9,48,NULL,0,22.00,1,'TARJETA',NULL),(9,49,NULL,0,32.00,1,'PAGO MOA',NULL),(9,50,NULL,0,30.00,1,'TARJETA',NULL),(9,51,NULL,0,28.00,1,'PAGO MOA',NULL),(9,52,NULL,0,33.00,1,'PAGO MOA',NULL),(9,53,NULL,0,36.00,1,'TARJETA',NULL),(9,54,NULL,0,45.00,1,'PAGO MOA',NULL),(9,55,NULL,0,29.00,1,'PAGO MOA',NULL),(9,56,NULL,0,49.00,1,'PAGO MOA',NULL),(9,57,NULL,0,30.00,1,'TARJETA',NULL),(9,58,NULL,0,46.00,1,'TARJETA',NULL),(9,59,NULL,0,21.00,1,'PAGO MOA',NULL),(9,60,NULL,0,20.00,1,'PAGO MOA',NULL),(9,61,NULL,0,50.00,1,'TARJETA',NULL),(9,62,NULL,0,10.00,1,'TARJETA',NULL),(9,63,NULL,0,3.00,1,'TARJETA',NULL),(9,64,NULL,0,10.00,1,'PAGO MOA',NULL),(9,65,NULL,0,13.00,1,'TARJETA',NULL),(9,66,NULL,0,4.00,1,'PAGO MOA',NULL),(9,67,NULL,0,24.00,1,'TARJETA',NULL),(9,68,NULL,0,44.00,1,'PAGO MOA',NULL),(9,69,NULL,0,47.00,1,'PAGO MOA',NULL),(9,70,NULL,0,9.00,1,'PAGO MOA',NULL),(9,71,NULL,0,18.00,1,'PAGO MOA',NULL),(9,72,NULL,0,40.00,1,'TARJETA',NULL),(9,73,NULL,0,32.00,1,'PAGO MOA',NULL),(9,74,NULL,0,44.00,1,'TARJETA',NULL),(9,75,NULL,0,15.00,1,'TARJETA',NULL),(9,76,NULL,0,2.00,1,'TARJETA',NULL),(9,77,NULL,0,6.00,1,'TARJETA',NULL),(9,78,NULL,0,48.00,1,'PAGO MOA',NULL),(9,79,NULL,0,30.00,1,'TARJETA',NULL),(9,80,NULL,0,7.00,1,'PAGO MOA',NULL),(9,81,NULL,0,10.00,1,'PAGO MOA',NULL),(9,82,NULL,0,11.00,1,'PAGO MOA',NULL),(9,83,NULL,0,14.00,1,'TARJETA',NULL),(9,84,NULL,0,32.00,1,'PAGO MOA',NULL),(9,85,NULL,0,19.00,1,'TARJETA',NULL),(9,86,NULL,0,49.00,1,'TARJETA',NULL),(9,87,NULL,0,1.00,1,'PAGO MOA',NULL),(9,88,NULL,0,34.00,1,'TARJETA',NULL),(9,89,NULL,0,50.00,1,'PAGO MOA',NULL),(9,90,NULL,0,7.00,1,'TARJETA',NULL),(9,91,NULL,0,49.00,1,'PAGO MOA',NULL),(9,92,NULL,0,47.00,1,'TARJETA',NULL),(9,93,NULL,0,22.00,1,'TARJETA',NULL),(9,94,NULL,0,12.00,1,'PAGO MOA',NULL),(9,95,NULL,0,17.00,1,'PAGO MOA',NULL),(9,96,NULL,0,8.00,1,'PAGO MOA',NULL),(9,97,NULL,0,5.00,1,'TARJETA',NULL),(9,98,NULL,0,42.00,1,'TARJETA',NULL),(9,99,NULL,0,20.00,1,'PAGO MOA',NULL),(9,100,NULL,0,27.00,1,'PAGO MOA',NULL),(9,101,NULL,0,24.00,1,'TARJETA',NULL),(9,102,NULL,0,28.00,1,'TARJETA',NULL),(9,103,NULL,0,21.00,1,'TARJETA',NULL),(9,104,NULL,0,21.00,1,'TARJETA',NULL),(9,105,NULL,0,48.00,1,'PAGO MOA',NULL),(9,106,NULL,0,6.00,1,'PAGO MOA',NULL),(9,107,NULL,0,21.00,1,'TARJETA',NULL),(9,108,NULL,0,49.00,1,'PAGO MOA',NULL),(9,109,NULL,0,24.00,1,'TARJETA',NULL),(9,110,NULL,0,32.00,1,'PAGO MOA',NULL),(9,111,NULL,0,31.00,1,'TARJETA',NULL),(9,112,NULL,0,41.00,1,'TARJETA',NULL),(9,113,NULL,0,26.00,1,'TARJETA',NULL),(9,114,NULL,0,0.00,1,'PAGO MOA',NULL),(9,115,NULL,0,6.00,1,'TARJETA',NULL),(9,116,NULL,0,41.00,1,'PAGO MOA',NULL),(9,117,NULL,0,19.00,1,'PAGO MOA',NULL),(9,118,NULL,0,10.00,1,'PAGO MOA',NULL),(9,119,NULL,0,48.00,1,'PAGO MOA',NULL),(9,120,NULL,0,18.00,1,'PAGO MOA',NULL),(9,121,NULL,0,30.00,1,'PAGO MOA',NULL),(9,122,NULL,0,26.00,1,'PAGO MOA',NULL),(9,123,NULL,0,43.00,1,'TARJETA',NULL),(9,124,NULL,0,43.00,1,'TARJETA',NULL),(9,125,NULL,0,7.00,1,'PAGO MOA',NULL),(9,126,NULL,0,47.00,1,'PAGO MOA',NULL),(9,127,NULL,0,35.00,1,'PAGO MOA',NULL),(9,128,NULL,0,30.00,1,'TARJETA',NULL),(9,129,NULL,0,28.00,1,'PAGO MOA',NULL),(9,130,NULL,0,32.00,1,'PAGO MOA',NULL),(9,131,NULL,0,22.00,1,'TARJETA',NULL),(9,132,NULL,0,37.00,1,'PAGO MOA',NULL),(9,133,NULL,0,29.00,1,'TARJETA',NULL),(9,134,NULL,0,3.00,1,'TARJETA',NULL),(9,135,NULL,0,24.00,1,'TARJETA',NULL),(9,136,NULL,0,15.00,1,'TARJETA',NULL),(9,137,NULL,0,5.00,1,'TARJETA',NULL),(9,138,NULL,0,38.00,1,'PAGO MOA',NULL),(9,139,NULL,0,5.00,1,'PAGO MOA',NULL),(9,140,NULL,0,20.00,1,'PAGO MOA',NULL),(9,141,NULL,0,21.00,1,'TARJETA',NULL),(9,142,NULL,0,6.00,1,'TARJETA',NULL),(9,143,NULL,0,49.00,1,'TARJETA',NULL),(9,144,NULL,0,44.00,1,'TARJETA',NULL),(9,145,NULL,0,19.00,1,'TARJETA',NULL),(9,146,NULL,0,29.00,1,'TARJETA',NULL),(9,147,NULL,0,32.00,1,'PAGO MOA',NULL),(9,148,NULL,0,26.00,1,'PAGO MOA',NULL),(9,149,NULL,0,48.00,1,'PAGO MOA',NULL),(9,150,NULL,0,32.00,1,'TARJETA',NULL),(9,154,'25450',1,275.00,1,'CSV Import','Importado desde CSV. Pedido: 25450'),(9,158,'25450',1,90.00,1,'CSV Import','Importado desde CSV. Pedido: 25450'),(9,173,'25484',0,220.00,0,'CSV Import','Importado desde CSV. Pedido: 25484'),(9,181,'25487',0,250.00,0,'CSV Import','Importado desde CSV. Pedido: 25487'),(9,192,'25488',1,325.00,1,'CSV Import','Importado desde CSV. Pedido: 25488'),(9,216,'25492',1,285.00,1,'CSV Import','Importado desde CSV. Pedido: 25492'),(9,229,'25496',1,160.00,1,'CSV Import','Importado desde CSV. Pedido: 25496'),(9,233,'25497',1,250.00,1,'CSV Import','Importado desde CSV. Pedido: 25497'),(9,249,'25499',1,210.00,1,'CSV Import','Importado desde CSV. Pedido: 25499'),(9,270,'25516',1,90.00,1,'CSV Import','Importado desde CSV. Pedido: 25516'),(9,277,'25517',0,160.00,0,'CSV Import','Importado desde CSV. Pedido: 25517'),(9,304,'25554',1,250.00,1,'CSV Import','Importado desde CSV. Pedido: 25554'),(9,331,'25567',1,350.00,1,'CSV Import','Importado desde CSV. Pedido: 25567'),(9,361,'25589',1,210.00,1,'CSV Import','Importado desde CSV. Pedido: 25589'),(10,1,NULL,0,23.00,1,'TARJETA',NULL),(10,2,NULL,0,15.00,1,'TARJETA',NULL),(10,3,NULL,0,46.00,1,'TARJETA',NULL),(10,4,NULL,0,17.00,1,'TARJETA',NULL),(10,5,NULL,0,8.00,1,'TARJETA',NULL),(10,6,NULL,0,34.00,1,'TARJETA',NULL),(10,9,NULL,0,7.00,1,'TARJETA',NULL),(10,10,NULL,0,32.00,1,'PAGO MOA',NULL),(10,11,NULL,0,46.00,1,'TARJETA',NULL),(10,13,NULL,0,23.00,1,'PAGO MOA',NULL),(10,14,NULL,0,27.00,1,'TARJETA',NULL),(10,15,NULL,0,12.00,1,'PAGO MOA',NULL),(10,16,NULL,0,46.00,1,'PAGO MOA',NULL),(10,17,NULL,0,34.00,1,'TARJETA',NULL),(10,21,NULL,0,17.00,1,'PAGO MOA',NULL),(10,22,NULL,0,35.00,1,'PAGO MOA',NULL),(10,24,NULL,0,50.00,1,'PAGO MOA',NULL),(10,25,NULL,0,7.00,1,'TARJETA',NULL),(10,26,NULL,0,23.00,1,'TARJETA',NULL),(10,28,NULL,0,11.00,1,'PAGO MOA',NULL),(10,33,NULL,0,35.00,1,'TARJETA',NULL),(10,34,NULL,0,46.00,1,'TARJETA',NULL),(10,35,NULL,0,32.00,1,'PAGO MOA',NULL),(10,36,NULL,0,30.00,1,'PAGO MOA',NULL),(10,38,NULL,0,32.00,1,'PAGO MOA',NULL),(10,39,NULL,0,18.00,1,'TARJETA',NULL),(10,41,NULL,0,35.00,1,'PAGO MOA',NULL),(10,43,NULL,0,11.00,1,'PAGO MOA',NULL),(10,45,NULL,0,24.00,1,'TARJETA',NULL),(10,51,NULL,0,17.00,1,'PAGO MOA',NULL),(10,53,NULL,0,5.00,1,'TARJETA',NULL),(10,57,NULL,0,44.00,1,'TARJETA',NULL),(10,58,NULL,0,37.00,1,'PAGO MOA',NULL),(10,59,NULL,0,7.00,1,'TARJETA',NULL),(10,61,NULL,0,14.00,1,'TARJETA',NULL),(10,64,NULL,0,36.00,1,'PAGO MOA',NULL),(10,65,NULL,0,42.00,1,'PAGO MOA',NULL),(10,66,NULL,0,47.00,1,'PAGO MOA',NULL),(10,67,NULL,0,5.00,1,'TARJETA',NULL),(10,70,NULL,0,20.00,1,'PAGO MOA',NULL),(10,71,NULL,0,46.00,1,'PAGO MOA',NULL),(10,72,NULL,0,7.00,1,'PAGO MOA',NULL),(10,77,NULL,0,46.00,1,'TARJETA',NULL),(10,78,NULL,0,50.00,1,'TARJETA',NULL),(10,79,NULL,0,47.00,1,'PAGO MOA',NULL),(10,83,NULL,0,33.00,1,'PAGO MOA',NULL),(10,85,NULL,0,6.00,1,'TARJETA',NULL),(10,86,NULL,0,49.00,1,'TARJETA',NULL),(10,87,NULL,0,18.00,1,'PAGO MOA',NULL),(10,88,NULL,0,30.00,1,'TARJETA',NULL),(10,89,NULL,0,36.00,1,'TARJETA',NULL),(10,90,NULL,0,45.00,1,'TARJETA',NULL),(10,91,NULL,0,38.00,1,'PAGO MOA',NULL),(10,93,NULL,0,31.00,1,'TARJETA',NULL),(10,97,NULL,0,25.00,1,'TARJETA',NULL),(10,98,NULL,0,36.00,1,'TARJETA',NULL),(10,100,NULL,0,20.00,1,'TARJETA',NULL),(10,101,NULL,0,44.00,1,'TARJETA',NULL),(10,105,NULL,0,14.00,1,'PAGO MOA',NULL),(10,107,NULL,0,1.00,1,'PAGO MOA',NULL),(10,111,NULL,0,28.00,1,'PAGO MOA',NULL),(10,112,NULL,0,4.00,1,'TARJETA',NULL),(10,117,NULL,0,28.00,1,'TARJETA',NULL),(10,120,NULL,0,47.00,1,'TARJETA',NULL),(10,122,NULL,0,27.00,1,'TARJETA',NULL),(10,127,NULL,0,31.00,1,'PAGO MOA',NULL),(10,128,NULL,0,19.00,1,'TARJETA',NULL),(10,131,NULL,0,32.00,1,'PAGO MOA',NULL),(10,132,NULL,0,28.00,1,'TARJETA',NULL),(10,134,NULL,0,13.00,1,'PAGO MOA',NULL),(10,137,NULL,0,45.00,1,'TARJETA',NULL),(10,138,NULL,0,1.00,1,'PAGO MOA',NULL),(10,141,NULL,0,22.00,1,'TARJETA',NULL),(10,146,NULL,0,41.00,1,'TARJETA',NULL),(10,147,NULL,0,50.00,1,'PAGO MOA',NULL),(10,148,NULL,0,17.00,1,'TARJETA',NULL),(10,149,NULL,0,45.00,1,'PAGO MOA',NULL),(10,150,NULL,0,12.00,1,'PAGO MOA',NULL),(10,200,'25488',1,175.00,1,'CSV Import','Importado desde CSV. Pedido: 25488'),(10,209,'25490',1,180.00,1,'CSV Import','Importado desde CSV. Pedido: 25490'),(10,245,'25499',1,260.00,1,'CSV Import','Importado desde CSV. Pedido: 25499'),(10,250,'25499',1,210.00,1,'CSV Import','Importado desde CSV. Pedido: 25499'),(10,332,'25567',1,350.00,1,'CSV Import','Importado desde CSV. Pedido: 25567'),(10,353,'25586',1,160.00,1,'CSV Import','Importado desde CSV. Pedido: 25586'),(11,5,NULL,0,48.00,1,'PAGO MOA',NULL),(11,15,NULL,0,13.00,1,'PAGO MOA',NULL),(11,46,NULL,0,12.00,1,'PAGO MOA',NULL),(11,62,NULL,0,45.00,1,'TARJETA',NULL),(11,66,NULL,0,5.00,1,'PAGO MOA',NULL),(11,83,NULL,0,38.00,1,'TARJETA',NULL),(11,144,NULL,0,13.00,1,'TARJETA',NULL),(11,201,'25488',1,175.00,1,'CSV Import','Importado desde CSV. Pedido: 25488'),(11,217,'25492',1,285.00,1,'CSV Import','Importado desde CSV. Pedido: 25492'),(11,341,'25569',1,165.00,1,'CSV Import','Importado desde CSV. Pedido: 25569'),(12,1,NULL,0,20.00,1,'TARJETA',NULL),(12,2,NULL,0,22.00,1,'TARJETA',NULL),(12,3,NULL,0,50.00,1,'TARJETA',NULL),(12,4,NULL,0,0.00,1,'TARJETA',NULL),(12,5,NULL,0,31.00,1,'PAGO MOA',NULL),(12,6,NULL,0,49.00,1,'PAGO MOA',NULL),(12,7,NULL,0,43.00,1,'PAGO MOA',NULL),(12,8,NULL,0,37.00,1,'TARJETA',NULL),(12,9,NULL,0,36.00,1,'PAGO MOA',NULL),(12,10,NULL,0,4.00,1,'TARJETA',NULL),(12,11,NULL,0,0.00,1,'TARJETA',NULL),(12,12,NULL,0,20.00,1,'PAGO MOA',NULL),(12,13,NULL,0,46.00,1,'PAGO MOA',NULL),(12,14,NULL,0,37.00,1,'PAGO MOA',NULL),(12,15,NULL,0,30.00,1,'TARJETA',NULL),(12,16,NULL,0,32.00,1,'PAGO MOA',NULL),(12,17,NULL,0,25.00,1,'TARJETA',NULL),(12,18,NULL,0,26.00,1,'PAGO MOA',NULL),(12,19,NULL,0,45.00,1,'PAGO MOA',NULL),(12,20,NULL,0,26.00,1,'TARJETA',NULL),(12,21,NULL,0,47.00,1,'PAGO MOA',NULL),(12,22,NULL,0,36.00,1,'PAGO MOA',NULL),(12,23,NULL,0,4.00,1,'PAGO MOA',NULL),(12,24,NULL,0,13.00,1,'TARJETA',NULL),(12,25,NULL,0,29.00,1,'PAGO MOA',NULL),(12,26,NULL,0,22.00,1,'PAGO MOA',NULL),(12,27,NULL,0,18.00,1,'TARJETA',NULL),(12,28,NULL,0,0.00,1,'TARJETA',NULL),(12,29,NULL,0,11.00,1,'TARJETA',NULL),(12,30,NULL,0,41.00,1,'PAGO MOA',NULL),(12,31,NULL,0,23.00,1,'PAGO MOA',NULL),(12,32,NULL,0,30.00,1,'PAGO MOA',NULL),(12,33,NULL,0,30.00,1,'PAGO MOA',NULL),(12,34,NULL,0,36.00,1,'TARJETA',NULL),(12,35,NULL,0,19.00,1,'TARJETA',NULL),(12,36,NULL,0,30.00,1,'TARJETA',NULL),(12,37,NULL,0,48.00,1,'PAGO MOA',NULL),(12,38,NULL,0,22.00,1,'PAGO MOA',NULL),(12,39,NULL,0,29.00,1,'PAGO MOA',NULL),(12,40,NULL,0,16.00,1,'PAGO MOA',NULL),(12,41,NULL,0,25.00,1,'TARJETA',NULL),(12,42,NULL,0,35.00,1,'PAGO MOA',NULL),(12,43,NULL,0,14.00,1,'PAGO MOA',NULL),(12,44,NULL,0,14.00,1,'TARJETA',NULL),(12,45,NULL,0,8.00,1,'PAGO MOA',NULL),(12,46,NULL,0,35.00,1,'PAGO MOA',NULL),(12,47,NULL,0,4.00,1,'TARJETA',NULL),(12,48,NULL,0,38.00,1,'TARJETA',NULL),(12,49,NULL,0,15.00,1,'TARJETA',NULL),(12,50,NULL,0,40.00,1,'PAGO MOA',NULL),(12,51,NULL,0,35.00,1,'PAGO MOA',NULL),(12,52,NULL,0,41.00,1,'PAGO MOA',NULL),(12,53,NULL,0,3.00,1,'TARJETA',NULL),(12,54,NULL,0,4.00,1,'TARJETA',NULL),(12,55,NULL,0,27.00,1,'TARJETA',NULL),(12,56,NULL,0,6.00,1,'TARJETA',NULL),(12,57,NULL,0,49.00,1,'TARJETA',NULL),(12,58,NULL,0,20.00,1,'PAGO MOA',NULL),(12,59,NULL,0,6.00,1,'TARJETA',NULL),(12,60,NULL,0,3.00,1,'PAGO MOA',NULL),(12,61,NULL,0,9.00,1,'PAGO MOA',NULL),(12,62,NULL,0,27.00,1,'TARJETA',NULL),(12,63,NULL,0,7.00,1,'TARJETA',NULL),(12,64,NULL,0,46.00,1,'TARJETA',NULL),(12,65,NULL,0,0.00,1,'TARJETA',NULL),(12,66,NULL,0,47.00,1,'PAGO MOA',NULL),(12,67,NULL,0,45.00,1,'TARJETA',NULL),(12,68,NULL,0,6.00,1,'TARJETA',NULL),(12,69,NULL,0,5.00,1,'PAGO MOA',NULL),(12,70,NULL,0,28.00,1,'TARJETA',NULL),(12,71,NULL,0,37.00,1,'PAGO MOA',NULL),(12,72,NULL,0,27.00,1,'PAGO MOA',NULL),(12,73,NULL,0,16.00,1,'PAGO MOA',NULL),(12,74,NULL,0,50.00,1,'TARJETA',NULL),(12,75,NULL,0,32.00,1,'TARJETA',NULL),(12,76,NULL,0,46.00,1,'TARJETA',NULL),(12,77,NULL,0,14.00,1,'TARJETA',NULL),(12,78,NULL,0,4.00,1,'TARJETA',NULL),(12,79,NULL,0,3.00,1,'PAGO MOA',NULL),(12,80,NULL,0,25.00,1,'PAGO MOA',NULL),(12,81,NULL,0,42.00,1,'PAGO MOA',NULL),(12,82,NULL,0,25.00,1,'PAGO MOA',NULL),(12,83,NULL,0,10.00,1,'TARJETA',NULL),(12,84,NULL,0,12.00,1,'PAGO MOA',NULL),(12,85,NULL,0,44.00,1,'PAGO MOA',NULL),(12,86,NULL,0,15.00,1,'TARJETA',NULL),(12,87,NULL,0,35.00,1,'TARJETA',NULL),(12,88,NULL,0,45.00,1,'PAGO MOA',NULL),(12,89,NULL,0,23.00,1,'TARJETA',NULL),(12,90,NULL,0,32.00,1,'TARJETA',NULL),(12,91,NULL,0,22.00,1,'TARJETA',NULL),(12,92,NULL,0,36.00,1,'PAGO MOA',NULL),(12,93,NULL,0,25.00,1,'PAGO MOA',NULL),(12,94,NULL,0,30.00,1,'TARJETA',NULL),(12,95,NULL,0,3.00,1,'TARJETA',NULL),(12,96,NULL,0,29.00,1,'TARJETA',NULL),(12,97,NULL,0,32.00,1,'TARJETA',NULL),(12,98,NULL,0,17.00,1,'TARJETA',NULL),(12,99,NULL,0,8.00,1,'TARJETA',NULL),(12,100,NULL,0,29.00,1,'TARJETA',NULL),(12,101,NULL,0,35.00,1,'PAGO MOA',NULL),(12,102,NULL,0,48.00,1,'TARJETA',NULL),(12,103,NULL,0,24.00,1,'TARJETA',NULL),(12,104,NULL,0,44.00,1,'TARJETA',NULL),(12,105,NULL,0,38.00,1,'PAGO MOA',NULL),(12,106,NULL,0,17.00,1,'TARJETA',NULL),(12,107,NULL,0,45.00,1,'PAGO MOA',NULL),(12,108,NULL,0,49.00,1,'TARJETA',NULL),(12,109,NULL,0,1.00,1,'PAGO MOA',NULL),(12,110,NULL,0,28.00,1,'PAGO MOA',NULL),(12,111,NULL,0,37.00,1,'TARJETA',NULL),(12,112,NULL,0,5.00,1,'PAGO MOA',NULL),(12,113,NULL,0,47.00,1,'TARJETA',NULL),(12,114,NULL,0,23.00,1,'PAGO MOA',NULL),(12,115,NULL,0,0.00,1,'PAGO MOA',NULL),(12,116,NULL,0,48.00,1,'TARJETA',NULL),(12,117,NULL,0,38.00,1,'TARJETA',NULL),(12,118,NULL,0,4.00,1,'TARJETA',NULL),(12,119,NULL,0,44.00,1,'TARJETA',NULL),(12,120,NULL,0,30.00,1,'PAGO MOA',NULL),(12,121,NULL,0,22.00,1,'PAGO MOA',NULL),(12,122,NULL,0,29.00,1,'TARJETA',NULL),(12,123,NULL,0,36.00,1,'TARJETA',NULL),(12,124,NULL,0,8.00,1,'TARJETA',NULL),(12,125,NULL,0,0.00,1,'TARJETA',NULL),(12,126,NULL,0,50.00,1,'TARJETA',NULL),(12,127,NULL,0,17.00,1,'PAGO MOA',NULL),(12,128,NULL,0,23.00,1,'PAGO MOA',NULL),(12,129,NULL,0,20.00,1,'TARJETA',NULL),(12,130,NULL,0,29.00,1,'TARJETA',NULL),(12,131,NULL,0,28.00,1,'TARJETA',NULL),(12,132,NULL,0,43.00,1,'TARJETA',NULL),(12,133,NULL,0,22.00,1,'PAGO MOA',NULL),(12,134,NULL,0,28.00,1,'TARJETA',NULL),(12,135,NULL,0,9.00,1,'TARJETA',NULL),(12,136,NULL,0,22.00,1,'PAGO MOA',NULL),(12,137,NULL,0,49.00,1,'PAGO MOA',NULL),(12,138,NULL,0,19.00,1,'TARJETA',NULL),(12,139,NULL,0,13.00,1,'TARJETA',NULL),(12,140,NULL,0,23.00,1,'PAGO MOA',NULL),(12,141,NULL,0,3.00,1,'TARJETA',NULL),(12,142,NULL,0,26.00,1,'PAGO MOA',NULL),(12,143,NULL,0,5.00,1,'PAGO MOA',NULL),(12,144,NULL,0,1.00,1,'TARJETA',NULL),(12,145,NULL,0,33.00,1,'PAGO MOA',NULL),(12,146,NULL,0,1.00,1,'PAGO MOA',NULL),(12,147,NULL,0,0.00,1,'PAGO MOA',NULL),(12,148,NULL,0,43.00,1,'TARJETA',NULL),(12,149,NULL,0,12.00,1,'PAGO MOA',NULL),(12,150,NULL,0,6.00,1,'PAGO MOA',NULL),(12,182,'25487',0,250.00,0,'CSV Import','Importado desde CSV. Pedido: 25487'),(12,193,'25488',1,325.00,1,'CSV Import','Importado desde CSV. Pedido: 25488'),(12,218,'25492',1,285.00,1,'CSV Import','Importado desde CSV. Pedido: 25492'),(12,234,'25497',1,250.00,1,'CSV Import','Importado desde CSV. Pedido: 25497'),(12,240,'25498',0,170.00,0,'CSV Import','Importado desde CSV. Pedido: 25498'),(12,263,'25507',1,110.00,1,'CSV Import','Importado desde CSV. Pedido: 25507'),(12,282,'25518',1,170.00,1,'CSV Import','Importado desde CSV. Pedido: 25518'),(12,288,'25531',1,265.00,1,'CSV Import','Importado desde CSV. Pedido: 25531'),(12,305,'25554',1,250.00,1,'CSV Import','Importado desde CSV. Pedido: 25554'),(12,313,'25559',1,175.00,1,'CSV Import','Importado desde CSV. Pedido: 25559'),(12,333,'25567',1,350.00,1,'CSV Import','Importado desde CSV. Pedido: 25567'),(12,362,'25589',1,210.00,1,'CSV Import','Importado desde CSV. Pedido: 25589'),(13,7,NULL,0,18.00,1,'TARJETA',NULL),(13,8,NULL,0,42.00,1,'TARJETA',NULL),(13,10,NULL,0,8.00,1,'PAGO MOA',NULL),(13,17,NULL,0,22.00,1,'TARJETA',NULL),(13,18,NULL,0,46.00,1,'TARJETA',NULL),(13,19,NULL,0,16.00,1,'PAGO MOA',NULL),(13,23,NULL,0,35.00,1,'PAGO MOA',NULL),(13,34,NULL,0,46.00,1,'PAGO MOA',NULL),(13,46,NULL,0,31.00,1,'PAGO MOA',NULL),(13,61,NULL,0,28.00,1,'TARJETA',NULL),(13,68,NULL,0,9.00,1,'TARJETA',NULL),(13,74,NULL,0,9.00,1,'TARJETA',NULL),(13,99,NULL,0,37.00,1,'TARJETA',NULL),(13,105,NULL,0,26.00,1,'PAGO MOA',NULL),(13,109,NULL,0,10.00,1,'TARJETA',NULL),(13,110,NULL,0,49.00,1,'TARJETA',NULL),(13,111,NULL,0,21.00,1,'TARJETA',NULL),(13,112,NULL,0,10.00,1,'PAGO MOA',NULL),(13,114,NULL,0,29.00,1,'TARJETA',NULL),(13,117,NULL,0,43.00,1,'PAGO MOA',NULL),(13,129,NULL,0,29.00,1,'PAGO MOA',NULL),(13,137,NULL,0,2.00,1,'PAGO MOA',NULL),(13,140,NULL,0,24.00,1,'PAGO MOA',NULL),(13,141,NULL,0,18.00,1,'TARJETA',NULL),(13,143,NULL,0,23.00,1,'TARJETA',NULL),(13,146,NULL,0,25.00,1,'TARJETA',NULL),(13,149,NULL,0,30.00,1,'TARJETA',NULL),(13,155,'25450',1,275.00,1,'CSV Import','Importado desde CSV. Pedido: 25450'),(13,174,'25484',0,220.00,0,'CSV Import','Importado desde CSV. Pedido: 25484'),(13,183,'25487',0,250.00,0,'CSV Import','Importado desde CSV. Pedido: 25487'),(13,194,'25488',1,325.00,1,'CSV Import','Importado desde CSV. Pedido: 25488'),(13,205,'25490',1,160.00,1,'CSV Import','Importado desde CSV. Pedido: 25490'),(13,222,'25493',1,100.00,1,'CSV Import','Importado desde CSV. Pedido: 25493'),(13,235,'25497',1,250.00,1,'CSV Import','Importado desde CSV. Pedido: 25497'),(13,241,'25498',0,170.00,0,'CSV Import','Importado desde CSV. Pedido: 25498'),(13,246,'25499',1,260.00,1,'CSV Import','Importado desde CSV. Pedido: 25499'),(13,254,'25504',1,90.00,1,'CSV Import','Importado desde CSV. Pedido: 25504'),(13,259,'25507',1,190.00,1,'CSV Import','Importado desde CSV. Pedido: 25507'),(13,278,'25517',0,160.00,0,'CSV Import','Importado desde CSV. Pedido: 25517'),(13,283,'25518',1,170.00,1,'CSV Import','Importado desde CSV. Pedido: 25518'),(13,289,'25531',1,265.00,1,'CSV Import','Importado desde CSV. Pedido: 25531'),(13,300,'25531',1,90.00,1,'CSV Import','Importado desde CSV. Pedido: 25531'),(13,306,'25554',1,250.00,1,'CSV Import','Importado desde CSV. Pedido: 25554'),(13,334,'25567',1,350.00,1,'CSV Import','Importado desde CSV. Pedido: 25567'),(13,349,'25585',1,215.00,1,'CSV Import','Importado desde CSV. Pedido: 25585'),(13,354,'25586',1,160.00,1,'CSV Import','Importado desde CSV. Pedido: 25586'),(14,3,NULL,0,1.00,1,'TARJETA',NULL),(14,7,NULL,0,27.00,1,'PAGO MOA',NULL),(14,8,NULL,0,34.00,1,'TARJETA',NULL),(14,12,NULL,0,42.00,1,'PAGO MOA',NULL),(14,14,NULL,0,1.00,1,'PAGO MOA',NULL),(14,16,NULL,0,50.00,1,'PAGO MOA',NULL),(14,17,NULL,0,41.00,1,'PAGO MOA',NULL),(14,19,NULL,0,4.00,1,'TARJETA',NULL),(14,23,NULL,0,41.00,1,'PAGO MOA',NULL),(14,29,NULL,0,20.00,1,'PAGO MOA',NULL),(14,31,NULL,0,9.00,1,'PAGO MOA',NULL),(14,32,NULL,0,29.00,1,'TARJETA',NULL),(14,33,NULL,0,35.00,1,'TARJETA',NULL),(14,37,NULL,0,20.00,1,'TARJETA',NULL),(14,39,NULL,0,48.00,1,'TARJETA',NULL),(14,41,NULL,0,17.00,1,'TARJETA',NULL),(14,45,NULL,0,40.00,1,'TARJETA',NULL),(14,46,NULL,0,44.00,1,'PAGO MOA',NULL),(14,54,NULL,0,38.00,1,'PAGO MOA',NULL),(14,61,NULL,0,4.00,1,'PAGO MOA',NULL),(14,68,NULL,0,1.00,1,'PAGO MOA',NULL),(14,71,NULL,0,31.00,1,'PAGO MOA',NULL),(14,74,NULL,0,36.00,1,'TARJETA',NULL),(14,76,NULL,0,0.00,1,'PAGO MOA',NULL),(14,78,NULL,0,8.00,1,'TARJETA',NULL),(14,79,NULL,0,45.00,1,'PAGO MOA',NULL),(14,80,NULL,0,32.00,1,'TARJETA',NULL),(14,82,NULL,0,49.00,1,'PAGO MOA',NULL),(14,84,NULL,0,21.00,1,'PAGO MOA',NULL),(14,97,NULL,0,1.00,1,'PAGO MOA',NULL),(14,100,NULL,0,30.00,1,'TARJETA',NULL),(14,106,NULL,0,28.00,1,'TARJETA',NULL),(14,112,NULL,0,22.00,1,'PAGO MOA',NULL),(14,117,NULL,0,3.00,1,'PAGO MOA',NULL),(14,124,NULL,0,21.00,1,'TARJETA',NULL),(14,127,NULL,0,10.00,1,'TARJETA',NULL),(14,137,NULL,0,22.00,1,'TARJETA',NULL),(14,139,NULL,0,40.00,1,'PAGO MOA',NULL),(14,142,NULL,0,1.00,1,'PAGO MOA',NULL),(14,148,NULL,0,3.00,1,'TARJETA',NULL),(14,175,'25484',0,220.00,0,'CSV Import','Importado desde CSV. Pedido: 25484'),(14,177,'25486',1,50.00,1,'CSV Import','Importado desde CSV. Pedido: 25486'),(14,184,'25487',0,250.00,0,'CSV Import','Importado desde CSV. Pedido: 25487'),(14,195,'25488',1,325.00,1,'CSV Import','Importado desde CSV. Pedido: 25488'),(14,199,'25488',1,80.00,1,'CSV Import','Importado desde CSV. Pedido: 25488'),(14,206,'25490',1,160.00,1,'CSV Import','Importado desde CSV. Pedido: 25490'),(14,210,'25490',1,180.00,1,'CSV Import','Importado desde CSV. Pedido: 25490'),(14,219,'25492',1,285.00,1,'CSV Import','Importado desde CSV. Pedido: 25492'),(14,236,'25497',1,250.00,1,'CSV Import','Importado desde CSV. Pedido: 25497'),(14,247,'25499',1,260.00,1,'CSV Import','Importado desde CSV. Pedido: 25499'),(14,251,'25499',1,210.00,1,'CSV Import','Importado desde CSV. Pedido: 25499'),(14,260,'25507',1,190.00,1,'CSV Import','Importado desde CSV. Pedido: 25507'),(14,264,'25507',1,110.00,1,'CSV Import','Importado desde CSV. Pedido: 25507'),(14,290,'25531',1,265.00,1,'CSV Import','Importado desde CSV. Pedido: 25531'),(14,294,'25531',1,80.00,1,'CSV Import','Importado desde CSV. Pedido: 25531'),(14,307,'25554',1,250.00,1,'CSV Import','Importado desde CSV. Pedido: 25554'),(14,335,'25567',1,350.00,1,'CSV Import','Importado desde CSV. Pedido: 25567'),(14,338,'25568',1,80.00,1,'CSV Import','Importado desde CSV. Pedido: 25568'),(14,355,'25586',1,160.00,1,'CSV Import','Importado desde CSV. Pedido: 25586'),(14,357,'25586',1,20.00,1,'CSV Import','Importado desde CSV. Pedido: 25586'),(14,363,'25589',1,210.00,1,'CSV Import','Importado desde CSV. Pedido: 25589'),(15,5,NULL,0,3.00,1,'TARJETA',NULL),(15,7,NULL,0,19.00,1,'PAGO MOA',NULL),(15,10,NULL,0,10.00,1,'TARJETA',NULL),(15,14,NULL,0,3.00,1,'TARJETA',NULL),(15,15,NULL,0,20.00,1,'TARJETA',NULL),(15,17,NULL,0,45.00,1,'PAGO MOA',NULL),(15,21,NULL,0,17.00,1,'TARJETA',NULL),(15,23,NULL,0,43.00,1,'PAGO MOA',NULL),(15,28,NULL,0,24.00,1,'PAGO MOA',NULL),(15,29,NULL,0,22.00,1,'TARJETA',NULL),(15,31,NULL,0,15.00,1,'PAGO MOA',NULL),(15,34,NULL,0,15.00,1,'TARJETA',NULL),(15,37,NULL,0,38.00,1,'PAGO MOA',NULL),(15,42,NULL,0,46.00,1,'PAGO MOA',NULL),(15,46,NULL,0,24.00,1,'TARJETA',NULL),(15,54,NULL,0,22.00,1,'TARJETA',NULL),(15,55,NULL,0,40.00,1,'PAGO MOA',NULL),(15,56,NULL,0,8.00,1,'PAGO MOA',NULL),(15,57,NULL,0,36.00,1,'PAGO MOA',NULL),(15,59,NULL,0,5.00,1,'TARJETA',NULL),(15,67,NULL,0,13.00,1,'TARJETA',NULL),(15,70,NULL,0,45.00,1,'PAGO MOA',NULL),(15,81,NULL,0,31.00,1,'TARJETA',NULL),(15,83,NULL,0,26.00,1,'PAGO MOA',NULL),(15,86,NULL,0,41.00,1,'TARJETA',NULL),(15,88,NULL,0,9.00,1,'PAGO MOA',NULL),(15,90,NULL,0,42.00,1,'TARJETA',NULL),(15,92,NULL,0,9.00,1,'TARJETA',NULL),(15,97,NULL,0,47.00,1,'TARJETA',NULL),(15,100,NULL,0,34.00,1,'TARJETA',NULL),(15,101,NULL,0,49.00,1,'TARJETA',NULL),(15,102,NULL,0,31.00,1,'TARJETA',NULL),(15,104,NULL,0,36.00,1,'TARJETA',NULL),(15,108,NULL,0,44.00,1,'TARJETA',NULL),(15,110,NULL,0,26.00,1,'TARJETA',NULL),(15,113,NULL,0,49.00,1,'TARJETA',NULL),(15,116,NULL,0,9.00,1,'TARJETA',NULL),(15,119,NULL,0,26.00,1,'TARJETA',NULL),(15,120,NULL,0,24.00,1,'PAGO MOA',NULL),(15,122,NULL,0,21.00,1,'PAGO MOA',NULL),(15,125,NULL,0,6.00,1,'PAGO MOA',NULL),(15,126,NULL,0,10.00,1,'TARJETA',NULL),(15,128,NULL,0,46.00,1,'PAGO MOA',NULL),(15,135,NULL,0,12.00,1,'PAGO MOA',NULL),(15,136,NULL,0,28.00,1,'TARJETA',NULL),(15,139,NULL,0,12.00,1,'TARJETA',NULL),(15,140,NULL,0,15.00,1,'PAGO MOA',NULL),(15,143,NULL,0,40.00,1,'PAGO MOA',NULL),(15,144,NULL,0,39.00,1,'TARJETA',NULL),(15,147,NULL,0,25.00,1,'TARJETA',NULL),(15,148,NULL,0,44.00,1,'TARJETA',NULL),(15,156,'25450',1,275.00,1,'CSV Import','Importado desde CSV. Pedido: 25450'),(15,196,'25488',1,325.00,1,'CSV Import','Importado desde CSV. Pedido: 25488'),(15,272,'25516',1,105.00,1,'CSV Import','Importado desde CSV. Pedido: 25516'),(15,291,'25531',1,265.00,1,'CSV Import','Importado desde CSV. Pedido: 25531'),(15,314,'25559',1,175.00,1,'CSV Import','Importado desde CSV. Pedido: 25559'),(15,350,'25585',1,215.00,1,'CSV Import','Importado desde CSV. Pedido: 25585'),(16,1,NULL,0,29.00,1,'TARJETA',NULL),(16,2,NULL,0,26.00,1,'PAGO MOA',NULL),(16,3,NULL,0,37.00,1,'TARJETA',NULL),(16,4,NULL,0,50.00,1,'PAGO MOA',NULL),(16,7,NULL,0,35.00,1,'PAGO MOA',NULL),(16,9,NULL,0,15.00,1,'TARJETA',NULL),(16,11,NULL,0,31.00,1,'TARJETA',NULL),(16,12,NULL,0,8.00,1,'TARJETA',NULL),(16,14,NULL,0,28.00,1,'PAGO MOA',NULL),(16,17,NULL,0,18.00,1,'TARJETA',NULL),(16,21,NULL,0,41.00,1,'TARJETA',NULL),(16,28,NULL,0,38.00,1,'PAGO MOA',NULL),(16,31,NULL,0,38.00,1,'PAGO MOA',NULL),(16,39,NULL,0,36.00,1,'TARJETA',NULL),(16,40,NULL,0,12.00,1,'PAGO MOA',NULL),(16,41,NULL,0,11.00,1,'PAGO MOA',NULL),(16,42,NULL,0,18.00,1,'TARJETA',NULL),(16,57,NULL,0,25.00,1,'PAGO MOA',NULL),(16,58,NULL,0,32.00,1,'TARJETA',NULL),(16,61,NULL,0,12.00,1,'TARJETA',NULL),(16,64,NULL,0,36.00,1,'TARJETA',NULL),(16,69,NULL,0,39.00,1,'TARJETA',NULL),(16,70,NULL,0,27.00,1,'TARJETA',NULL),(16,73,NULL,0,48.00,1,'TARJETA',NULL),(16,77,NULL,0,20.00,1,'TARJETA',NULL),(16,78,NULL,0,50.00,1,'PAGO MOA',NULL),(16,84,NULL,0,36.00,1,'PAGO MOA',NULL),(16,87,NULL,0,18.00,1,'PAGO MOA',NULL),(16,88,NULL,0,23.00,1,'TARJETA',NULL),(16,90,NULL,0,18.00,1,'PAGO MOA',NULL),(16,91,NULL,0,31.00,1,'TARJETA',NULL),(16,94,NULL,0,41.00,1,'PAGO MOA',NULL),(16,96,NULL,0,6.00,1,'PAGO MOA',NULL),(16,98,NULL,0,31.00,1,'PAGO MOA',NULL),(16,108,NULL,0,14.00,1,'PAGO MOA',NULL),(16,109,NULL,0,26.00,1,'TARJETA',NULL),(16,110,NULL,0,36.00,1,'TARJETA',NULL),(16,112,NULL,0,2.00,1,'TARJETA',NULL),(16,114,NULL,0,12.00,1,'TARJETA',NULL),(16,117,NULL,0,34.00,1,'PAGO MOA',NULL),(16,120,NULL,0,50.00,1,'TARJETA',NULL),(16,122,NULL,0,22.00,1,'PAGO MOA',NULL),(16,125,NULL,0,3.00,1,'PAGO MOA',NULL),(16,130,NULL,0,36.00,1,'PAGO MOA',NULL),(16,131,NULL,0,8.00,1,'PAGO MOA',NULL),(16,132,NULL,0,7.00,1,'PAGO MOA',NULL),(16,137,NULL,0,33.00,1,'PAGO MOA',NULL),(16,138,NULL,0,35.00,1,'TARJETA',NULL),(16,139,NULL,0,0.00,1,'PAGO MOA',NULL),(16,140,NULL,0,50.00,1,'PAGO MOA',NULL),(16,141,NULL,0,0.00,1,'PAGO MOA',NULL),(16,142,NULL,0,19.00,1,'PAGO MOA',NULL),(16,144,NULL,0,45.00,1,'PAGO MOA',NULL),(16,145,NULL,0,34.00,1,'PAGO MOA',NULL),(16,147,NULL,0,40.00,1,'TARJETA',NULL);
/*!40000 ALTER TABLE `inscripciones` ENABLE KEYS */;
UNLOCK TABLES;

--
-- Table structure for table `job_batches`
--

DROP TABLE IF EXISTS `job_batches`;
/*!40101 SET @saved_cs_client     = @@character_set_client */;
/*!50503 SET character_set_client = utf8mb4 */;
CREATE TABLE `job_batches` (
  `id` varchar(255) NOT NULL,
  `name` varchar(255) NOT NULL,
  `total_jobs` int(11) NOT NULL,
  `pending_jobs` int(11) NOT NULL,
  `failed_jobs` int(11) NOT NULL,
  `failed_job_ids` longtext NOT NULL,
  `options` mediumtext DEFAULT NULL,
  `cancelled_at` int(11) DEFAULT NULL,
  `created_at` int(11) NOT NULL,
  `finished_at` int(11) DEFAULT NULL,
  PRIMARY KEY (`id`)
) ENGINE=InnoDB DEFAULT CHARSET=utf8mb4 COLLATE=utf8mb4_unicode_ci;
/*!40101 SET character_set_client = @saved_cs_client */;

--
-- Dumping data for table `job_batches`
--

LOCK TABLES `job_batches` WRITE;
/*!40000 ALTER TABLE `job_batches` DISABLE KEYS */;
/*!40000 ALTER TABLE `job_batches` ENABLE KEYS */;
UNLOCK TABLES;

--
-- Table structure for table `jobs`
--

DROP TABLE IF EXISTS `jobs`;
/*!40101 SET @saved_cs_client     = @@character_set_client */;
/*!50503 SET character_set_client = utf8mb4 */;
CREATE TABLE `jobs` (
  `id` bigint(20) unsigned NOT NULL AUTO_INCREMENT,
  `queue` varchar(255) NOT NULL,
  `payload` longtext NOT NULL,
  `attempts` tinyint(3) unsigned NOT NULL,
  `reserved_at` int(10) unsigned DEFAULT NULL,
  `available_at` int(10) unsigned NOT NULL,
  `created_at` int(10) unsigned NOT NULL,
  PRIMARY KEY (`id`),
  KEY `jobs_queue_index` (`queue`)
) ENGINE=InnoDB DEFAULT CHARSET=utf8mb4 COLLATE=utf8mb4_unicode_ci;
/*!40101 SET character_set_client = @saved_cs_client */;

--
-- Dumping data for table `jobs`
--

LOCK TABLES `jobs` WRITE;
/*!40000 ALTER TABLE `jobs` DISABLE KEYS */;
/*!40000 ALTER TABLE `jobs` ENABLE KEYS */;
UNLOCK TABLES;

--
-- Table structure for table `migrations`
--

DROP TABLE IF EXISTS `migrations`;
/*!40101 SET @saved_cs_client     = @@character_set_client */;
/*!50503 SET character_set_client = utf8mb4 */;
CREATE TABLE `migrations` (
  `id` int(10) unsigned NOT NULL AUTO_INCREMENT,
  `migration` varchar(255) NOT NULL,
  `batch` int(11) NOT NULL,
  PRIMARY KEY (`id`)
) ENGINE=InnoDB AUTO_INCREMENT=6 DEFAULT CHARSET=utf8mb4 COLLATE=utf8mb4_unicode_ci;
/*!40101 SET character_set_client = @saved_cs_client */;

--
-- Dumping data for table `migrations`
--

LOCK TABLES `migrations` WRITE;
/*!40000 ALTER TABLE `migrations` DISABLE KEYS */;
INSERT INTO `migrations` VALUES (1,'0001_01_01_000000_create_users_table',1),(2,'0001_01_01_000001_create_cache_table',1),(3,'0001_01_01_000002_create_jobs_table',1),(4,'2025_02_19_093753_create_personal_access_tokens_table',1),(5,'2025_02_19_171427_create_permission_tables',1);
/*!40000 ALTER TABLE `migrations` ENABLE KEYS */;
UNLOCK TABLES;

--
-- Table structure for table `model_has_permissions`
--

DROP TABLE IF EXISTS `model_has_permissions`;
/*!40101 SET @saved_cs_client     = @@character_set_client */;
/*!50503 SET character_set_client = utf8mb4 */;
CREATE TABLE `model_has_permissions` (
  `permission_id` bigint(20) unsigned NOT NULL,
  `model_type` varchar(255) NOT NULL,
  `model_id` bigint(20) unsigned NOT NULL,
  PRIMARY KEY (`permission_id`,`model_id`,`model_type`),
  KEY `model_has_permissions_model_id_model_type_index` (`model_id`,`model_type`),
  CONSTRAINT `model_has_permissions_permission_id_foreign` FOREIGN KEY (`permission_id`) REFERENCES `permissions` (`id`) ON DELETE CASCADE
) ENGINE=InnoDB DEFAULT CHARSET=utf8mb4 COLLATE=utf8mb4_unicode_ci;
/*!40101 SET character_set_client = @saved_cs_client */;

--
-- Dumping data for table `model_has_permissions`
--

LOCK TABLES `model_has_permissions` WRITE;
/*!40000 ALTER TABLE `model_has_permissions` DISABLE KEYS */;
/*!40000 ALTER TABLE `model_has_permissions` ENABLE KEYS */;
UNLOCK TABLES;

--
-- Table structure for table `model_has_roles`
--

DROP TABLE IF EXISTS `model_has_roles`;
/*!40101 SET @saved_cs_client     = @@character_set_client */;
/*!50503 SET character_set_client = utf8mb4 */;
CREATE TABLE `model_has_roles` (
  `role_id` bigint(20) unsigned NOT NULL,
  `model_type` varchar(255) NOT NULL,
  `model_id` bigint(20) unsigned NOT NULL,
  PRIMARY KEY (`role_id`,`model_id`,`model_type`),
  KEY `model_has_roles_model_id_model_type_index` (`model_id`,`model_type`),
  CONSTRAINT `model_has_roles_role_id_foreign` FOREIGN KEY (`role_id`) REFERENCES `roles` (`id`) ON DELETE CASCADE
) ENGINE=InnoDB DEFAULT CHARSET=utf8mb4 COLLATE=utf8mb4_unicode_ci;
/*!40101 SET character_set_client = @saved_cs_client */;

--
-- Dumping data for table `model_has_roles`
--

LOCK TABLES `model_has_roles` WRITE;
/*!40000 ALTER TABLE `model_has_roles` DISABLE KEYS */;
INSERT INTO `model_has_roles` VALUES (1,'App\\Models\\Usuario',1),(2,'App\\Models\\Usuario',2),(2,'App\\Models\\Usuario',3),(2,'App\\Models\\Usuario',4),(2,'App\\Models\\Usuario',5),(2,'App\\Models\\Usuario',6),(3,'App\\Models\\Usuario',7),(3,'App\\Models\\Usuario',8),(3,'App\\Models\\Usuario',9),(3,'App\\Models\\Usuario',10),(3,'App\\Models\\Usuario',11),(3,'App\\Models\\Usuario',12),(3,'App\\Models\\Usuario',13),(3,'App\\Models\\Usuario',14),(3,'App\\Models\\Usuario',15),(3,'App\\Models\\Usuario',16),(3,'App\\Models\\Usuario',17),(3,'App\\Models\\Usuario',18),(3,'App\\Models\\Usuario',19),(3,'App\\Models\\Usuario',20),(3,'App\\Models\\Usuario',21),(3,'App\\Models\\Usuario',22),(3,'App\\Models\\Usuario',23),(3,'App\\Models\\Usuario',24),(3,'App\\Models\\Usuario',25),(3,'App\\Models\\Usuario',26),(3,'App\\Models\\Usuario',27),(3,'App\\Models\\Usuario',28),(3,'App\\Models\\Usuario',29),(3,'App\\Models\\Usuario',30),(3,'App\\Models\\Usuario',31),(3,'App\\Models\\Usuario',32),(3,'App\\Models\\Usuario',33),(3,'App\\Models\\Usuario',34),(3,'App\\Models\\Usuario',35),(3,'App\\Models\\Usuario',36),(3,'App\\Models\\Usuario',37),(3,'App\\Models\\Usuario',38),(3,'App\\Models\\Usuario',39),(3,'App\\Models\\Usuario',40),(3,'App\\Models\\Usuario',41),(3,'App\\Models\\Usuario',42),(3,'App\\Models\\Usuario',43),(3,'App\\Models\\Usuario',44),(3,'App\\Models\\Usuario',45),(3,'App\\Models\\Usuario',46),(3,'App\\Models\\Usuario',47),(3,'App\\Models\\Usuario',48),(3,'App\\Models\\Usuario',49),(3,'App\\Models\\Usuario',50),(3,'App\\Models\\Usuario',51),(3,'App\\Models\\Usuario',52),(3,'App\\Models\\Usuario',53),(3,'App\\Models\\Usuario',54),(3,'App\\Models\\Usuario',55),(3,'App\\Models\\Usuario',56),(3,'App\\Models\\Usuario',57),(3,'App\\Models\\Usuario',58),(3,'App\\Models\\Usuario',59),(3,'App\\Models\\Usuario',60),(3,'App\\Models\\Usuario',61),(3,'App\\Models\\Usuario',62),(3,'App\\Models\\Usuario',63),(3,'App\\Models\\Usuario',64),(3,'App\\Models\\Usuario',65),(3,'App\\Models\\Usuario',66),(3,'App\\Models\\Usuario',67),(3,'App\\Models\\Usuario',68),(3,'App\\Models\\Usuario',69),(3,'App\\Models\\Usuario',70),(3,'App\\Models\\Usuario',71),(3,'App\\Models\\Usuario',72),(3,'App\\Models\\Usuario',73),(3,'App\\Models\\Usuario',74),(3,'App\\Models\\Usuario',75),(3,'App\\Models\\Usuario',76),(3,'App\\Models\\Usuario',77),(3,'App\\Models\\Usuario',78),(3,'App\\Models\\Usuario',79),(3,'App\\Models\\Usuario',80),(3,'App\\Models\\Usuario',81),(3,'App\\Models\\Usuario',82),(3,'App\\Models\\Usuario',83),(3,'App\\Models\\Usuario',84),(3,'App\\Models\\Usuario',85),(3,'App\\Models\\Usuario',86),(3,'App\\Models\\Usuario',87),(3,'App\\Models\\Usuario',88),(3,'App\\Models\\Usuario',89),(3,'App\\Models\\Usuario',90),(3,'App\\Models\\Usuario',91),(3,'App\\Models\\Usuario',92),(3,'App\\Models\\Usuario',93),(3,'App\\Models\\Usuario',94),(3,'App\\Models\\Usuario',95),(3,'App\\Models\\Usuario',96),(3,'App\\Models\\Usuario',97),(3,'App\\Models\\Usuario',98),(3,'App\\Models\\Usuario',99),(3,'App\\Models\\Usuario',100),(3,'App\\Models\\Usuario',101),(3,'App\\Models\\Usuario',102),(3,'App\\Models\\Usuario',103),(3,'App\\Models\\Usuario',104),(3,'App\\Models\\Usuario',105),(3,'App\\Models\\Usuario',106),(3,'App\\Models\\Usuario',107),(3,'App\\Models\\Usuario',108),(3,'App\\Models\\Usuario',109),(3,'App\\Models\\Usuario',110),(3,'App\\Models\\Usuario',111),(3,'App\\Models\\Usuario',112),(3,'App\\Models\\Usuario',113),(3,'App\\Models\\Usuario',114),(3,'App\\Models\\Usuario',115),(3,'App\\Models\\Usuario',116),(3,'App\\Models\\Usuario',117),(3,'App\\Models\\Usuario',118),(3,'App\\Models\\Usuario',119),(3,'App\\Models\\Usuario',120),(3,'App\\Models\\Usuario',121),(3,'App\\Models\\Usuario',122),(3,'App\\Models\\Usuario',123),(3,'App\\Models\\Usuario',124),(3,'App\\Models\\Usuario',125),(3,'App\\Models\\Usuario',126),(3,'App\\Models\\Usuario',127),(3,'App\\Models\\Usuario',128),(3,'App\\Models\\Usuario',129),(3,'App\\Models\\Usuario',130),(3,'App\\Models\\Usuario',131),(3,'App\\Models\\Usuario',132),(3,'App\\Models\\Usuario',133),(3,'App\\Models\\Usuario',134),(3,'App\\Models\\Usuario',135),(3,'App\\Models\\Usuario',136),(3,'App\\Models\\Usuario',137),(3,'App\\Models\\Usuario',138),(3,'App\\Models\\Usuario',139),(3,'App\\Models\\Usuario',140),(3,'App\\Models\\Usuario',141),(3,'App\\Models\\Usuario',142),(3,'App\\Models\\Usuario',143),(3,'App\\Models\\Usuario',144),(3,'App\\Models\\Usuario',145),(3,'App\\Models\\Usuario',146),(3,'App\\Models\\Usuario',147),(3,'App\\Models\\Usuario',148),(3,'App\\Models\\Usuario',149),(3,'App\\Models\\Usuario',150),(3,'App\\Models\\Usuario',151),(3,'App\\Models\\Usuario',152),(3,'App\\Models\\Usuario',153),(3,'App\\Models\\Usuario',154),(3,'App\\Models\\Usuario',155),(3,'App\\Models\\Usuario',156),(3,'App\\Models\\Usuario',157),(3,'App\\Models\\Usuario',158),(3,'App\\Models\\Usuario',159),(3,'App\\Models\\Usuario',160),(3,'App\\Models\\Usuario',161),(3,'App\\Models\\Usuario',162),(3,'App\\Models\\Usuario',163),(3,'App\\Models\\Usuario',164),(3,'App\\Models\\Usuario',165),(3,'App\\Models\\Usuario',166),(3,'App\\Models\\Usuario',167),(3,'App\\Models\\Usuario',168),(3,'App\\Models\\Usuario',169),(3,'App\\Models\\Usuario',170),(3,'App\\Models\\Usuario',171),(3,'App\\Models\\Usuario',172),(3,'App\\Models\\Usuario',173),(3,'App\\Models\\Usuario',174),(3,'App\\Models\\Usuario',175),(3,'App\\Models\\Usuario',176),(3,'App\\Models\\Usuario',177),(3,'App\\Models\\Usuario',178),(3,'App\\Models\\Usuario',179),(3,'App\\Models\\Usuario',180),(3,'App\\Models\\Usuario',181),(3,'App\\Models\\Usuario',182),(3,'App\\Models\\Usuario',183),(3,'App\\Models\\Usuario',184),(3,'App\\Models\\Usuario',185),(3,'App\\Models\\Usuario',186),(3,'App\\Models\\Usuario',187),(3,'App\\Models\\Usuario',188),(3,'App\\Models\\Usuario',189),(3,'App\\Models\\Usuario',190),(3,'App\\Models\\Usuario',191),(3,'App\\Models\\Usuario',192),(3,'App\\Models\\Usuario',193),(3,'App\\Models\\Usuario',194),(3,'App\\Models\\Usuario',195),(3,'App\\Models\\Usuario',196),(3,'App\\Models\\Usuario',197),(3,'App\\Models\\Usuario',198),(3,'App\\Models\\Usuario',199),(3,'App\\Models\\Usuario',200),(3,'App\\Models\\Usuario',201),(3,'App\\Models\\Usuario',202),(3,'App\\Models\\Usuario',203),(3,'App\\Models\\Usuario',204),(3,'App\\Models\\Usuario',205),(3,'App\\Models\\Usuario',206),(3,'App\\Models\\Usuario',207),(3,'App\\Models\\Usuario',208),(3,'App\\Models\\Usuario',209),(3,'App\\Models\\Usuario',210),(3,'App\\Models\\Usuario',211),(3,'App\\Models\\Usuario',212),(3,'App\\Models\\Usuario',213),(3,'App\\Models\\Usuario',214),(3,'App\\Models\\Usuario',215),(3,'App\\Models\\Usuario',216),(3,'App\\Models\\Usuario',217),(3,'App\\Models\\Usuario',218),(3,'App\\Models\\Usuario',219),(3,'App\\Models\\Usuario',220),(3,'App\\Models\\Usuario',221),(3,'App\\Models\\Usuario',222),(3,'App\\Models\\Usuario',223),(3,'App\\Models\\Usuario',224),(3,'App\\Models\\Usuario',225),(3,'App\\Models\\Usuario',226),(3,'App\\Models\\Usuario',227),(3,'App\\Models\\Usuario',228),(3,'App\\Models\\Usuario',229),(3,'App\\Models\\Usuario',230),(3,'App\\Models\\Usuario',231),(3,'App\\Models\\Usuario',232),(3,'App\\Models\\Usuario',233),(3,'App\\Models\\Usuario',234),(3,'App\\Models\\Usuario',235),(3,'App\\Models\\Usuario',236),(3,'App\\Models\\Usuario',237),(3,'App\\Models\\Usuario',238),(3,'App\\Models\\Usuario',239),(3,'App\\Models\\Usuario',240),(3,'App\\Models\\Usuario',241),(3,'App\\Models\\Usuario',242),(3,'App\\Models\\Usuario',243),(3,'App\\Models\\Usuario',244),(3,'App\\Models\\Usuario',245),(3,'App\\Models\\Usuario',246),(3,'App\\Models\\Usuario',247),(3,'App\\Models\\Usuario',248),(3,'App\\Models\\Usuario',249),(3,'App\\Models\\Usuario',250),(3,'App\\Models\\Usuario',251),(3,'App\\Models\\Usuario',252),(3,'App\\Models\\Usuario',253),(3,'App\\Models\\Usuario',254),(3,'App\\Models\\Usuario',255),(3,'App\\Models\\Usuario',256),(3,'App\\Models\\Usuario',257),(3,'App\\Models\\Usuario',258),(3,'App\\Models\\Usuario',259),(3,'App\\Models\\Usuario',260),(3,'App\\Models\\Usuario',261),(3,'App\\Models\\Usuario',262),(3,'App\\Models\\Usuario',263),(3,'App\\Models\\Usuario',264),(3,'App\\Models\\Usuario',265),(3,'App\\Models\\Usuario',266),(3,'App\\Models\\Usuario',267),(3,'App\\Models\\Usuario',268),(3,'App\\Models\\Usuario',269),(3,'App\\Models\\Usuario',270),(3,'App\\Models\\Usuario',271),(3,'App\\Models\\Usuario',272),(3,'App\\Models\\Usuario',273),(3,'App\\Models\\Usuario',274),(3,'App\\Models\\Usuario',275),(3,'App\\Models\\Usuario',276),(3,'App\\Models\\Usuario',277),(3,'App\\Models\\Usuario',278),(3,'App\\Models\\Usuario',279),(3,'App\\Models\\Usuario',280),(3,'App\\Models\\Usuario',281),(3,'App\\Models\\Usuario',282),(3,'App\\Models\\Usuario',283),(3,'App\\Models\\Usuario',284),(3,'App\\Models\\Usuario',285),(3,'App\\Models\\Usuario',286),(3,'App\\Models\\Usuario',287),(3,'App\\Models\\Usuario',288),(3,'App\\Models\\Usuario',289),(3,'App\\Models\\Usuario',290),(3,'App\\Models\\Usuario',291),(3,'App\\Models\\Usuario',292),(3,'App\\Models\\Usuario',293),(3,'App\\Models\\Usuario',294),(3,'App\\Models\\Usuario',295),(3,'App\\Models\\Usuario',296),(3,'App\\Models\\Usuario',297),(3,'App\\Models\\Usuario',298),(3,'App\\Models\\Usuario',299),(3,'App\\Models\\Usuario',300),(3,'App\\Models\\Usuario',301),(3,'App\\Models\\Usuario',302),(3,'App\\Models\\Usuario',303),(3,'App\\Models\\Usuario',304),(3,'App\\Models\\Usuario',305),(3,'App\\Models\\Usuario',306);
/*!40000 ALTER TABLE `model_has_roles` ENABLE KEYS */;
UNLOCK TABLES;

--
-- Table structure for table `noticias`
--

DROP TABLE IF EXISTS `noticias`;
/*!40101 SET @saved_cs_client     = @@character_set_client */;
/*!50503 SET character_set_client = utf8mb4 */;
CREATE TABLE `noticias` (
  `id` bigint(20) unsigned NOT NULL AUTO_INCREMENT,
  `campeonato_id` bigint(20) unsigned NOT NULL,
  `titulo` varchar(255) NOT NULL,
  `contenido` text NOT NULL,
  `imagen` varchar(255) DEFAULT NULL,
  `video` varchar(255) DEFAULT NULL,
  `destacada` tinyint(1) NOT NULL DEFAULT 0,
  `publicada` tinyint(1) NOT NULL DEFAULT 0,
  `fecha` datetime DEFAULT NULL,
  `slug` varchar(255) NOT NULL,
  PRIMARY KEY (`id`),
  UNIQUE KEY `noticias_slug_unique` (`slug`),
  KEY `noticias_campeonato_id_foreign` (`campeonato_id`),
  CONSTRAINT `noticias_campeonato_id_foreign` FOREIGN KEY (`campeonato_id`) REFERENCES `campeonatos` (`id`) ON DELETE CASCADE
) ENGINE=InnoDB DEFAULT CHARSET=utf8mb4 COLLATE=utf8mb4_unicode_ci;
/*!40101 SET character_set_client = @saved_cs_client */;

--
-- Dumping data for table `noticias`
--

LOCK TABLES `noticias` WRITE;
/*!40000 ALTER TABLE `noticias` DISABLE KEYS */;
/*!40000 ALTER TABLE `noticias` ENABLE KEYS */;
UNLOCK TABLES;

--
-- Table structure for table `notificaciones`
--

DROP TABLE IF EXISTS `notificaciones`;
/*!40101 SET @saved_cs_client     = @@character_set_client */;
/*!50503 SET character_set_client = utf8mb4 */;
CREATE TABLE `notificaciones` (
  `id` bigint(20) unsigned NOT NULL AUTO_INCREMENT,
  `titulo` varchar(100) NOT NULL,
  `mensaje` text NOT NULL,
  PRIMARY KEY (`id`)
) ENGINE=InnoDB DEFAULT CHARSET=utf8mb4 COLLATE=utf8mb4_unicode_ci;
/*!40101 SET character_set_client = @saved_cs_client */;

--
-- Dumping data for table `notificaciones`
--

LOCK TABLES `notificaciones` WRITE;
/*!40000 ALTER TABLE `notificaciones` DISABLE KEYS */;
/*!40000 ALTER TABLE `notificaciones` ENABLE KEYS */;
UNLOCK TABLES;

--
-- Table structure for table `participantes`
--

DROP TABLE IF EXISTS `participantes`;
/*!40101 SET @saved_cs_client     = @@character_set_client */;
/*!50503 SET character_set_client = utf8mb4 */;
CREATE TABLE `participantes` (
  `id` bigint(20) unsigned NOT NULL AUTO_INCREMENT,
  `nombre` varchar(100) NOT NULL,
  `apellidos` varchar(100) DEFAULT NULL,
  `fecha_nacimiento` date DEFAULT NULL,
  `pais` varchar(100) DEFAULT NULL,
  `region` varchar(100) DEFAULT NULL,
  `poblacion` varchar(100) DEFAULT NULL,
  `usuario_id` bigint(20) unsigned NOT NULL,
  PRIMARY KEY (`id`),
  KEY `participantes_usuario_id_foreign` (`usuario_id`),
  CONSTRAINT `participantes_usuario_id_foreign` FOREIGN KEY (`usuario_id`) REFERENCES `usuarios` (`id`) ON DELETE CASCADE
) ENGINE=InnoDB AUTO_INCREMENT=347 DEFAULT CHARSET=utf8mb4 COLLATE=utf8mb4_unicode_ci;
/*!40101 SET character_set_client = @saved_cs_client */;

--
-- Dumping data for table `participantes`
--

LOCK TABLES `participantes` WRITE;
/*!40000 ALTER TABLE `participantes` DISABLE KEYS */;
INSERT INTO `participantes` VALUES (1,'Carolina','Pastor','1995-06-01','Ucrania','Zaragoza','Farías de San Pedro',7),(2,'Lucas','Leal','1987-01-13','Suiza','Palencia','Vall Casanova de la Sierra',8),(3,'Sergio','Vicente','1977-05-07','Libia','Ciudad Real','Las Deleón Alta',9),(4,'Emilia','Luque','2008-05-23','Malta','Granada','Vall Almanza',10),(5,'Aitor','Meléndez','2012-09-02','Zambia','Melilla','Reina de la Sierra',11),(6,'Nil','Galarza','1978-03-26','China','Málaga','Os Márquez del Mirador',12),(7,'Víctor','Mateos','1970-11-19','Timor Oriental','Valladolid','A Alanis',13),(8,'Jorge','Vicente','2011-12-02','Macedonia','Murcia','Holguín de las Torres',14),(9,'Yeray','Abrego','1992-07-13','Perú','Badajoz','Carrasco del Barco',15),(10,'Nerea','Mojica','1972-02-16','Congo','A Coruña','As Montemayor del Bages',16),(11,'Adam','Lucio','2003-10-06','Noruega','Pontevedra','El Velásquez',17),(12,'Ángeles','Cervántez','1985-11-23','Francia','Almería','Lebrón del Pozo',18),(13,'Paola','Méndez','1999-04-02','Botsuana','Cantabria','Os Saavedra Baja',19),(14,'Jaime','Frías','1984-09-21','Moldavia','Asturias','San Escobedo del Penedès',20),(15,'Rafael','Paz','1997-07-11','Malaui','Sevilla','Vall Apodaca del Puerto',21),(16,'Omar','Alicea','2011-04-17','Etiopía','Málaga','Mata de Lemos',22),(17,'Alicia','Pereira','2006-08-15','Honduras','Cantabria','O Blasco',23),(18,'Mireia','Ulibarri','1972-05-25','Granada','Pontevedra','Urías del Pozo',24),(19,'Inés','Sáez','2006-12-06','Mongolia','Ciudad Real','Vall Salvador Baja',25),(20,'Olga','Botello','1989-08-22','Kuwait','Burgos','Los Ulloa del Pozo',26),(21,'Gabriel','Barroso','1997-01-25','Estados Unidos de América','Almería','Perea del Penedès',27),(22,'José','Sáez','2011-11-12','Croacia','Salamanca','Villa Escribano',28),(23,'Sergio','Quiñónez','2006-08-05','Bosnia-Herzegovina','Ciudad Real','A Collazo',29),(24,'Jordi','Pozo','2008-10-09','San Vicente y las Granadinas','Toledo','Villa Carrasco',30),(25,'Hugo','Carreón','1985-10-17','Hungría','Badajoz','El Altamirano',31),(26,'Gonzalo','Valadez','1973-06-29','Bosnia-Herzegovina','Vizcaya','Los Espinal del Vallès',32),(27,'Nicolás','Coronado','2012-03-06','Hungría','Castellón','Valencia del Pozo',33),(28,'Elena','Madrigal','1986-07-16','Vietnam','Ávila','Os Nieves',34),(29,'Elena','Román','2004-03-15','Bangladés','Melilla','Portillo del Pozo',35),(30,'Daniela','Saiz','1970-12-29','Letonia','Las Palmas','San Bermejo',36),(31,'Zoe','Pérez','2006-09-30','Azerbaiyán','Málaga','La Arguello',37),(32,'Mario','Castillo','1980-05-04','Kiribati','Cuenca','As Valdivia del Barco',38),(33,'Adrián','Segura','2003-05-30','Sierra Leona','Sevilla','Los Rosas de las Torres',39),(34,'Raúl','Salgado','2005-03-22','Angola','Pontevedra','San Granados del Pozo',40),(35,'Rocío','Gaona','1978-12-19','Yibuti','Ciudad Real','Alcántar Alta',41),(36,'Natalia','Pineda','1990-09-08','Zimbabue','Ceuta','O Quiñónez',42),(37,'Iker','Vanegas','1984-01-10','Tayikistán','Cantabria','Vall Carvajal',43),(38,'Zoe','Ojeda','1998-08-23','Honduras','Guadalajara','Las Saavedra',44),(39,'Jesús','Reina','1981-02-11','Polonia','Castellón','Las Sánchez del Vallès',45),(40,'Mar','Grijalva','1975-05-11','Gabón','Navarra','Barragán de Lemos',46),(41,'Esther','Barroso','2001-07-25','Montenegro','Cádiz','Valadez de Lemos',47),(42,'Diana','Santacruz','1993-04-15','Antigua y Barbuda','La Rioja','Las Apodaca de la Sierra',48),(43,'Alexia','Peña','2002-02-02','Guatemala','Palencia','As Miguel',49),(44,'Javier','Peña','2006-05-04','Zimbabue','A Coruña','Carrera del Pozo',50),(45,'Francisca','Rosario','2002-10-10','Lesoto','Navarra','Villareal Baja',51),(46,'Diana','Almaráz','1980-04-25','Eslovaquia','Guipuzkoa','Vall Solano',52),(47,'Jan','Barrios','1998-10-19','Panamá','Madrid','Las Mondragón',53),(48,'Nahia','Caballero','2003-03-14','Nauru','León','A Acosta',54),(49,'Aitor','Reséndez','2004-04-27','Fiyi','Badajoz','L\' Castillo',55),(50,'Gabriel','Rael','1982-02-16','Egipto','Teruel','Las Segovia del Bages',56),(51,'Paola','Beltrán','1973-10-15','Singapur','Zaragoza','O Barragán',57),(52,'Mara','Morales','1987-07-19','Estonia','Jaén','Vall Rolón del Vallès',58),(53,'Ariadna','Meléndez','1980-09-28','Suazilandia','Melilla','Valencia del Vallès',59),(54,'Oriol','Rosa','2011-09-29','Ruanda','Sevilla','Villa Polanco',60),(55,'Nicolás','Colón','2011-05-06','Togo','Almería','L\' Anaya',61),(56,'José','Salas','2005-05-03','Santo Tomé y Príncipe','La Rioja','A Carmona',62),(57,'Yago','De la Fuente','1987-08-02','Sri Lanka','A Coruña','Las Marcos',63),(58,'Lorena','Terán','1996-02-10','Dominica','Girona','Llamas de Lemos',64),(59,'Jon','Otero','1993-08-08','Mauritania','Málaga','As Negrón de las Torres',65),(60,'María Ángeles','Lerma','1990-08-31','Nicaragua','Ceuta','Vall Costa',66),(61,'Martina','Barrientos','1989-07-25','Arabia Saudí','Asturias','Osorio del Mirador',67),(62,'Lola','Ojeda','1996-11-21','Polonia','Salamanca','Pacheco del Pozo',68),(63,'Ismael','Maldonado','2004-07-17','Ruanda','Huesca','Olivas Alta',69),(64,'Héctor','Tirado','1980-08-29','Botsuana','Granada','Cruz de Lemos',70),(65,'Alejandra','Valdez','1991-11-11','Suazilandia','Castellón','Os Garay',71),(66,'Luis','Quintanilla','1982-01-28','República Checa','Melilla','Matos del Pozo',72),(67,'Isaac','Ramón','1996-09-15','Congo','Madrid','El Leal del Penedès',73),(68,'Nadia','Oquendo','1988-05-31','Vanuatu','Guadalajara','Los Mejía del Vallès',74),(69,'Pedro','Espinal','1989-02-25','Sudáfrica','Asturias','A Salas Alta',75),(70,'Alex','Gámez','1983-07-12','Tuvalu','Guadalajara','Los Burgos',76),(71,'Yolanda','Holguín','1995-02-06','Santo Tomé y Príncipe','Burgos','Zelaya de Ulla',77),(72,'Aina','Murillo','1994-11-25','Tonga','Almería','As Guillen del Pozo',78),(73,'Alejandro','Mata','1984-10-25','Samoa','Lugo','Carrero del Bages',79),(74,'Daniela','Godoy','1989-06-02','Chile','Madrid','La Luna',80),(75,'Inés','Villalobos','2002-10-13','Panamá','Toledo','San Rincón de San Pedro',81),(76,'Juan José','Jaramillo','1978-02-22','República Dominicana','Guipuzkoa','Jiménez de las Torres',82),(77,'Mara','Pizarro','1996-12-03','Ecuador','Cádiz','L\' Oquendo de Lemos',83),(78,'Aina','Marín','1992-07-07','Seychelles','Teruel','Os Jimínez de San Pedro',84),(79,'Alejandra','Lugo','1984-04-19','Irak','Lugo','Valle del Vallès',85),(80,'Alexandra','Sepúlveda','1998-07-30','Mauricio','Cantabria','Rey Baja',86),(81,'Raquel','Armijo','1998-10-30','Guinea-Bisáu','Ourense','O Mateo',87),(82,'Joel','Moya','1986-04-18','Baréin','Murcia','Luján de la Sierra',88),(83,'Mara','Arguello','1990-01-11','Macedonia','Guadalajara','Lemus de Lemos',89),(84,'Gloria','Arce','1984-08-09','Cabo Verde','Córdoba','La Saldaña del Bages',90),(85,'José','Serra','2003-08-15','Austria','Girona','El Riera de las Torres',91),(86,'Sara','Barreto','1991-01-30','Guatemala','Ávila','San Santana',92),(87,'Naia','Alonso','1985-03-16','Jamaica','Ávila','Los Zavala del Penedès',93),(88,'Rubén','Vera','2006-03-15','Trinidad y Tobago','Lugo','Os Almonte',94),(89,'Miguel','Mesa','1970-02-04','Sierra Leona','Palencia','San Peláez de San Pedro',95),(90,'Sofía','Aguado','1984-01-05','Bélgica','Huesca','Los Armendáriz',96),(91,'Enrique','Sola','1994-07-14','India','Burgos','San Carranza de la Sierra',97),(92,'Isabel','Cortés','2005-06-08','Bulgaria','Guadalajara','Tirado Medio',98),(93,'José Antonio','Tello','2001-08-01','Bélgica','Barcelona','O Bustamante',99),(94,'Mateo','Ulibarri','2010-05-30','Suazilandia','Madrid','Los Ponce Medio',100),(95,'Yago','Bermejo','1976-10-06','Costa de Marfil','Cáceres','Guerra de Arriba',101),(96,'Ángeles','Escribano','1988-07-04','Gabón','Cantabria','As Orellana',102),(97,'Martín','Gutiérrez','2010-01-04','Jamaica','Alicante','Barragán Alta',103),(98,'Sara','Farías','1976-04-27','Nicaragua','Murcia','O Olivárez',104),(99,'Rocío','Martí','1973-07-30','Moldavia','Almería','A De la Cruz',105),(100,'Jordi','Banda','1989-06-24','Irán','Illes Balears','O Expósito',106),(101,'Ángel','Alvarado','1981-10-31','Guatemala','Ciudad Real','La Hurtado',107),(102,'Alexandra','Orozco','1989-09-04','Brunéi Darusalam','Pontevedra','Os Enríquez de Ulla',108),(103,'José Manuel','Nazario','2006-11-13','Nepal','Palencia','La Téllez',109),(104,'Ana María','Castillo','1990-08-08','Colombia','Lleida','San Alanis de las Torres',110),(105,'Carmen','Serrato','1990-07-16','Libia','Granada','Piñeiro del Puerto',111),(106,'Samuel','Segura','1970-01-30','Jamaica','Teruel','Esquivel del Penedès',112),(107,'Nora','Rivera','2008-08-11','Omán','Córdoba','El Madrid',113),(108,'Alejandro','Esquivel','1971-03-23','Estados Unidos de América','Madrid','As Roldán',114),(109,'Pilar','Aguilera','1972-01-07','Vietnam','Ciudad Real','Contreras de Lemos',115),(110,'Mario','Villanueva','1995-11-06','Trinidad y Tobago','Zaragoza','Villa Segovia del Penedès',116),(111,'Alonso','Castillo','2002-03-01','Nueva Zelanda','Málaga','O Peña de San Pedro',117),(112,'Nuria','Salcido','1982-11-09','Bangladés','Las Palmas','San Román Baja',118),(113,'Unai','Mata','1978-03-28','Kirguistán','Jaén','As Armendáriz de Lemos',119),(114,'Yaiza','Alejandro','1986-04-10','Camerún','Valencia','Los Soto del Penedès',120),(115,'Patricia','Gastélum','2008-05-01','Pakistán','Zamora','As Corrales de Lemos',121),(116,'Sonia','Martí','2001-09-11','Chile','Melilla','Parra del Puerto',122),(117,'Yeray','Zepeda','1983-07-24','Ghana','Córdoba','Román Baja',123),(118,'Eduardo','Campos','2002-12-14','Rusia','Ceuta','O Jaimes del Puerto',124),(119,'Claudia','Sotelo','2007-01-27','Sudáfrica','Navarra','Alba de San Pedro',125),(120,'Ana María','Valenzuela','2012-07-16','Eslovenia','Ourense','Las Cabrera de Arriba',126),(121,'Rafael','Segovia','1986-06-27','Polonia','Guadalajara','Medina de Arriba',127),(122,'Fernando','Saldaña','1987-09-24','Jamaica','A Coruña','Pizarro del Barco',128),(123,'Esther','Trujillo','1973-08-28','Mozambique','Huesca','A Reyes de Arriba',129),(124,'Unai','Guerrero','1988-05-18','Camerún','Illes Balears','Longoria del Barco',130),(125,'Josefa','Sevilla','1994-08-10','Senegal','Valladolid','Luna del Vallès',131),(126,'Rosa María','De la Cruz','1978-12-30','Uruguay','Tarragona','San Navas de San Pedro',132),(127,'Sergio','Santos','1985-05-21','Liechtenstein','A Coruña','Los Velásquez de San Pedro',133),(128,'Pilar','Alonzo','1989-03-04','Lituania','Albacete','Los Nájera',134),(129,'Héctor','Garay','2001-12-05','Letonia','Vizcaya','Vall Pedroza Baja',135),(130,'Rodrigo','Carrillo','2009-09-23','Jordania','Asturias','As Lira Alta',136),(131,'Álvaro','Borrego','2000-07-26','Ruanda','Guadalajara','As Cotto del Mirador',137),(132,'Rubén','Raya','2011-01-11','México','León','O Cobo del Vallès',138),(133,'Saúl','Giménez','2007-07-09','República Centroafricana','Cádiz','Cerda del Puerto',139),(134,'Diego','Toro','1996-05-13','Comoras','Murcia','L\' Pelayo del Penedès',140),(135,'Ángel','Ureña','1988-05-28','Lituania','Barcelona','Romo de Ulla',141),(136,'Francisco Javier','Alcaráz','1996-07-18','Irak','Cantabria','Os Prado',142),(137,'Abril','Herrera','1979-09-10','Madagascar','León','Saiz del Pozo',143),(138,'Ander','Correa','1973-03-25','Kenia','Girona','Hidalgo de Lemos',144),(139,'Irene','Zúñiga','2011-09-15','Suiza','Cádiz','Villa Carbonell',145),(140,'Martín','Domínguez','2010-12-11','Guinea Ecuatorial','Guipuzkoa','Los Olivas del Puerto',146),(141,'Nil','Solís','1997-03-18','República Centroafricana','Almería','Sáez del Mirador',147),(142,'Oliver','Alcántar','1980-11-18','Andorra','La Rioja','Hernando de San Pedro',148),(143,'Carlota','Briseño','2007-11-27','Micronesia','Alicante','Portillo del Vallès',149),(144,'Alexia','Sisneros','1996-10-24','El Salvador','Valladolid','De la Cruz del Vallès',150),(145,'Dario','Ocampo','1981-07-03','Suecia','Girona','Almonte de Arriba',151),(146,'Oliver','Patiño','1997-11-12','Suiza','Guipuzkoa','Villaseñor del Mirador',152),(147,'Pablo','Zayas','1970-02-10','Kuwait','Zamora','L\' Del Río',153),(148,'Nahia','Suárez','2004-02-08','Palaos','Toledo','Bermúdez del Vallès',154),(149,'Alberto','Díez','1977-05-26','Seychelles','Córdoba','As Barragán de Ulla',155),(150,'Mario','Llorente','2005-02-20','Burkina Faso','Almería','Cervantes de la Sierra',156),(151,'Ana','Ramírez','1986-01-21','Ghana','Castellón','Las Urías',157),(152,'Saúl','Chacón','1990-10-02','Nauru','Almería','Godínez del Bages',158),(153,'Carlota','Montalvo','1977-06-25','Uzbekistán','Lleida','Cavazos de Ulla',159),(154,'Mario','Saldaña','2002-07-08','Malaui','Badajoz','Venegas del Puerto',160),(155,'Samuel','Carrero','2001-04-09','Noruega','Murcia','Polanco del Bages',161),(156,'Aina','Alfonso','2007-08-31','Irán','Ávila','Montoya Baja',162),(157,'Juan José','Andrés','1979-11-07','Haití','Tarragona','Macías de Arriba',163),(158,'Pilar','Mata','1992-11-17','Japón','Guadalajara','O Sáenz del Penedès',164),(159,'Raquel','Urrutia','1995-12-04','Sudáfrica','Illes Balears','Alba Alta',165),(160,'Mireia','Pizarro','1987-05-06','Tayikistán','Cáceres','La Rael del Penedès',166),(161,'Raúl','Redondo','2012-03-12','Croacia','Córdoba','Os Armenta',167),(162,'Alejandro','Espino','1998-09-08','México','Ourense','El Núñez Medio',168),(163,'Leire','Piñeiro','1977-12-06','China','Badajoz','Garibay de Lemos',169),(164,'Teresa','Valle','1995-12-04','Islas Marshall','Cádiz','San Perea',170),(165,'Juana','Cárdenas','2007-04-06','Serbia','Barcelona','As Leyva',171),(166,'Alex','Puga','2004-04-15','Irán','Burgos','A Cadena de Lemos',172),(167,'Jesús','Córdoba','1982-03-10','Reino Unido de Gran Bretaña e Irlanda del Norte','Tarragona','Duarte del Mirador',173),(168,'Yolanda','Ontiveros','1980-02-07','Hungría','Guadalajara','Valverde de Ulla',174),(169,'Juana','Torres','2003-05-30','Afganistán','Girona','Vall Llamas',175),(170,'Manuel','Carbajal','2009-05-30','Palaos','Cáceres','Barroso del Barco',176),(171,'Guillem','Reyes','1971-06-29','Israel','Alicante','O Macías',177),(172,'Roberto','Córdova','2012-07-22','Indonesia','Zaragoza','San Castellano del Barco',178),(173,'Martina','Segovia','1990-05-15','México','Málaga','El Ortíz de Ulla',179),(174,'Juana','Valverde','1978-06-25','Vanuatu','Almería','Munguía del Mirador',180),(175,'Unai','Casas','2001-06-01','Papúa Nueva Guinea','Huelva','Os Betancourt',181),(176,'Manuela','Negrete','1993-04-01','Túnez','Melilla','Pérez del Penedès',182),(177,'Jorge','Carbajal','1994-03-22','Bosnia-Herzegovina','Alicante','O Bustamante',183),(178,'Claudia','Abad','1971-12-19','Burkina Faso','Santa Cruz de Tenerife','Anaya Baja',184),(179,'Elena','Noriega','1971-06-17','India','Valencia','Abeyta de la Sierra',185),(180,'Marco','Roldán','1980-03-16','Camboya','Soria','Las Roldán',186),(181,'Raquel','Calderón','1985-09-01','San Cristóbal y Nieves','Sevilla','Los Alcántar',187),(182,'Adrián','Gil','2004-12-15','Irak','Cádiz','As Marín del Mirador',188),(183,'Ana','Rodrigo','1994-01-31','Somalia','Valencia','L\' Barreto',189),(184,'Celia','Tirado','2006-02-20','Tayikistán','Badajoz','Sosa de la Sierra',190),(185,'Rayan','Montez','1985-09-10','Yemen','Cuenca','Cerda del Penedès',191),(186,'Amparo','Loya','1995-05-07','Palaos','Albacete','El Garza del Vallès',192),(187,'Nicolás','Núñez','2012-08-06','Chipre','Madrid','Barrientos del Bages',193),(188,'Isaac','Reyna','2009-03-12','Lituania','Álava','San Palomino del Vallès',194),(189,'Helena','Jaramillo','1987-11-11','Camerún','Alicante','Calvo Baja',195),(190,'Antonio','Carrera','1975-08-18','Letonia','Illes Balears','L\' Bermúdez',196),(191,'Juan José','Acevedo','1984-09-20','Brunéi Darusalam','Granada','A Barajas del Barco',197),(192,'Laura','Esparza','2006-04-13','Venezuela','Álava','San Naranjo del Vallès',198),(193,'Daniela','Rodrigo','1985-08-15','Vanuatu','Guipuzkoa','As Galván',199),(194,'Jordi','Mayorga','2008-12-04','Ucrania','Valencia','A Gaytán',200),(195,'Miguel','Abrego','1983-12-24','Lituania','Badajoz','O Carretero',201),(196,'Leire','Escobar','2006-10-22','Uganda','Ávila','A Esquivel Alta',202),(197,'José Antonio','Noriega','1996-02-16','Libia','A Coruña','Córdova Alta',203),(198,'Silvia','Sevilla','1971-06-16','Suecia','Murcia','Gil Medio',204),(199,'Bruno','Lomeli','1979-08-20','Belice','Ceuta','A Hidalgo de la Sierra',205),(200,'Marcos','Quintero','1972-03-25','El Salvador','Toledo','La Marrero de Lemos',206),(201,'Vera','Gallardo','1975-11-27','Vietnam','Ceuta','Negrete Baja',207),(202,'Carla','Perea','1992-03-07','Gabón','Huelva','Os Carrero',208),(203,'Alexandra','Casanova','1972-09-15','Malta','Tarragona','Porras de la Sierra',209),(204,'Nadia','Cruz','1993-12-03','Zambia','Álava','Zapata del Pozo',210),(205,'Lucas','Osorio','1977-06-28','Yemen','León','Manzanares del Puerto',211),(206,'David','Ortega','1984-04-27','Tuvalu','A Coruña','Castro Baja',212),(207,'Omar','Irizarry','2013-03-18','Nueva Zelanda','Valladolid','Los Vergara Baja',213),(208,'Lucía','Cuesta','1975-02-13','Suiza','Cantabria','Fonseca de Arriba',214),(209,'Gerard','Manzano','1982-08-28','Israel','Valladolid','Los Carbajal',215),(210,'Aaron','Noriega','1974-05-31','Suiza','Pontevedra','Ybarra del Barco',216),(211,'Oriol','Collazo','1974-05-20','Filipinas','Cáceres','Vall Garica',217),(212,'Alberto','Verdugo','1999-09-02','Kirguistán','Segovia','A Ramón',218),(213,'Beatriz','Alejandro','2003-06-21','Israel','Vizcaya','El Moreno',219),(214,'Aitor','Solano','1998-10-31','Reino Unido','Zaragoza','Villa Vela',220),(215,'Joel','Paredes','1998-05-16','Santo Tomé y Príncipe','Jaén','As Urrutia del Mirador',221),(216,'Jimena','Valentín','1979-04-08','Egipto','Guadalajara','Alaniz de Ulla',222),(217,'Yaiza','Costa','1970-02-20','Guinea-Bisáu','Albacete','Los Guevara',223),(218,'Alma','Cuenca','2004-11-15','Congo','Pontevedra','El Tapia de San Pedro',224),(219,'Alma','Arenas','1970-11-13','Afganistán','Palencia','Los Salinas',225),(220,'Nicolás','Loya','2009-10-30','Colombia','Zaragoza','El Vera',226),(221,'Alejandra','Benítez','1996-03-01','Kenia','Albacete','Os Tafoya de Ulla',227),(222,'Yago','Alicea','1973-09-20','Honduras','Zamora','Lucero de Ulla',228),(223,'Ander','Figueroa','1986-04-07','Liechtenstein','Barcelona','L\' Palomino',229),(224,'Aina','Zúñiga','1983-09-23','Bielorrusia','Ourense','León de las Torres',230),(225,'Luis','Peres','1976-08-07','San Marino','Soria','As Gálvez del Pozo',231),(226,'Alexia','Ruiz','1973-06-09','Belice','Álava','Carranza de Lemos',232),(227,'Nora','Ferrer','1998-09-22','Argentina','Soria','Las Peña',233),(228,'Andrés','Meraz','1974-01-25','Noruega','Ourense','Bañuelos de Lemos',234),(229,'Pol','Orta','1994-05-03','Brunéi Darusalam','Huelva','Bautista de la Sierra',235),(230,'José Manuel','Cárdenas','2004-09-01','Trinidad y Tobago','Ceuta','Betancourt de Ulla',236),(231,'Biel','Soliz','1984-06-02','El Salvador','Toledo','Vall Navas',237),(232,'Arnau','Menéndez','2007-07-15','Dinamarca','Vizcaya','Santana Baja',238),(233,'Rayan','Lugo','2004-08-22','Bélgica','Córdoba','Otero del Vallès',239),(234,'Enrique','Fuentes','1979-07-16','Noruega','Girona','Rodríquez de las Torres',240),(235,'Carlota','Godínez','2006-12-18','Luxemburgo','Guipuzkoa','El Mascareñas',241),(236,'Laia','Porras','1976-11-15','Tonga','Illes Balears','El Valadez',242),(237,'Salma','Perea','1974-04-02','Malta','Teruel','El Giménez Alta',243),(238,'Mara','Malave','1970-05-20','Kiribati','Ourense','L\' Luján',244),(239,'Marco','Requena','2010-05-23','Argelia','Málaga','Las Puig del Vallès',245),(240,'Eric','Yáñez','1982-06-30','Palaos','Badajoz','Villa Lucero',246),(241,'Miguel Ángel','Mares','2012-04-06','Uzbekistán','Castellón','Hidalgo de la Sierra',247),(242,'Inmaculada','Luna','1974-02-18','Corea del Sur','Cáceres','Estrada del Pozo',248),(243,'Mara','Monroy','2008-07-25','Angola','Lugo','Vall Quezada de Lemos',249),(244,'Natalia','Ruíz','2006-10-01','Sudáfrica','Ceuta','A Perea',250),(245,'Biel','Lozada','2009-08-28','Croacia','Zaragoza','La Almonte del Bages',251),(246,'Mario','Montalvo','2012-01-16','Camerún','Segovia','El Orta',252),(247,'Yaiza','Rendón','1980-01-03','Irlanda','Asturias','Baca Alta',253),(248,'Oliver','Casillas','1996-01-03','Somalia','Salamanca','Sepúlveda del Bages',254),(249,'Irene','Escudero','1980-04-08','San Marino','León','Vall Delacrúz Medio',255),(250,'Fátima','Ulibarri','1991-10-02','Indonesia','Cáceres','Quezada del Penedès',256),(251,'Nahia','Villa','1991-11-29','China','Palencia','Partida del Penedès',257),(252,'Pilar','Alarcón','1991-03-02','Malta','Valencia','Vall Domenech del Penedès',258),(253,'Paula','Arguello','1971-11-04','Tanzania','Cantabria','Gálvez de Lemos',259),(254,'Mar','Caballero','1991-03-02','República Centroafricana','Ourense','La Uribe',260),(255,'Rocío','Curiel','1991-12-01','Zimbabue','Murcia','Os Angulo Medio',261),(256,'Oriol','Marroquín','1973-12-15','Gambia','Málaga','A Cabrera Baja',262),(257,'Yago','Posada','2011-09-03','Croacia','Girona','Vall Ramírez del Puerto',263),(258,'Ander','Enríquez','1979-02-08','Estonia','León','Los Apodaca',264),(259,'Guillem','Perea','1970-03-31','Nueva Zelanda','Barcelona','O Blázquez Medio',265),(260,'Margarita','Razo','2005-01-14','Islandia','Córdoba','Las Abrego de Ulla',266),(261,'Daniel','Pedraza','1986-12-28','Líbano','Ávila','La Rivera de San Pedro',267),(262,'Olivia','De Anda','2000-02-26','Nueva Zelanda','Santa Cruz de Tenerife','La Sotelo',268),(263,'Noelia','Ávila','1991-02-07','Liberia','Cuenca','L\' Guevara',269),(264,'Cristina','Rincón','1980-08-17','Surinam','Cádiz','San Aguado',270),(265,'Daniela','Rico','1982-11-09','Guinea-Bisáu','Ávila','Apodaca de Arriba',271),(266,'Candela','Meraz','2008-11-24','Zambia','La Rioja','Vall Valdivia del Barco',272),(267,'Jesús','Sierra','1971-06-13','Argentina','Madrid','Las Montoya del Barco',273),(268,'Celia','Garay','1990-05-24','Antigua y Barbuda','Lugo','Palomino del Barco',274),(269,'Vera','Alcala','2009-08-01','Mongolia','Illes Balears','L\' Godínez del Penedès',275),(270,'Mar','Luján','1994-07-14','Chad','Badajoz','Vall Puga de la Sierra',276),(271,'Eric','Bonilla','2000-02-10','Países Bajos','Lleida','Andrés de Lemos',277),(272,'Oliver','Morales','1986-04-09','España','Álava','O Villarreal Baja',278),(273,'Patricia','Frías','1995-11-24','Yibuti','Córdoba','Vall Arreola',279),(274,'Vega','Carrera','1994-11-12','Albania','Ceuta','El Ibarra',280),(275,'Guillermo','Tirado','1985-07-21','Surinam','Badajoz','Valero del Vallès',281),(276,'Carmen','Alva','1977-11-07','Israel','Soria','Alva del Barco',282),(277,'José','Cisneros','1982-03-24','Yibuti','Guipuzkoa','San Ruvalcaba de San Pedro',283),(278,'María','Mora','2012-02-22','Eritrea','Illes Balears','Os Alfaro',284),(279,'Adriana','Puente','1978-06-25','Ruanda','Cáceres','Banda de las Torres',285),(280,'Luisa','Ceballos','2001-01-03','Mali','Ávila','Ybarra de Arriba',286),(281,'Antonia','Arce','1990-05-13','Kuwait','Albacete','As Delrío de Arriba',287),(282,'Jorge','Pozo','1989-01-09','Turkmenistán','Santa Cruz de Tenerife','Contreras de la Sierra',288),(283,'José','Alaniz','1997-10-27','Australia','Lleida','Vall Chapa',289),(284,'Jimena','Páez','1983-02-07','España','Zamora','Los Huerta',290),(285,'Diana','Soto','1999-03-26','Níger','La Rioja','Andrés de las Torres',291),(286,'Sofía','Sepúlveda','2001-12-16','Angola','Navarra','A Verduzco',292),(287,'José Antonio','Serrano','1980-05-20','Granada','Tarragona','Solís del Mirador',293),(288,'Yaiza','Figueroa','1990-10-06','Francia','Álava','Alonzo del Mirador',294),(289,'Diego','Roybal','2007-01-05','Maldivas','Valladolid','Montalvo Baja',295),(290,'José Antonio','Pedroza','1976-09-19','Argentina','Málaga','Las Correa',296),(291,'Silvia','Valladares','1996-12-13','Burkina Faso','Ávila','Plaza de las Torres',297),(292,'Jan','Esquivel','1984-11-23','Tuvalu','Girona','Camacho Alta',298),(293,'Gael','Franco','1991-10-19','Azerbaiyán','Segovia','Trejo de Ulla',299),(294,'César','Castillo','1991-06-13','República Democrática del Congo','Málaga','Casado de Arriba',300),(295,'Martín','Millán','1976-08-02','Malaui','Sevilla','Manzanares de Lemos',301),(296,'Aitor','Partida','2000-11-04','Birmania','La Rioja','El Muñiz',302),(297,'Victoria','Del Río','1989-11-30','Suazilandia','A Coruña','La Lozano',303),(298,'Hugo','Sosa','1997-12-27','Grecia','Soria','O Montemayor',304),(299,'Mario','Márquez','2013-02-17','Burkina Faso','Castellón','Vall Centeno',305),(300,'Jan','Carretero','1979-03-30','Turquía','Álava','O Prado',306),(301,'Lamarque','Julien','1982-02-03','France',NULL,'Bon encontre',307),(302,'Jesús','Menéndez Fernández','1968-11-29','España',NULL,'Avilés',308),(303,'Jarkko','Turunen','1990-01-01','FI',NULL,'Tornio',309),(304,'Yohan','BOUDIN','1981-06-07','Francia',NULL,'Entraigues',310),(305,'Adriano','Marcos Aibar','1968-05-07','España',NULL,'Otura-Granada',311),(306,'Heimo','Urban - date of Birth 23.12.1954','2025-03-17','Austria',NULL,'Hausmannstätten',312),(307,'ALICIA','MENENDEZ','1977-06-02','Spain',NULL,'NAVELGAS',313),(308,'Sanjay','Singh','1965-07-21','South Africa',NULL,'Mbobbela',314),(309,'Aiden','Sosef','2018-08-12','Netherlands',NULL,'Poeldijk',315),(310,'Christopher','Hattinger','1985-11-04','Austria',NULL,'Steyr',316),(311,'Anette','Rosén','1967-08-27','Sweden',NULL,'Malmö',317),(312,'Jana','Ková?ová','1980-01-12','Eslovaquia',NULL,'Tajov',318),(313,'Cecile','Thibaud','1969-05-04','Francia',NULL,'Lyon',319),(314,'Annie','Fitzgerald','1971-04-08','New Zealand',NULL,'Palmerston',320),(315,'Mattias','Kron Eriksson','1978-03-26','Sweden',NULL,'Grängesberg',321),(316,'Luca','Pasqualini','1974-02-23','Italy',NULL,'Bereguardo',322),(317,'Simonneau','Mathieu','1982-05-12','France',NULL,'Compreignac',323),(318,'MARCOS','DA ROCHA RODRÍGUEZ','1979-09-30','España',NULL,'NAVELGAS',324),(319,'Frenk','Hink','1964-07-25','Netherlands',NULL,'Noord-Scharwoude',325),(320,'Jacky','Dubillot','1990-01-01','FR',NULL,'Montrevault sur evre',326),(321,'Ismael','Martínez Marinas','1990-01-01','ES',NULL,'Gijon',327),(322,'Marcos','Fernández Llanos','2007-08-30','España',NULL,'León',328),(323,'Gabriella','Duso','1967-03-02','Italia',NULL,'Biella',329),(324,'Bécourt','Samuel','1974-03-22','Francia',NULL,'Crèvecoeur-le-Grand',330),(325,'Enol','Mayo sanchez','2019-04-21','España',NULL,'Olite',331),(326,'Ruurd','van Wijhe','1975-10-03','Netherlands',NULL,'Houten',332),(327,'Raúl','Rabatti Rosete','1993-05-14','España',NULL,'Tineo',333),(328,'Jesús Angel','Sánchez Menéndez','1990-01-01','ES',NULL,NULL,334),(329,'Simone','Westhuis','1978-10-17','Países Bajos',NULL,'Emmen',335),(330,'Javier','Requejo Marchan','1975-07-25','España',NULL,'Zamora',336),(331,'Carmen María','García Rodríguez','1971-08-13','España',NULL,'OVIEDO',337),(332,'Remco','Van der Wijngaart','1995-12-11','Netherlands',NULL,'Waarland',338),(333,'Luka','Hink - van der Wijngaart','1998-12-23','Netherlands',NULL,'WAARLAND',339),(334,'Esko','Orava','1954-09-15','Finland',NULL,'Sinettä',340),(335,'David','Iñiguez','1990-01-01','ES',NULL,NULL,341),(336,'Esko','Orava','1954-09-15','Finlandia',NULL,'Sinettä',342),(337,'Decorce','Nadine','1990-01-01','ES',NULL,NULL,343),(338,'DECORCE Isabelle','DECORCE','1990-01-01','ES',NULL,NULL,344),(339,'Maricarmen','Obrer Monleon','1980-02-12','España',NULL,'Gilet ( Valencia)',345),(340,'Esther','Sala Barat','1969-04-30','España',NULL,'Barcelona',346),(341,'AJ','Woodhouse','1974-03-02','New Zealand',NULL,'Dunedin',347),(342,'Sandu','Marcu','1970-11-22','España',NULL,'Villanueva de los Infantes',348),(343,'MARIE-ROSE','GRANGE','1956-10-18','Francia',NULL,'MIONS',349),(344,'Marina','Lindqvist','2025-01-05','Finland',NULL,NULL,350),(345,'CANDELA','VALLE BERDASCO','2014-03-13','España',NULL,'TINEO',351),(346,'CHESNEAU','Jean Pierre','1990-01-01','ES',NULL,NULL,352);
/*!40000 ALTER TABLE `participantes` ENABLE KEYS */;
UNLOCK TABLES;

--
-- Table structure for table `password_reset_tokens`
--

DROP TABLE IF EXISTS `password_reset_tokens`;
/*!40101 SET @saved_cs_client     = @@character_set_client */;
/*!50503 SET character_set_client = utf8mb4 */;
CREATE TABLE `password_reset_tokens` (
  `email` varchar(255) NOT NULL,
  `token` varchar(255) NOT NULL,
  `created_at` timestamp NULL DEFAULT NULL,
  PRIMARY KEY (`email`)
) ENGINE=InnoDB DEFAULT CHARSET=utf8mb4 COLLATE=utf8mb4_unicode_ci;
/*!40101 SET character_set_client = @saved_cs_client */;

--
-- Dumping data for table `password_reset_tokens`
--

LOCK TABLES `password_reset_tokens` WRITE;
/*!40000 ALTER TABLE `password_reset_tokens` DISABLE KEYS */;
/*!40000 ALTER TABLE `password_reset_tokens` ENABLE KEYS */;
UNLOCK TABLES;

--
-- Table structure for table `patrocinadores`
--

DROP TABLE IF EXISTS `patrocinadores`;
/*!40101 SET @saved_cs_client     = @@character_set_client */;
/*!50503 SET character_set_client = utf8mb4 */;
CREATE TABLE `patrocinadores` (
  `id` bigint(20) unsigned NOT NULL AUTO_INCREMENT,
  `nombre` varchar(100) NOT NULL,
  `logo` varchar(200) DEFAULT NULL,
  PRIMARY KEY (`id`)
) ENGINE=InnoDB AUTO_INCREMENT=7 DEFAULT CHARSET=utf8mb4 COLLATE=utf8mb4_unicode_ci;
/*!40101 SET character_set_client = @saved_cs_client */;

--
-- Dumping data for table `patrocinadores`
--

LOCK TABLES `patrocinadores` WRITE;
/*!40000 ALTER TABLE `patrocinadores` DISABLE KEYS */;
INSERT INTO `patrocinadores` VALUES (1,'Somiedo Recursos Naturales','patrocinadores/somiedo-recursos-naturales.jpg'),(2,'Panadería La Magdalena','patrocinadores/panaderia-la-magdalena.jpg'),(3,'Saniclean','patrocinadores/saniclean.jpg'),(4,'Supermercados UNIPER','patrocinadores/supermercados-uniper.jpg'),(5,'Electrodomésticos Vifer','patrocinadores/electrodomesticos-vifer.jpg'),(6,'Asesoría Pérez Lastra','patrocinadores/asesoria-perez-lastra.jpg');
/*!40000 ALTER TABLE `patrocinadores` ENABLE KEYS */;
UNLOCK TABLES;

--
-- Table structure for table `penalizaciones`
--

DROP TABLE IF EXISTS `penalizaciones`;
/*!40101 SET @saved_cs_client     = @@character_set_client */;
/*!50503 SET character_set_client = utf8mb4 */;
CREATE TABLE `penalizaciones` (
  `id` bigint(20) unsigned NOT NULL AUTO_INCREMENT,
  `codigo` varchar(10) NOT NULL,
  `descripcion` text NOT NULL,
  `tiempo` decimal(8,3) NOT NULL,
  `oficial` tinyint(1) NOT NULL DEFAULT 1,
  `warning` tinyint(1) NOT NULL DEFAULT 0,
  PRIMARY KEY (`id`),
  UNIQUE KEY `penalizaciones_codigo_unique` (`codigo`)
) ENGINE=InnoDB AUTO_INCREMENT=7 DEFAULT CHARSET=utf8mb4 COLLATE=utf8mb4_unicode_ci;
/*!40101 SET character_set_client = @saved_cs_client */;

--
-- Dumping data for table `penalizaciones`
--

LOCK TABLES `penalizaciones` WRITE;
/*!40000 ALTER TABLE `penalizaciones` DISABLE KEYS */;
INSERT INTO `penalizaciones` VALUES (1,'P1','Salida en falso',120.000,1,1),(2,'P2','No tapar tubo antes de pulsar botón',120.000,1,0),(3,'P3','Se abre el tapón del tubo una vez se coloca sobre la batea al finalizar la ronda',120.000,1,0),(4,'P4','En pruebas por equipos, tocar el agua antes que el compañero abandone bañera',120.000,1,0),(5,'P5','Imposibilidad de contar pepitas a causa de agua sucia en el tubo',120.000,1,1),(6,'P6','Separarse o utilizar las manos no exteriores (penalización no oficial)',120.000,0,0);
/*!40000 ALTER TABLE `penalizaciones` ENABLE KEYS */;
UNLOCK TABLES;

--
-- Table structure for table `penalizaciones_competiciones`
--

DROP TABLE IF EXISTS `penalizaciones_competiciones`;
/*!40101 SET @saved_cs_client     = @@character_set_client */;
/*!50503 SET character_set_client = utf8mb4 */;
CREATE TABLE `penalizaciones_competiciones` (
  `competicion_id` bigint(20) unsigned NOT NULL,
  `penalizacion_id` bigint(20) unsigned NOT NULL,
  PRIMARY KEY (`competicion_id`,`penalizacion_id`),
  KEY `penalizaciones_competiciones_penalizacion_id_foreign` (`penalizacion_id`),
  CONSTRAINT `penalizaciones_competiciones_competicion_id_foreign` FOREIGN KEY (`competicion_id`) REFERENCES `competiciones` (`id`) ON DELETE CASCADE,
  CONSTRAINT `penalizaciones_competiciones_penalizacion_id_foreign` FOREIGN KEY (`penalizacion_id`) REFERENCES `penalizaciones` (`id`) ON DELETE CASCADE
) ENGINE=InnoDB DEFAULT CHARSET=utf8mb4 COLLATE=utf8mb4_unicode_ci;
/*!40101 SET character_set_client = @saved_cs_client */;

--
-- Dumping data for table `penalizaciones_competiciones`
--

LOCK TABLES `penalizaciones_competiciones` WRITE;
/*!40000 ALTER TABLE `penalizaciones_competiciones` DISABLE KEYS */;
INSERT INTO `penalizaciones_competiciones` VALUES (1,1),(1,2),(1,3),(1,5),(2,1),(2,2),(2,3),(2,5),(3,1),(3,2),(3,3),(3,5),(4,1),(4,2),(4,3),(4,5),(5,1),(5,2),(5,3),(5,5),(6,1),(6,2),(6,3),(6,5),(7,1),(7,2),(7,3),(7,4),(7,5),(8,1),(8,2),(8,3),(8,4),(8,5),(9,1),(9,2),(9,3),(9,4),(9,5),(10,1),(10,2),(10,3),(10,4),(10,5),(12,1),(12,2),(12,3),(12,4),(12,5),(13,1),(13,2),(13,3),(13,4),(13,5),(14,1),(14,2),(14,3),(14,5),(14,6),(15,1),(15,2),(15,3),(15,5),(16,1),(16,2),(16,3),(16,4),(16,5);
/*!40000 ALTER TABLE `penalizaciones_competiciones` ENABLE KEYS */;
UNLOCK TABLES;

--
-- Table structure for table `penalizaciones_resultados`
--

DROP TABLE IF EXISTS `penalizaciones_resultados`;
/*!40101 SET @saved_cs_client     = @@character_set_client */;
/*!50503 SET character_set_client = utf8mb4 */;
CREATE TABLE `penalizaciones_resultados` (
  `id` bigint(20) unsigned NOT NULL AUTO_INCREMENT,
  `penalizacion_id` bigint(20) unsigned NOT NULL,
  `resultado_id` bigint(20) unsigned NOT NULL,
  `tipo` enum('amarilla','roja') NOT NULL DEFAULT 'roja',
  `observaciones` text DEFAULT NULL,
  PRIMARY KEY (`id`),
  KEY `penalizaciones_resultados_penalizacion_id_foreign` (`penalizacion_id`),
  KEY `penalizaciones_resultados_resultado_id_foreign` (`resultado_id`),
  CONSTRAINT `penalizaciones_resultados_penalizacion_id_foreign` FOREIGN KEY (`penalizacion_id`) REFERENCES `penalizaciones` (`id`) ON DELETE CASCADE,
  CONSTRAINT `penalizaciones_resultados_resultado_id_foreign` FOREIGN KEY (`resultado_id`) REFERENCES `resultados` (`id`) ON DELETE CASCADE
) ENGINE=InnoDB AUTO_INCREMENT=224 DEFAULT CHARSET=utf8mb4 COLLATE=utf8mb4_unicode_ci;
/*!40101 SET character_set_client = @saved_cs_client */;

--
-- Dumping data for table `penalizaciones_resultados`
--

LOCK TABLES `penalizaciones_resultados` WRITE;
/*!40000 ALTER TABLE `penalizaciones_resultados` DISABLE KEYS */;
INSERT INTO `penalizaciones_resultados` VALUES (1,3,18,'roja',NULL),(2,1,31,'amarilla',NULL),(3,2,39,'roja',NULL),(4,3,50,'roja',NULL),(5,1,74,'amarilla',NULL),(6,2,86,'roja',NULL),(7,1,94,'amarilla',NULL),(8,2,100,'roja',NULL),(9,3,101,'roja',NULL),(10,5,152,'amarilla',NULL),(11,5,159,'amarilla',NULL),(12,2,269,'roja',NULL),(13,5,289,'amarilla',NULL),(14,5,294,'amarilla',NULL),(15,2,320,'roja',NULL),(16,5,348,'amarilla',NULL),(17,2,353,'roja',NULL),(18,5,369,'amarilla',NULL),(19,5,380,'amarilla',NULL),(20,2,429,'roja',NULL),(21,2,445,'roja',NULL),(22,5,495,'amarilla',NULL),(23,5,508,'amarilla',NULL),(24,5,510,'amarilla',NULL),(25,1,517,'amarilla',NULL),(26,1,549,'amarilla',NULL),(27,5,561,'amarilla',NULL),(28,1,563,'amarilla',NULL),(29,2,593,'roja',NULL),(30,2,611,'roja',NULL),(31,3,690,'roja',NULL),(32,3,696,'roja',NULL),(33,5,715,'amarilla',NULL),(34,1,725,'amarilla',NULL),(35,2,737,'roja',NULL),(36,3,739,'roja',NULL),(37,5,773,'amarilla',NULL),(38,1,778,'amarilla',NULL),(39,1,780,'amarilla',NULL),(40,1,788,'amarilla',NULL),(41,1,798,'amarilla',NULL),(42,2,805,'roja',NULL),(43,3,809,'roja',NULL),(44,2,817,'roja',NULL),(45,2,854,'roja',NULL),(46,5,872,'amarilla',NULL),(47,3,873,'roja',NULL),(48,1,883,'amarilla',NULL),(49,3,910,'roja',NULL),(50,2,926,'roja',NULL),(51,2,942,'roja',NULL),(52,3,942,'roja',NULL),(53,1,944,'amarilla',NULL),(54,3,986,'roja',NULL),(55,1,997,'amarilla',NULL),(56,3,1003,'roja',NULL),(57,2,1005,'roja',NULL),(58,3,1029,'roja',NULL),(59,1,1042,'amarilla',NULL),(60,2,1064,'roja',NULL),(61,3,1074,'roja',NULL),(62,2,1128,'roja',NULL),(63,3,1147,'roja',NULL),(64,3,1164,'roja',NULL),(65,3,1245,'roja',NULL),(66,4,1259,'roja',NULL),(67,5,1271,'amarilla',NULL),(68,2,1297,'roja',NULL),(69,1,1347,'amarilla',NULL),(70,1,1369,'amarilla',NULL),(71,1,1410,'amarilla',NULL),(72,5,1455,'amarilla',NULL),(73,1,1481,'amarilla',NULL),(74,3,1491,'roja',NULL),(75,2,1568,'roja',NULL),(76,5,1598,'amarilla',NULL),(77,2,1605,'roja',NULL),(78,3,1622,'roja',NULL),(79,2,1630,'roja',NULL),(80,4,1634,'roja',NULL),(81,1,1647,'amarilla',NULL),(82,3,1650,'roja',NULL),(83,1,1652,'amarilla',NULL),(84,1,1687,'amarilla',NULL),(85,2,1712,'roja',NULL),(86,3,1763,'roja',NULL),(87,2,1787,'roja',NULL),(88,1,1795,'amarilla',NULL),(89,4,1796,'roja',NULL),(90,4,1813,'roja',NULL),(91,1,1853,'amarilla',NULL),(92,1,1879,'amarilla',NULL),(93,1,1892,'amarilla',NULL),(94,1,1914,'amarilla',NULL),(95,4,1924,'roja',NULL),(96,4,1932,'roja',NULL),(97,1,1949,'amarilla',NULL),(98,3,1956,'roja',NULL),(99,5,2002,'amarilla',NULL),(100,2,2057,'roja',NULL),(101,4,2057,'roja',NULL),(102,2,2076,'roja',NULL),(103,5,2136,'amarilla',NULL),(104,5,2146,'amarilla',NULL),(105,3,2151,'roja',NULL),(106,3,2158,'roja',NULL),(107,1,2176,'amarilla',NULL),(108,5,2262,'amarilla',NULL),(109,2,2272,'roja',NULL),(110,5,2308,'amarilla',NULL),(111,3,2313,'roja',NULL),(112,1,2367,'amarilla',NULL),(113,1,2367,'roja',NULL),(114,2,2374,'roja',NULL),(115,2,2391,'roja',NULL),(116,3,2433,'roja',NULL),(117,5,2482,'amarilla',NULL),(118,1,2496,'amarilla',NULL),(119,2,2507,'roja',NULL),(120,3,2507,'roja',NULL),(121,1,2523,'amarilla',NULL),(122,3,2544,'roja',NULL),(123,3,2549,'roja',NULL),(124,1,2563,'amarilla',NULL),(125,3,2580,'roja',NULL),(126,1,2591,'amarilla',NULL),(127,1,2713,'amarilla',NULL),(128,5,2716,'amarilla',NULL),(129,5,2717,'amarilla',NULL),(130,3,2723,'roja',NULL),(131,2,2724,'roja',NULL),(132,3,2735,'roja',NULL),(133,5,2736,'amarilla',NULL),(134,5,2736,'roja',NULL),(135,2,2740,'roja',NULL),(136,3,2761,'roja',NULL),(137,5,2779,'amarilla',NULL),(138,5,2855,'amarilla',NULL),(139,3,2880,'roja',NULL),(140,5,2968,'amarilla',NULL),(141,1,3004,'amarilla',NULL),(142,2,3028,'roja',NULL),(143,1,3030,'amarilla',NULL),(144,3,3048,'roja',NULL),(145,4,3068,'roja',NULL),(146,4,3100,'roja',NULL),(147,3,3109,'roja',NULL),(148,1,3126,'amarilla',NULL),(149,4,3127,'roja',NULL),(150,5,3128,'amarilla',NULL),(151,2,3156,'roja',NULL),(152,5,3219,'amarilla',NULL),(153,1,3220,'amarilla',NULL),(154,3,3271,'roja',NULL),(155,5,3272,'amarilla',NULL),(156,3,3279,'roja',NULL),(157,4,3306,'roja',NULL),(158,5,3350,'amarilla',NULL),(159,1,3360,'amarilla',NULL),(160,3,3421,'roja',NULL),(161,1,3430,'amarilla',NULL),(162,4,3446,'roja',NULL),(163,3,3447,'roja',NULL),(164,5,3466,'amarilla',NULL),(165,5,3479,'amarilla',NULL),(166,4,3540,'roja',NULL),(167,3,3551,'roja',NULL),(168,1,3555,'amarilla',NULL),(169,4,3579,'roja',NULL),(170,5,3583,'amarilla',NULL),(171,1,3662,'amarilla',NULL),(172,5,3667,'amarilla',NULL),(173,3,3678,'roja',NULL),(174,1,3680,'amarilla',NULL),(175,5,3749,'amarilla',NULL),(176,5,3807,'amarilla',NULL),(177,5,3856,'amarilla',NULL),(178,1,3873,'amarilla',NULL),(179,5,3883,'amarilla',NULL),(180,2,3889,'roja',NULL),(181,2,3908,'roja',NULL),(182,5,3941,'amarilla',NULL),(183,3,3942,'roja',NULL),(184,5,3957,'amarilla',NULL),(185,5,3995,'amarilla',NULL),(186,1,4048,'amarilla',NULL),(187,5,4118,'amarilla',NULL),(188,2,4120,'roja',NULL),(189,5,4148,'amarilla',NULL),(190,2,4178,'roja',NULL),(191,2,4182,'roja',NULL),(192,2,4197,'roja',NULL),(193,2,4202,'roja',NULL),(194,3,4212,'roja',NULL),(195,4,4236,'roja',NULL),(196,2,4276,'roja',NULL),(197,4,4285,'roja',NULL),(198,4,4312,'roja',NULL),(199,1,4327,'amarilla',NULL),(200,4,4410,'roja',NULL),(201,3,4415,'roja',NULL),(202,5,4442,'amarilla',NULL),(203,2,4451,'roja',NULL),(204,2,4471,'roja',NULL),(205,1,4572,'amarilla',NULL),(206,4,4668,'roja',NULL),(207,1,4675,'amarilla',NULL),(208,1,4680,'amarilla',NULL),(209,1,4681,'amarilla',NULL),(210,3,4689,'roja',NULL),(211,4,4708,'roja',NULL),(212,5,4712,'amarilla',NULL),(213,5,4745,'amarilla',NULL),(214,5,4773,'amarilla',NULL),(215,1,4782,'amarilla',NULL),(216,4,4789,'roja',NULL),(217,3,4798,'roja',NULL),(218,5,4804,'amarilla',NULL),(219,3,4832,'roja',NULL),(220,6,4854,'roja',NULL),(221,3,4864,'roja',NULL),(222,2,4876,'roja',NULL),(223,5,4887,'amarilla',NULL);
/*!40000 ALTER TABLE `penalizaciones_resultados` ENABLE KEYS */;
UNLOCK TABLES;

--
-- Table structure for table `permissions`
--

DROP TABLE IF EXISTS `permissions`;
/*!40101 SET @saved_cs_client     = @@character_set_client */;
/*!50503 SET character_set_client = utf8mb4 */;
CREATE TABLE `permissions` (
  `id` bigint(20) unsigned NOT NULL AUTO_INCREMENT,
  `name` varchar(255) NOT NULL,
  `guard_name` varchar(255) NOT NULL,
  `created_at` timestamp NULL DEFAULT NULL,
  `updated_at` timestamp NULL DEFAULT NULL,
  PRIMARY KEY (`id`),
  UNIQUE KEY `permissions_name_guard_name_unique` (`name`,`guard_name`)
) ENGINE=InnoDB DEFAULT CHARSET=utf8mb4 COLLATE=utf8mb4_unicode_ci;
/*!40101 SET character_set_client = @saved_cs_client */;

--
-- Dumping data for table `permissions`
--

LOCK TABLES `permissions` WRITE;
/*!40000 ALTER TABLE `permissions` DISABLE KEYS */;
/*!40000 ALTER TABLE `permissions` ENABLE KEYS */;
UNLOCK TABLES;

--
-- Table structure for table `personal_access_tokens`
--

DROP TABLE IF EXISTS `personal_access_tokens`;
/*!40101 SET @saved_cs_client     = @@character_set_client */;
/*!50503 SET character_set_client = utf8mb4 */;
CREATE TABLE `personal_access_tokens` (
  `id` bigint(20) unsigned NOT NULL AUTO_INCREMENT,
  `tokenable_type` varchar(255) NOT NULL,
  `tokenable_id` bigint(20) unsigned NOT NULL,
  `name` varchar(255) NOT NULL,
  `token` varchar(64) NOT NULL,
  `abilities` text DEFAULT NULL,
  `last_used_at` timestamp NULL DEFAULT NULL,
  `expires_at` timestamp NULL DEFAULT NULL,
  `created_at` timestamp NULL DEFAULT NULL,
  `updated_at` timestamp NULL DEFAULT NULL,
  PRIMARY KEY (`id`),
  UNIQUE KEY `personal_access_tokens_token_unique` (`token`),
  KEY `personal_access_tokens_tokenable_type_tokenable_id_index` (`tokenable_type`,`tokenable_id`)
) ENGINE=InnoDB AUTO_INCREMENT=4 DEFAULT CHARSET=utf8mb4 COLLATE=utf8mb4_unicode_ci;
/*!40101 SET character_set_client = @saved_cs_client */;

--
-- Dumping data for table `personal_access_tokens`
--

LOCK TABLES `personal_access_tokens` WRITE;
/*!40000 ALTER TABLE `personal_access_tokens` DISABLE KEYS */;
INSERT INTO `personal_access_tokens` VALUES (3,'App\\Models\\Usuario',1,'auth-token','b274eb85f2c545e5f2e109500cec54b7e5a319470f62a5ba8a2c69c521ec00e5','[\"admin\",\"juez\",\"participante\"]','2025-04-01 16:02:15',NULL,'2025-04-01 15:23:40','2025-04-01 16:02:15');
/*!40000 ALTER TABLE `personal_access_tokens` ENABLE KEYS */;
UNLOCK TABLES;

--
-- Table structure for table `progresos`
--

DROP TABLE IF EXISTS `progresos`;
/*!40101 SET @saved_cs_client     = @@character_set_client */;
/*!50503 SET character_set_client = utf8mb4 */;
CREATE TABLE `progresos` (
  `ronda_id` bigint(20) unsigned NOT NULL,
  `grupo_id` bigint(20) unsigned NOT NULL,
  `clasificado` tinyint(1) NOT NULL DEFAULT 0,
  PRIMARY KEY (`ronda_id`,`grupo_id`),
  KEY `progresos_grupo_id_foreign` (`grupo_id`),
  CONSTRAINT `progresos_grupo_id_foreign` FOREIGN KEY (`grupo_id`) REFERENCES `grupos` (`id`) ON DELETE CASCADE,
  CONSTRAINT `progresos_ronda_id_foreign` FOREIGN KEY (`ronda_id`) REFERENCES `rondas_competiciones` (`id`) ON DELETE CASCADE
) ENGINE=InnoDB DEFAULT CHARSET=utf8mb4 COLLATE=utf8mb4_unicode_ci;
/*!40101 SET character_set_client = @saved_cs_client */;

--
-- Dumping data for table `progresos`
--

LOCK TABLES `progresos` WRITE;
/*!40000 ALTER TABLE `progresos` DISABLE KEYS */;
INSERT INTO `progresos` VALUES (1,2,1),(1,7,1),(1,15,1),(1,17,1),(1,20,1),(1,21,1),(1,23,1),(1,27,1),(1,28,1),(1,30,1),(1,31,1),(1,33,1),(1,35,1),(1,37,1),(1,38,1),(1,39,1),(1,40,1),(1,42,1),(1,44,1),(1,47,1),(1,48,1),(1,53,1),(1,57,1),(1,58,1),(1,63,1),(1,67,1),(1,71,1),(1,73,1),(1,75,1),(1,76,1),(1,84,1),(1,85,1),(1,86,1),(1,90,1),(1,91,1),(1,92,1),(1,95,1),(1,98,1),(1,99,1),(1,100,1),(1,101,1),(1,102,1),(1,105,1),(1,106,1),(1,107,1),(1,108,1),(1,109,1),(1,110,1),(1,111,1),(1,121,1),(1,125,1),(1,126,1),(1,132,1),(1,137,1),(1,138,1),(1,142,1),(1,143,1),(1,146,1),(1,147,1),(1,150,1),(2,15,1),(2,20,1),(2,23,1),(2,27,1),(2,31,1),(2,33,1),(2,37,1),(2,39,1),(2,47,1),(2,48,1),(2,53,1),(2,58,1),(2,67,1),(2,73,1),(2,76,1),(2,84,1),(2,85,1),(2,86,1),(2,90,1),(2,106,1),(2,107,1),(2,108,1),(2,110,1),(2,121,1),(2,125,1),(2,126,1),(2,138,1),(2,142,1),(2,143,1),(2,150,1),(4,1,1),(4,2,1),(4,3,1),(4,4,1),(4,5,1),(4,8,1),(4,9,1),(4,10,1),(4,11,1),(4,13,1),(4,14,1),(4,15,1),(4,16,1),(4,17,1),(4,18,1),(4,19,1),(4,20,1),(4,21,1),(4,22,1),(4,23,1),(4,24,1),(4,25,1),(4,26,1),(4,27,1),(4,28,1),(4,29,1),(4,30,1),(4,31,1),(4,34,1),(4,35,1),(4,36,1),(4,38,1),(4,39,1),(4,41,1),(4,43,1),(4,45,1),(4,46,1),(4,48,1),(4,49,1),(4,50,1),(4,51,1),(4,52,1),(4,53,1),(4,54,1),(4,55,1),(4,57,1),(4,58,1),(4,59,1),(4,60,1),(4,61,1),(4,62,1),(4,63,1),(4,65,1),(4,66,1),(4,67,1),(4,68,1),(4,69,1),(4,70,1),(4,71,1),(4,72,1),(4,73,1),(4,74,1),(4,75,1),(4,76,1),(4,77,1),(4,79,1),(4,80,1),(4,82,1),(4,84,1),(4,85,1),(4,86,1),(4,87,1),(4,89,1),(4,93,1),(4,94,1),(4,95,1),(4,97,1),(4,99,1),(4,100,1),(4,101,1),(4,102,1),(4,103,1),(4,104,1),(4,105,1),(4,108,1),(4,109,1),(4,110,1),(4,111,1),(4,113,1),(4,114,1),(4,115,1),(4,116,1),(4,119,1),(4,122,1),(4,123,1),(4,124,1),(4,125,1),(4,126,1),(4,127,1),(4,128,1),(4,129,1),(4,130,1),(4,131,1),(4,132,1),(4,133,1),(4,134,1),(4,135,1),(4,136,1),(4,137,1),(4,138,1),(4,139,1),(4,140,1),(4,141,1),(4,142,1),(4,143,1),(4,144,1),(4,145,1),(4,146,1),(4,148,1),(4,150,1),(5,3,1),(5,5,1),(5,8,1),(5,10,1),(5,11,1),(5,16,1),(5,17,1),(5,19,1),(5,24,1),(5,26,1),(5,27,1),(5,31,1),(5,35,1),(5,38,1),(5,39,1),(5,45,1),(5,50,1),(5,57,1),(5,58,1),(5,59,1),(5,60,1),(5,61,1),(5,62,1),(5,63,1),(5,66,1),(5,68,1),(5,69,1),(5,71,1),(5,72,1),(5,73,1),(5,79,1),(5,80,1),(5,82,1),(5,84,1),(5,87,1),(5,93,1),(5,99,1),(5,102,1),(5,103,1),(5,104,1),(5,105,1),(5,109,1),(5,110,1),(5,111,1),(5,116,1),(5,119,1),(5,124,1),(5,126,1),(5,127,1),(5,129,1),(5,130,1),(5,134,1),(5,136,1),(5,137,1),(5,141,1),(5,143,1),(5,144,1),(5,145,1),(5,146,1),(5,150,1),(6,3,1),(6,10,1),(6,17,1),(6,19,1),(6,24,1),(6,26,1),(6,38,1),(6,50,1),(6,57,1),(6,79,1),(6,80,1),(6,82,1),(6,84,1),(6,87,1),(6,93,1),(6,102,1),(6,103,1),(6,109,1),(6,110,1),(6,111,1),(6,116,1),(6,124,1),(6,127,1),(6,130,1),(6,134,1),(6,136,1),(6,143,1),(6,144,1),(6,145,1),(6,146,1),(8,1,1),(8,3,1),(8,4,1),(8,5,1),(8,6,1),(8,7,1),(8,11,1),(8,13,1),(8,14,1),(8,15,1),(8,16,1),(8,17,1),(8,18,1),(8,19,1),(8,21,1),(8,22,1),(8,23,1),(8,24,1),(8,25,1),(8,26,1),(8,27,1),(8,28,1),(8,29,1),(8,30,1),(8,31,1),(8,32,1),(8,33,1),(8,34,1),(8,35,1),(8,36,1),(8,37,1),(8,38,1),(8,39,1),(8,41,1),(8,42,1),(8,43,1),(8,44,1),(8,45,1),(8,46,1),(8,47,1),(8,48,1),(8,49,1),(8,50,1),(8,51,1),(8,52,1),(8,54,1),(8,55,1),(8,56,1),(8,57,1),(8,58,1),(8,60,1),(8,61,1),(8,62,1),(8,63,1),(8,65,1),(8,69,1),(8,70,1),(8,71,1),(8,72,1),(8,73,1),(8,74,1),(8,75,1),(8,76,1),(8,77,1),(8,78,1),(8,79,1),(8,80,1),(8,81,1),(8,82,1),(8,85,1),(8,86,1),(8,88,1),(8,89,1),(8,90,1),(8,91,1),(8,92,1),(8,93,1),(8,94,1),(8,95,1),(8,96,1),(8,98,1),(8,100,1),(8,101,1),(8,102,1),(8,105,1),(8,107,1),(8,108,1),(8,109,1),(8,110,1),(8,111,1),(8,112,1),(8,113,1),(8,114,1),(8,115,1),(8,116,1),(8,117,1),(8,118,1),(8,120,1),(8,121,1),(8,122,1),(8,123,1),(8,125,1),(8,127,1),(8,128,1),(8,129,1),(8,130,1),(8,131,1),(8,132,1),(8,133,1),(8,134,1),(8,135,1),(8,136,1),(8,137,1),(8,138,1),(8,141,1),(8,144,1),(8,146,1),(8,147,1),(8,148,1),(8,149,1),(9,1,1),(9,3,1),(9,4,1),(9,15,1),(9,17,1),(9,21,1),(9,24,1),(9,25,1),(9,28,1),(9,29,1),(9,32,1),(9,33,1),(9,35,1),(9,38,1),(9,42,1),(9,43,1),(9,45,1),(9,46,1),(9,47,1),(9,48,1),(9,49,1),(9,50,1),(9,51,1),(9,52,1),(9,54,1),(9,58,1),(9,61,1),(9,62,1),(9,63,1),(9,65,1),(9,69,1),(9,73,1),(9,74,1),(9,77,1),(9,78,1),(9,80,1),(9,81,1),(9,93,1),(9,95,1),(9,98,1),(9,102,1),(9,105,1),(9,107,1),(9,109,1),(9,112,1),(9,114,1),(9,117,1),(9,118,1),(9,120,1),(9,121,1),(9,122,1),(9,123,1),(9,125,1),(9,127,1),(9,130,1),(9,132,1),(9,133,1),(9,146,1),(9,147,1),(9,148,1),(10,3,1),(10,4,1),(10,15,1),(10,24,1),(10,33,1),(10,35,1),(10,43,1),(10,45,1),(10,47,1),(10,48,1),(10,50,1),(10,52,1),(10,61,1),(10,73,1),(10,74,1),(10,77,1),(10,81,1),(10,95,1),(10,102,1),(10,105,1),(10,107,1),(10,112,1),(10,114,1),(10,118,1),(10,120,1),(10,122,1),(10,125,1),(10,127,1),(10,130,1),(10,147,1),(12,1,1),(12,2,1),(12,4,1),(12,5,1),(12,6,1),(12,7,1),(12,8,1),(12,9,1),(12,10,1),(12,11,1),(12,12,1),(12,14,1),(12,15,1),(12,17,1),(12,18,1),(12,20,1),(12,21,1),(12,22,1),(12,23,1),(12,24,1),(12,25,1),(12,26,1),(12,27,1),(12,28,1),(12,32,1),(12,33,1),(12,34,1),(12,35,1),(12,36,1),(12,37,1),(12,38,1),(12,39,1),(12,40,1),(12,41,1),(12,42,1),(12,43,1),(12,44,1),(12,45,1),(12,46,1),(12,47,1),(12,48,1),(12,53,1),(12,54,1),(12,56,1),(12,57,1),(12,58,1),(12,59,1),(12,61,1),(12,62,1),(12,63,1),(12,64,1),(12,66,1),(12,67,1),(12,68,1),(12,70,1),(12,71,1),(12,72,1),(12,73,1),(12,75,1),(12,76,1),(12,77,1),(12,78,1),(12,79,1),(12,80,1),(12,81,1),(12,82,1),(12,84,1),(12,85,1),(12,87,1),(12,88,1),(12,90,1),(12,93,1),(12,94,1),(12,95,1),(12,96,1),(12,97,1),(12,99,1),(12,100,1),(12,101,1),(12,103,1),(12,104,1),(12,105,1),(12,106,1),(12,107,1),(12,108,1),(12,109,1),(12,110,1),(12,111,1),(12,112,1),(12,113,1),(12,114,1),(12,115,1),(12,116,1),(12,117,1),(12,118,1),(12,119,1),(12,120,1),(12,121,1),(12,123,1),(12,124,1),(12,125,1),(12,126,1),(12,127,1),(12,130,1),(12,131,1),(12,134,1),(12,136,1),(12,137,1),(12,138,1),(12,139,1),(12,140,1),(12,141,1),(12,142,1),(12,143,1),(12,144,1),(12,145,1),(12,147,1),(12,148,1),(12,149,1),(12,150,1),(13,1,1),(13,2,1),(13,4,1),(13,8,1),(13,15,1),(13,17,1),(13,20,1),(13,21,1),(13,23,1),(13,24,1),(13,25,1),(13,26,1),(13,27,1),(13,33,1),(13,34,1),(13,38,1),(13,41,1),(13,42,1),(13,44,1),(13,46,1),(13,48,1),(13,59,1),(13,61,1),(13,62,1),(13,64,1),(13,66,1),(13,68,1),(13,71,1),(13,73,1),(13,80,1),(13,81,1),(13,88,1),(13,90,1),(13,93,1),(13,94,1),(13,95,1),(13,100,1),(13,101,1),(13,103,1),(13,105,1),(13,107,1),(13,108,1),(13,109,1),(13,112,1),(13,114,1),(13,115,1),(13,120,1),(13,121,1),(13,123,1),(13,126,1),(13,127,1),(13,130,1),(13,131,1),(13,139,1),(13,142,1),(13,143,1),(13,147,1),(13,148,1),(13,149,1),(13,150,1),(14,1,1),(14,2,1),(14,15,1),(14,17,1),(14,24,1),(14,25,1),(14,26,1),(14,27,1),(14,34,1),(14,42,1),(14,44,1),(14,61,1),(14,64,1),(14,68,1),(14,71,1),(14,90,1),(14,95,1),(14,101,1),(14,105,1),(14,108,1),(14,109,1),(14,112,1),(14,114,1),(14,115,1),(14,121,1),(14,126,1),(14,139,1),(14,143,1),(14,147,1),(14,148,1),(16,2,1),(16,4,1),(16,5,1),(16,6,1),(16,7,1),(16,9,1),(16,10,1),(16,11,1),(16,12,1),(16,13,1),(16,14,1),(16,15,1),(16,17,1),(16,18,1),(16,19,1),(16,20,1),(16,21,1),(16,22,1),(16,23,1),(16,24,1),(16,26,1),(16,27,1),(16,28,1),(16,29,1),(16,30,1),(16,31,1),(16,32,1),(16,33,1),(16,34,1),(16,35,1),(16,36,1),(16,38,1),(16,39,1),(16,40,1),(16,41,1),(16,42,1),(16,43,1),(16,44,1),(16,45,1),(16,46,1),(16,47,1),(16,48,1),(16,49,1),(16,51,1),(16,54,1),(16,55,1),(16,58,1),(16,61,1),(16,62,1),(16,63,1),(16,64,1),(16,65,1),(16,66,1),(16,67,1),(16,68,1),(16,69,1),(16,70,1),(16,71,1),(16,72,1),(16,73,1),(16,74,1),(16,76,1),(16,77,1),(16,79,1),(16,80,1),(16,81,1),(16,84,1),(16,86,1),(16,87,1),(16,88,1),(16,89,1),(16,90,1),(16,91,1),(16,92,1),(16,94,1),(16,95,1),(16,96,1),(16,97,1),(16,99,1),(16,100,1),(16,101,1),(16,104,1),(16,106,1),(16,107,1),(16,108,1),(16,109,1),(16,110,1),(16,111,1),(16,113,1),(16,115,1),(16,116,1),(16,117,1),(16,119,1),(16,121,1),(16,122,1),(16,123,1),(16,124,1),(16,125,1),(16,126,1),(16,127,1),(16,129,1),(16,130,1),(16,131,1),(16,132,1),(16,133,1),(16,134,1),(16,136,1),(16,137,1),(16,138,1),(16,139,1),(16,140,1),(16,141,1),(16,142,1),(16,143,1),(16,144,1),(16,145,1),(16,146,1),(16,147,1),(16,149,1),(16,150,1),(17,2,1),(17,4,1),(17,5,1),(17,6,1),(17,9,1),(17,11,1),(17,13,1),(17,14,1),(17,17,1),(17,19,1),(17,20,1),(17,22,1),(17,27,1),(17,31,1),(17,32,1),(17,34,1),(17,38,1),(17,40,1),(17,41,1),(17,45,1),(17,48,1),(17,49,1),(17,55,1),(17,61,1),(17,63,1),(17,66,1),(17,68,1),(17,69,1),(17,70,1),(17,74,1),(17,77,1),(17,80,1),(17,81,1),(17,87,1),(17,88,1),(17,90,1),(17,91,1),(17,94,1),(17,100,1),(17,107,1),(17,108,1),(17,109,1),(17,110,1),(17,111,1),(17,113,1),(17,115,1),(17,117,1),(17,119,1),(17,122,1),(17,124,1),(17,127,1),(17,129,1),(17,131,1),(17,132,1),(17,134,1),(17,136,1),(17,140,1),(17,143,1),(17,145,1),(17,147,1),(18,2,1),(18,5,1),(18,20,1),(18,22,1),(18,27,1),(18,31,1),(18,32,1),(18,34,1),(18,40,1),(18,41,1),(18,49,1),(18,61,1),(18,68,1),(18,80,1),(18,87,1),(18,88,1),(18,94,1),(18,107,1),(18,109,1),(18,110,1),(18,111,1),(18,119,1),(18,122,1),(18,124,1),(18,127,1),(18,129,1),(18,134,1),(18,136,1),(18,140,1),(18,147,1),(20,5,1),(20,6,1),(20,8,1),(20,15,1),(20,18,1),(20,19,1),(20,20,1),(20,22,1),(20,26,1),(20,30,1),(20,31,1),(20,32,1),(20,35,1),(20,36,1),(20,37,1),(20,38,1),(20,40,1),(20,46,1),(20,48,1),(20,50,1),(20,52,1),(20,55,1),(20,56,1),(20,61,1),(20,62,1),(20,63,1),(20,67,1),(20,68,1),(20,69,1),(20,71,1),(20,75,1),(20,76,1),(20,78,1),(20,85,1),(20,89,1),(20,91,1),(20,93,1),(20,94,1),(20,97,1),(20,98,1),(20,99,1),(20,105,1),(20,109,1),(20,114,1),(20,115,1),(20,116,1),(20,119,1),(20,121,1),(20,125,1),(20,128,1),(20,130,1),(20,133,1),(20,134,1),(20,141,1),(20,142,1),(20,144,1),(20,145,1),(20,148,1),(20,149,1),(20,150,1),(21,8,1),(21,18,1),(21,22,1),(21,26,1),(21,30,1),(21,32,1),(21,36,1),(21,37,1),(21,38,1),(21,46,1),(21,48,1),(21,50,1),(21,52,1),(21,55,1),(21,61,1),(21,67,1),(21,75,1),(21,76,1),(21,89,1),(21,91,1),(21,93,1),(21,94,1),(21,97,1),(21,98,1),(21,99,1),(21,105,1),(21,115,1),(21,119,1),(21,121,1),(21,133,1),(23,1,1),(23,2,1),(23,3,1),(23,5,1),(23,7,1),(23,8,1),(23,10,1),(23,12,1),(23,14,1),(23,17,1),(23,18,1),(23,19,1),(23,21,1),(23,29,1),(23,33,1),(23,35,1),(23,36,1),(23,37,1),(23,40,1),(23,42,1),(23,44,1),(23,48,1),(23,49,1),(23,50,1),(23,57,1),(23,58,1),(23,68,1),(23,72,1),(23,73,1),(23,75,1),(23,77,1),(23,80,1),(23,82,1),(23,87,1),(23,89,1),(23,99,1),(23,100,1),(23,101,1),(23,103,1),(23,104,1),(23,107,1),(23,112,1),(23,116,1),(23,117,1),(23,118,1),(23,123,1),(23,124,1),(23,125,1),(23,126,1),(23,127,1),(23,129,1),(23,130,1),(23,133,1),(23,134,1),(23,135,1),(23,136,1),(23,140,1),(23,144,1),(23,146,1),(23,147,1),(24,3,1),(24,12,1),(24,17,1),(24,18,1),(24,21,1),(24,33,1),(24,36,1),(24,37,1),(24,42,1),(24,48,1),(24,50,1),(24,57,1),(24,68,1),(24,72,1),(24,73,1),(24,75,1),(24,77,1),(24,99,1),(24,104,1),(24,118,1),(24,123,1),(24,124,1),(24,125,1),(24,126,1),(24,127,1),(24,134,1),(24,136,1),(24,140,1),(24,146,1),(24,147,1),(26,1,1),(26,2,1),(26,3,1),(26,4,1),(26,5,1),(26,6,1),(26,7,1),(26,8,1),(26,9,1),(26,10,1),(26,11,1),(26,12,1),(26,13,1),(26,14,1),(26,16,1),(26,17,1),(26,18,1),(26,19,1),(26,20,1),(26,21,1),(26,23,1),(26,24,1),(26,25,1),(26,26,1),(26,27,1),(26,28,1),(26,30,1),(26,31,1),(26,32,1),(26,33,1),(26,36,1),(26,37,1),(26,38,1),(26,40,1),(26,42,1),(26,43,1),(26,44,1),(26,45,1),(26,46,1),(26,47,1),(26,48,1),(26,49,1),(26,52,1),(26,53,1),(26,54,1),(26,55,1),(26,57,1),(26,58,1),(26,60,1),(26,61,1),(26,62,1),(26,63,1),(26,64,1),(26,65,1),(26,67,1),(26,68,1),(26,69,1),(26,72,1),(26,75,1),(26,76,1),(26,77,1),(26,78,1),(26,79,1),(26,80,1),(26,81,1),(26,82,1),(26,83,1),(26,85,1),(26,86,1),(26,87,1),(26,88,1),(26,90,1),(26,91,1),(26,92,1),(26,93,1),(26,94,1),(26,95,1),(26,96,1),(26,97,1),(26,98,1),(26,99,1),(26,100,1),(26,101,1),(26,102,1),(26,103,1),(26,104,1),(26,105,1),(26,107,1),(26,108,1),(26,109,1),(26,110,1),(26,111,1),(26,112,1),(26,114,1),(26,116,1),(26,117,1),(26,118,1),(26,119,1),(26,120,1),(26,121,1),(26,122,1),(26,123,1),(26,124,1),(26,126,1),(26,129,1),(26,131,1),(26,132,1),(26,133,1),(26,135,1),(26,136,1),(26,138,1),(26,139,1),(26,140,1),(26,141,1),(26,142,1),(26,143,1),(26,144,1),(26,147,1),(26,148,1),(26,149,1),(27,2,1),(27,3,1),(27,4,1),(27,6,1),(27,7,1),(27,10,1),(27,12,1),(27,16,1),(27,17,1),(27,18,1),(27,20,1),(27,24,1),(27,25,1),(27,27,1),(27,28,1),(27,30,1),(27,33,1),(27,36,1),(27,37,1),(27,38,1),(27,42,1),(27,47,1),(27,52,1),(27,54,1),(27,60,1),(27,63,1),(27,64,1),(27,65,1),(27,76,1),(27,80,1),(27,82,1),(27,83,1),(27,85,1),(27,87,1),(27,88,1),(27,92,1),(27,93,1),(27,94,1),(27,95,1),(27,96,1),(27,97,1),(27,98,1),(27,100,1),(27,101,1),(27,102,1),(27,103,1),(27,105,1),(27,111,1),(27,116,1),(27,120,1),(27,121,1),(27,122,1),(27,123,1),(27,129,1),(27,131,1),(27,136,1),(27,141,1),(27,142,1),(27,143,1),(27,147,1),(28,4,1),(28,7,1),(28,10,1),(28,20,1),(28,24,1),(28,27,1),(28,28,1),(28,30,1),(28,33,1),(28,36,1),(28,37,1),(28,42,1),(28,60,1),(28,76,1),(28,80,1),(28,83,1),(28,93,1),(28,96,1),(28,97,1),(28,100,1),(28,101,1),(28,103,1),(28,105,1),(28,116,1),(28,121,1),(28,122,1),(28,129,1),(28,131,1),(28,141,1),(28,142,1),(30,1,1),(30,2,1),(30,3,1),(30,5,1),(30,6,1),(30,7,1),(30,8,1),(30,9,1),(30,10,1),(30,12,1),(30,13,1),(30,14,1),(30,15,1),(30,16,1),(30,17,1),(30,18,1),(30,19,1),(30,20,1),(30,21,1),(30,22,1),(30,23,1),(30,25,1),(30,26,1),(30,27,1),(30,28,1),(30,29,1),(30,30,1),(30,32,1),(30,33,1),(30,34,1),(30,36,1),(30,37,1),(30,38,1),(30,39,1),(30,41,1),(30,42,1),(30,43,1),(30,45,1),(30,46,1),(30,47,1),(30,48,1),(30,49,1),(30,53,1),(30,54,1),(30,55,1),(30,57,1),(30,58,1),(30,59,1),(30,60,1),(30,61,1),(30,62,1),(30,64,1),(30,65,1),(30,67,1),(30,68,1),(30,69,1),(30,70,1),(30,71,1),(30,72,1),(30,73,1),(30,74,1),(30,75,1),(30,76,1),(30,78,1),(30,79,1),(30,80,1),(30,81,1),(30,82,1),(30,83,1),(30,84,1),(30,85,1),(30,86,1),(30,87,1),(30,88,1),(30,89,1),(30,92,1),(30,93,1),(30,95,1),(30,96,1),(30,98,1),(30,100,1),(30,101,1),(30,102,1),(30,103,1),(30,104,1),(30,106,1),(30,107,1),(30,108,1),(30,109,1),(30,110,1),(30,112,1),(30,114,1),(30,115,1),(30,116,1),(30,117,1),(30,118,1),(30,119,1),(30,120,1),(30,121,1),(30,123,1),(30,124,1),(30,125,1),(30,126,1),(30,127,1),(30,128,1),(30,129,1),(30,130,1),(30,131,1),(30,132,1),(30,133,1),(30,136,1),(30,138,1),(30,139,1),(30,144,1),(30,145,1),(30,146,1),(30,147,1),(30,148,1),(30,149,1),(30,150,1),(31,1,1),(31,5,1),(31,8,1),(31,9,1),(31,12,1),(31,13,1),(31,14,1),(31,15,1),(31,16,1),(31,18,1),(31,21,1),(31,23,1),(31,26,1),(31,29,1),(31,32,1),(31,33,1),(31,34,1),(31,36,1),(31,38,1),(31,41,1),(31,43,1),(31,45,1),(31,47,1),(31,53,1),(31,59,1),(31,61,1),(31,62,1),(31,64,1),(31,65,1),(31,68,1),(31,70,1),(31,71,1),(31,73,1),(31,74,1),(31,78,1),(31,80,1),(31,82,1),(31,83,1),(31,86,1),(31,87,1),(31,88,1),(31,89,1),(31,95,1),(31,100,1),(31,102,1),(31,109,1),(31,114,1),(31,115,1),(31,118,1),(31,120,1),(31,123,1),(31,124,1),(31,127,1),(31,129,1),(31,130,1),(31,138,1),(31,139,1),(31,144,1),(31,145,1),(31,149,1),(32,8,1),(32,9,1),(32,12,1),(32,15,1),(32,18,1),(32,32,1),(32,33,1),(32,34,1),(32,36,1),(32,38,1),(32,41,1),(32,43,1),(32,45,1),(32,47,1),(32,65,1),(32,68,1),(32,70,1),(32,71,1),(32,74,1),(32,78,1),(32,80,1),(32,82,1),(32,95,1),(32,102,1),(32,109,1),(32,123,1),(32,124,1),(32,127,1),(32,144,1),(32,145,1),(34,1,1),(34,2,1),(34,3,1),(34,4,1),(34,6,1),(34,9,1),(34,10,1),(34,11,1),(34,13,1),(34,14,1),(34,15,1),(34,16,1),(34,17,1),(34,21,1),(34,22,1),(34,26,1),(34,28,1),(34,33,1),(34,34,1),(34,36,1),(34,39,1),(34,43,1),(34,45,1),(34,57,1),(34,58,1),(34,61,1),(34,64,1),(34,65,1),(34,66,1),(34,67,1),(34,70,1),(34,71,1),(34,72,1),(34,77,1),(34,78,1),(34,79,1),(34,83,1),(34,85,1),(34,87,1),(34,89,1),(34,91,1),(34,97,1),(34,100,1),(34,105,1),(34,107,1),(34,111,1),(34,112,1),(34,120,1),(34,122,1),(34,127,1),(34,128,1),(34,131,1),(34,137,1),(34,138,1),(34,141,1),(34,146,1),(34,147,1),(34,148,1),(34,149,1),(34,150,1),(35,2,1),(35,3,1),(35,4,1),(35,6,1),(35,13,1),(35,14,1),(35,15,1),(35,22,1),(35,26,1),(35,28,1),(35,33,1),(35,34,1),(35,36,1),(35,39,1),(35,58,1),(35,61,1),(35,64,1),(35,65,1),(35,66,1),(35,70,1),(35,72,1),(35,77,1),(35,78,1),(35,79,1),(35,87,1),(35,97,1),(35,107,1),(35,146,1),(35,148,1),(35,150,1),(38,1,1),(38,2,1),(38,3,1),(38,4,1),(38,5,1),(38,6,1),(38,7,1),(38,8,1),(38,9,1),(38,10,1),(38,11,1),(38,12,1),(38,13,1),(38,14,1),(38,15,1),(38,18,1),(38,19,1),(38,20,1),(38,21,1),(38,22,1),(38,23,1),(38,25,1),(38,26,1),(38,27,1),(38,28,1),(38,29,1),(38,30,1),(38,31,1),(38,32,1),(38,33,1),(38,34,1),(38,36,1),(38,37,1),(38,38,1),(38,39,1),(38,40,1),(38,41,1),(38,42,1),(38,43,1),(38,44,1),(38,45,1),(38,46,1),(38,47,1),(38,49,1),(38,50,1),(38,52,1),(38,53,1),(38,54,1),(38,55,1),(38,56,1),(38,58,1),(38,59,1),(38,60,1),(38,61,1),(38,62,1),(38,64,1),(38,65,1),(38,66,1),(38,67,1),(38,73,1),(38,74,1),(38,75,1),(38,76,1),(38,77,1),(38,78,1),(38,79,1),(38,81,1),(38,82,1),(38,84,1),(38,87,1),(38,88,1),(38,89,1),(38,90,1),(38,91,1),(38,92,1),(38,93,1),(38,95,1),(38,96,1),(38,97,1),(38,98,1),(38,100,1),(38,103,1),(38,105,1),(38,106,1),(38,107,1),(38,108,1),(38,109,1),(38,110,1),(38,111,1),(38,113,1),(38,115,1),(38,116,1),(38,117,1),(38,118,1),(38,120,1),(38,121,1),(38,122,1),(38,123,1),(38,124,1),(38,125,1),(38,126,1),(38,128,1),(38,129,1),(38,130,1),(38,131,1),(38,133,1),(38,134,1),(38,135,1),(38,136,1),(38,137,1),(38,139,1),(38,140,1),(38,141,1),(38,142,1),(38,143,1),(38,144,1),(38,145,1),(38,147,1),(38,149,1),(38,150,1),(39,2,1),(39,4,1),(39,6,1),(39,7,1),(39,8,1),(39,11,1),(39,13,1),(39,15,1),(39,18,1),(39,22,1),(39,23,1),(39,25,1),(39,26,1),(39,28,1),(39,29,1),(39,30,1),(39,31,1),(39,32,1),(39,34,1),(39,36,1),(39,38,1),(39,40,1),(39,41,1),(39,44,1),(39,47,1),(39,53,1),(39,55,1),(39,60,1),(39,62,1),(39,65,1),(39,66,1),(39,67,1),(39,74,1),(39,75,1),(39,79,1),(39,82,1),(39,87,1),(39,88,1),(39,92,1),(39,97,1),(39,98,1),(39,100,1),(39,103,1),(39,105,1),(39,118,1),(39,121,1),(39,122,1),(39,124,1),(39,125,1),(39,128,1),(39,129,1),(39,130,1),(39,131,1),(39,133,1),(39,135,1),(39,136,1),(39,137,1),(39,139,1),(39,145,1),(39,147,1),(40,2,1),(40,8,1),(40,11,1),(40,13,1),(40,23,1),(40,25,1),(40,28,1),(40,29,1),(40,30,1),(40,31,1),(40,38,1),(40,41,1),(40,53,1),(40,55,1),(40,62,1),(40,65,1),(40,82,1),(40,92,1),(40,98,1),(40,100,1),(40,103,1),(40,121,1),(40,122,1),(40,130,1),(40,133,1),(40,135,1),(40,136,1),(40,137,1),(40,139,1),(40,147,1),(43,3,1),(43,8,1),(43,12,1),(43,14,1),(43,16,1),(43,17,1),(43,19,1),(43,23,1),(43,31,1),(43,32,1),(43,33,1),(43,37,1),(43,39,1),(43,41,1),(43,45,1),(43,54,1),(43,61,1),(43,71,1),(43,74,1),(43,76,1),(43,79,1),(43,80,1),(43,84,1),(43,97,1),(43,100,1),(43,106,1),(43,124,1),(43,139,1),(43,142,1),(43,148,1),(45,7,1),(45,10,1),(45,14,1),(45,15,1),(45,21,1),(45,23,1),(45,34,1),(45,37,1),(45,46,1),(45,54,1),(45,55,1),(45,59,1),(45,67,1),(45,70,1),(45,86,1),(45,90,1),(45,92,1),(45,97,1),(45,102,1),(45,108,1),(45,110,1),(45,113,1),(45,116,1),(45,125,1),(45,126,1),(45,128,1),(45,136,1),(45,143,1),(45,147,1),(45,148,1),(47,1,1),(47,2,1),(47,3,1),(47,9,1),(47,11,1),(47,12,1),(47,17,1),(47,28,1),(47,31,1),(47,39,1),(47,40,1),(47,57,1),(47,61,1),(47,70,1),(47,87,1),(47,94,1),(47,109,1),(47,110,1),(47,112,1),(47,117,1),(47,122,1),(47,125,1),(47,130,1),(47,138,1),(47,139,1),(47,140,1),(47,142,1),(47,144,1),(47,145,1),(47,147,1);
/*!40000 ALTER TABLE `progresos` ENABLE KEYS */;
UNLOCK TABLES;

--
-- Table structure for table `resultados`
--

DROP TABLE IF EXISTS `resultados`;
/*!40101 SET @saved_cs_client     = @@character_set_client */;
/*!50503 SET character_set_client = utf8mb4 */;
CREATE TABLE `resultados` (
  `id` bigint(20) unsigned NOT NULL AUTO_INCREMENT,
  `tanda_id` bigint(20) unsigned NOT NULL,
  `numero_cajon` int(11) NOT NULL,
  `grupo_id` bigint(20) unsigned NOT NULL,
  `tiempo_pulsador` decimal(8,3) DEFAULT NULL,
  `pepitas_encontradas` int(11) DEFAULT 0,
  `valido` tinyint(1) NOT NULL DEFAULT 1,
  `observaciones` longtext DEFAULT NULL,
  PRIMARY KEY (`id`),
  KEY `resultados_tanda_id_foreign` (`tanda_id`),
  KEY `resultados_grupo_id_foreign` (`grupo_id`),
  CONSTRAINT `resultados_grupo_id_foreign` FOREIGN KEY (`grupo_id`) REFERENCES `grupos` (`id`) ON DELETE CASCADE,
  CONSTRAINT `resultados_tanda_id_foreign` FOREIGN KEY (`tanda_id`) REFERENCES `tandas` (`id`) ON DELETE CASCADE
) ENGINE=InnoDB AUTO_INCREMENT=4915 DEFAULT CHARSET=utf8mb4 COLLATE=utf8mb4_unicode_ci;
/*!40101 SET character_set_client = @saved_cs_client */;

--
-- Dumping data for table `resultados`
--

LOCK TABLES `resultados` WRITE;
/*!40000 ALTER TABLE `resultados` DISABLE KEYS */;
INSERT INTO `resultados` VALUES (1,1,1,142,357.000,5,1,NULL),(2,1,2,108,537.000,3,1,NULL),(3,1,3,137,418.000,6,1,NULL),(4,1,4,24,148.000,2,1,NULL),(5,1,5,3,416.000,7,1,NULL),(6,1,6,32,324.000,2,1,NULL),(7,1,7,101,330.000,2,1,NULL),(8,1,8,67,559.000,3,1,NULL),(9,1,9,88,476.000,3,1,NULL),(10,1,10,70,508.000,3,1,NULL),(11,1,11,7,459.000,1,1,NULL),(12,1,12,26,478.000,0,1,NULL),(13,1,13,103,234.000,5,1,NULL),(14,1,14,116,509.000,7,1,NULL),(15,1,15,64,176.000,3,1,NULL),(16,1,16,100,372.000,6,1,NULL),(17,1,17,73,447.000,7,1,NULL),(18,1,18,117,369.000,4,1,NULL),(19,1,19,34,134.000,6,1,NULL),(20,1,20,106,433.000,4,1,NULL),(21,1,21,81,334.000,3,1,NULL),(22,1,22,30,288.000,4,1,NULL),(23,1,23,16,324.000,4,1,NULL),(24,1,24,83,427.000,4,1,NULL),(25,1,25,111,201.000,3,1,NULL),(26,1,26,39,539.000,3,1,NULL),(27,1,27,45,196.000,3,1,NULL),(28,1,28,13,481.000,2,1,NULL),(29,1,29,135,520.000,5,1,NULL),(30,1,30,146,257.000,1,1,NULL),(31,2,1,142,277.000,3,1,NULL),(32,2,2,108,450.000,4,1,NULL),(33,2,3,137,249.000,8,1,NULL),(34,2,4,24,341.000,2,1,NULL),(35,2,5,3,502.000,1,1,NULL),(36,2,6,32,439.000,1,1,NULL),(37,2,7,101,272.000,5,1,NULL),(38,2,8,67,214.000,6,1,NULL),(39,2,9,88,207.000,1,1,NULL),(40,2,10,70,253.000,7,1,NULL),(41,2,11,7,429.000,5,1,NULL),(42,2,12,26,128.000,5,1,NULL),(43,2,13,103,407.000,8,1,NULL),(44,2,14,116,489.000,3,1,NULL),(45,2,15,64,301.000,0,1,NULL),(46,2,16,100,240.000,4,1,NULL),(47,2,17,73,218.000,5,1,NULL),(48,2,18,117,598.000,0,1,NULL),(49,2,19,34,246.000,2,1,NULL),(50,2,20,106,194.000,0,1,NULL),(51,2,21,81,177.000,1,1,NULL),(52,2,22,30,387.000,8,1,NULL),(53,2,23,16,131.000,7,1,NULL),(54,2,24,83,170.000,0,1,NULL),(55,2,25,111,146.000,8,1,NULL),(56,2,26,39,362.000,5,1,NULL),(57,2,27,45,237.000,4,1,NULL),(58,2,28,13,391.000,7,1,NULL),(59,2,29,135,541.000,8,1,NULL),(60,2,30,146,182.000,7,1,NULL),(61,3,1,143,395.000,1,1,NULL),(62,3,2,27,200.000,0,1,NULL),(63,3,3,99,340.000,6,1,NULL),(64,3,4,36,198.000,7,1,NULL),(65,3,5,127,131.000,0,1,NULL),(66,3,6,98,514.000,1,1,NULL),(67,3,7,68,165.000,0,1,NULL),(68,3,8,35,172.000,0,1,NULL),(69,3,9,8,412.000,0,1,NULL),(70,3,10,42,331.000,1,1,NULL),(71,3,11,120,386.000,2,1,NULL),(72,3,12,4,392.000,1,1,NULL),(73,3,13,62,124.000,5,1,NULL),(74,3,14,54,419.000,0,1,NULL),(75,3,15,122,310.000,5,1,NULL),(76,3,16,59,161.000,4,1,NULL),(77,3,17,136,553.000,5,1,NULL),(78,3,18,37,423.000,2,1,NULL),(79,3,19,102,141.000,4,1,NULL),(80,3,20,66,470.000,4,1,NULL),(81,3,21,14,595.000,7,1,NULL),(82,3,22,114,529.000,3,1,NULL),(83,3,23,113,466.000,3,1,NULL),(84,3,24,41,538.000,1,1,NULL),(85,3,25,133,151.000,7,1,NULL),(86,3,26,17,374.000,6,1,NULL),(87,3,27,86,598.000,0,1,NULL),(88,3,28,77,289.000,3,1,NULL),(89,3,29,48,488.000,4,1,NULL),(90,3,30,50,430.000,2,1,NULL),(91,4,1,143,264.000,7,1,NULL),(92,4,2,27,147.000,5,1,NULL),(93,4,3,99,578.000,3,1,NULL),(94,4,4,36,471.000,4,1,NULL),(95,4,5,127,391.000,3,1,NULL),(96,4,6,98,507.000,0,1,NULL),(97,4,7,68,249.000,7,1,NULL),(98,4,8,35,283.000,2,1,NULL),(99,4,9,8,244.000,6,1,NULL),(100,4,10,42,181.000,0,1,NULL),(101,4,11,120,570.000,2,1,NULL),(102,4,12,4,213.000,6,1,NULL),(103,4,13,62,435.000,0,1,NULL),(104,4,14,54,138.000,4,1,NULL),(105,4,15,122,325.000,2,1,NULL),(106,4,16,59,487.000,4,1,NULL),(107,4,17,136,343.000,0,1,NULL),(108,4,18,37,204.000,0,1,NULL),(109,4,19,102,527.000,2,1,NULL),(110,4,20,66,121.000,3,1,NULL),(111,4,21,14,329.000,3,1,NULL),(112,4,22,114,260.000,3,1,NULL),(113,4,23,113,305.000,1,1,NULL),(114,4,24,41,325.000,5,1,NULL),(115,4,25,133,136.000,0,1,NULL),(116,4,26,17,531.000,4,1,NULL),(117,4,27,86,308.000,5,1,NULL),(118,4,28,77,373.000,3,1,NULL),(119,4,29,48,361.000,7,1,NULL),(120,4,30,50,124.000,5,1,NULL),(121,5,1,18,598.000,5,1,NULL),(122,5,2,124,203.000,6,1,NULL),(123,5,3,74,339.000,6,1,NULL),(124,5,4,140,354.000,0,1,NULL),(125,5,5,11,190.000,5,1,NULL),(126,5,6,28,477.000,4,1,NULL),(127,5,7,49,436.000,1,1,NULL),(128,5,8,29,288.000,6,1,NULL),(129,5,9,55,423.000,0,1,NULL),(130,5,10,82,375.000,3,1,NULL),(131,5,11,125,589.000,1,1,NULL),(132,5,12,23,574.000,5,1,NULL),(133,5,13,71,272.000,0,1,NULL),(134,5,14,145,206.000,0,1,NULL),(135,5,15,94,262.000,3,1,NULL),(136,5,16,76,290.000,2,1,NULL),(137,5,17,2,557.000,2,1,NULL),(138,5,18,72,390.000,4,1,NULL),(139,5,19,109,225.000,1,1,NULL),(140,5,20,144,399.000,1,1,NULL),(141,5,21,115,431.000,6,1,NULL),(142,5,22,21,499.000,3,1,NULL),(143,5,23,107,200.000,0,1,NULL),(144,5,24,126,307.000,1,1,NULL),(145,5,25,134,334.000,3,1,NULL),(146,5,26,93,289.000,6,1,NULL),(147,5,27,110,394.000,1,1,NULL),(148,5,28,80,364.000,6,1,NULL),(149,5,29,69,200.000,6,1,NULL),(150,5,30,95,551.000,4,1,NULL),(151,6,1,18,121.000,3,1,NULL),(152,6,2,124,245.000,3,1,NULL),(153,6,3,74,474.000,2,1,NULL),(154,6,4,140,225.000,5,1,NULL),(155,6,5,11,199.000,5,1,NULL),(156,6,6,28,239.000,1,1,NULL),(157,6,7,49,522.000,5,1,NULL),(158,6,8,29,294.000,4,1,NULL),(159,6,9,55,568.000,6,1,NULL),(160,6,10,82,129.000,0,1,NULL),(161,6,11,125,125.000,2,1,NULL),(162,6,12,23,136.000,3,1,NULL),(163,6,13,71,188.000,1,1,NULL),(164,6,14,145,515.000,3,1,NULL),(165,6,15,94,391.000,3,1,NULL),(166,6,16,76,122.000,2,1,NULL),(167,6,17,2,367.000,3,1,NULL),(168,6,18,72,572.000,0,1,NULL),(169,6,19,109,345.000,5,1,NULL),(170,6,20,144,316.000,4,1,NULL),(171,6,21,115,553.000,3,1,NULL),(172,6,22,21,311.000,3,1,NULL),(173,6,23,107,584.000,0,1,NULL),(174,6,24,126,131.000,4,1,NULL),(175,6,25,134,168.000,1,1,NULL),(176,6,26,93,299.000,2,1,NULL),(177,6,27,110,433.000,3,1,NULL),(178,6,28,80,232.000,4,1,NULL),(179,6,29,69,401.000,4,1,NULL),(180,6,30,95,256.000,6,1,NULL),(181,7,1,10,246.000,2,1,NULL),(182,7,2,47,449.000,0,1,NULL),(183,7,3,84,555.000,6,1,NULL),(184,7,4,130,147.000,4,1,NULL),(185,7,5,51,318.000,4,1,NULL),(186,7,6,31,348.000,5,1,NULL),(187,7,7,63,282.000,6,1,NULL),(188,7,8,89,334.000,2,1,NULL),(189,7,9,52,571.000,5,1,NULL),(190,7,10,79,136.000,0,1,NULL),(191,7,11,15,599.000,6,1,NULL),(192,7,12,139,592.000,1,1,NULL),(193,7,13,22,133.000,4,1,NULL),(194,7,14,149,183.000,3,1,NULL),(195,7,15,58,339.000,6,1,NULL),(196,7,16,33,529.000,1,1,NULL),(197,7,17,56,359.000,0,1,NULL),(198,7,18,121,173.000,2,1,NULL),(199,7,19,138,594.000,2,1,NULL),(200,7,20,147,374.000,0,1,NULL),(201,7,21,90,520.000,4,1,NULL),(202,7,22,123,537.000,0,1,NULL),(203,7,23,75,325.000,5,1,NULL),(204,7,24,40,510.000,1,1,NULL),(205,7,25,38,333.000,5,1,NULL),(206,7,26,112,516.000,3,1,NULL),(207,7,27,141,397.000,4,1,NULL),(208,7,28,60,195.000,5,1,NULL),(209,7,29,57,567.000,1,1,NULL),(210,7,30,128,154.000,6,1,NULL),(211,8,1,10,276.000,2,1,NULL),(212,8,2,47,567.000,0,1,NULL),(213,8,3,84,431.000,1,1,NULL),(214,8,4,130,561.000,7,1,NULL),(215,8,5,51,586.000,8,1,NULL),(216,8,6,31,433.000,4,1,NULL),(217,8,7,63,310.000,0,1,NULL),(218,8,8,89,184.000,2,1,NULL),(219,8,9,52,151.000,3,1,NULL),(220,8,10,79,164.000,3,1,NULL),(221,8,11,15,216.000,3,1,NULL),(222,8,12,139,491.000,7,1,NULL),(223,8,13,22,440.000,5,1,NULL),(224,8,14,149,569.000,0,1,NULL),(225,8,15,58,310.000,0,1,NULL),(226,8,16,33,551.000,2,1,NULL),(227,8,17,56,266.000,1,1,NULL),(228,8,18,121,184.000,0,1,NULL),(229,8,19,138,186.000,7,1,NULL),(230,8,20,147,311.000,3,1,NULL),(231,8,21,90,258.000,0,1,NULL),(232,8,22,123,201.000,5,1,NULL),(233,8,23,75,464.000,8,1,NULL),(234,8,24,40,286.000,2,1,NULL),(235,8,25,38,461.000,8,1,NULL),(236,8,26,112,581.000,0,1,NULL),(237,8,27,141,164.000,0,1,NULL),(238,8,28,60,321.000,5,1,NULL),(239,8,29,57,531.000,6,1,NULL),(240,8,30,128,469.000,0,1,NULL),(241,9,1,85,157.000,8,1,NULL),(242,9,2,1,157.000,5,1,NULL),(243,9,3,150,193.000,8,1,NULL),(244,9,4,46,515.000,6,1,NULL),(245,9,5,12,563.000,2,1,NULL),(246,9,6,87,494.000,3,1,NULL),(247,9,7,96,535.000,3,1,NULL),(248,9,8,129,231.000,6,1,NULL),(249,9,9,119,527.000,3,1,NULL),(250,9,10,44,316.000,2,1,NULL),(251,9,11,118,347.000,1,1,NULL),(252,9,12,20,407.000,6,1,NULL),(253,9,13,6,353.000,0,1,NULL),(254,9,14,78,188.000,0,1,NULL),(255,9,15,43,179.000,1,1,NULL),(256,9,16,132,297.000,2,1,NULL),(257,9,17,104,580.000,4,1,NULL),(258,9,18,5,220.000,8,1,NULL),(259,9,19,131,438.000,5,1,NULL),(260,9,20,65,549.000,8,1,NULL),(261,9,21,91,472.000,2,1,NULL),(262,9,22,19,510.000,7,1,NULL),(263,9,23,61,486.000,1,1,NULL),(264,9,24,92,502.000,2,1,NULL),(265,9,25,25,190.000,7,1,NULL),(266,9,26,105,518.000,5,1,NULL),(267,9,27,97,369.000,4,1,NULL),(268,9,28,9,537.000,7,1,NULL),(269,9,29,53,446.000,6,1,NULL),(270,9,30,148,428.000,0,1,NULL),(271,10,1,85,446.000,2,1,NULL),(272,10,2,1,576.000,3,1,NULL),(273,10,3,150,218.000,4,1,NULL),(274,10,4,46,537.000,6,1,NULL),(275,10,5,12,157.000,1,1,NULL),(276,10,6,87,458.000,4,1,NULL),(277,10,7,96,564.000,1,1,NULL),(278,10,8,129,221.000,6,1,NULL),(279,10,9,119,529.000,5,1,NULL),(280,10,10,44,372.000,0,1,NULL),(281,10,11,118,536.000,0,1,NULL),(282,10,12,20,173.000,0,1,NULL),(283,10,13,6,447.000,0,1,NULL),(284,10,14,78,577.000,2,1,NULL),(285,10,15,43,265.000,2,1,NULL),(286,10,16,132,423.000,4,1,NULL),(287,10,17,104,313.000,1,1,NULL),(288,10,18,5,235.000,6,1,NULL),(289,10,19,131,313.000,6,1,NULL),(290,10,20,65,600.000,3,1,NULL),(291,10,21,91,410.000,2,1,NULL),(292,10,22,19,143.000,1,1,NULL),(293,10,23,61,490.000,6,1,NULL),(294,10,24,92,208.000,0,1,NULL),(295,10,25,25,149.000,6,1,NULL),(296,10,26,105,178.000,4,1,NULL),(297,10,27,97,600.000,3,1,NULL),(298,10,28,9,198.000,4,1,NULL),(299,10,29,53,284.000,6,1,NULL),(300,10,30,148,302.000,4,1,NULL),(301,41,1,140,291.000,1,1,NULL),(302,41,2,2,479.000,5,1,NULL),(303,41,3,124,233.000,1,1,NULL),(304,41,4,80,587.000,7,1,NULL),(305,41,5,35,409.000,8,1,NULL),(306,41,6,135,465.000,6,1,NULL),(307,41,7,139,264.000,4,1,NULL),(308,41,8,21,142.000,2,1,NULL),(309,41,9,14,410.000,8,1,NULL),(310,41,10,122,520.000,8,1,NULL),(311,41,11,58,397.000,6,1,NULL),(312,41,12,131,241.000,4,1,NULL),(313,41,13,99,281.000,2,1,NULL),(314,41,14,126,544.000,0,1,NULL),(315,41,15,91,192.000,7,1,NULL),(316,41,16,108,187.000,8,1,NULL),(317,41,17,148,517.000,2,1,NULL),(318,41,18,86,157.000,5,1,NULL),(319,41,19,15,578.000,4,1,NULL),(320,41,20,129,529.000,3,1,NULL),(321,41,21,12,401.000,4,1,NULL),(322,41,22,19,309.000,2,1,NULL),(323,41,23,100,167.000,2,1,NULL),(324,41,24,102,312.000,7,1,NULL),(325,41,25,11,515.000,6,1,NULL),(326,41,26,66,394.000,1,1,NULL),(327,41,27,60,539.000,4,1,NULL),(328,41,28,48,458.000,8,1,NULL),(329,41,29,49,210.000,1,1,NULL),(330,41,30,92,193.000,7,1,NULL),(331,42,1,140,178.000,0,1,NULL),(332,42,2,2,287.000,0,1,NULL),(333,42,3,124,559.000,0,1,NULL),(334,42,4,80,570.000,1,1,NULL),(335,42,5,35,589.000,4,1,NULL),(336,42,6,135,515.000,7,1,NULL),(337,42,7,139,489.000,0,1,NULL),(338,42,8,21,240.000,5,1,NULL),(339,42,9,14,393.000,3,1,NULL),(340,42,10,122,219.000,6,1,NULL),(341,42,11,58,238.000,7,1,NULL),(342,42,12,131,386.000,4,1,NULL),(343,42,13,99,296.000,2,1,NULL),(344,42,14,126,438.000,4,1,NULL),(345,42,15,91,442.000,5,1,NULL),(346,42,16,108,594.000,5,1,NULL),(347,42,17,148,181.000,5,1,NULL),(348,42,18,86,247.000,2,1,NULL),(349,42,19,15,306.000,6,1,NULL),(350,42,20,129,443.000,7,1,NULL),(351,42,21,12,565.000,2,1,NULL),(352,42,22,19,381.000,4,1,NULL),(353,42,23,100,152.000,6,1,NULL),(354,42,24,102,446.000,2,1,NULL),(355,42,25,11,290.000,3,1,NULL),(356,42,26,66,208.000,1,1,NULL),(357,42,27,60,161.000,2,1,NULL),(358,42,28,48,296.000,2,1,NULL),(359,42,29,49,144.000,7,1,NULL),(360,42,30,92,255.000,3,1,NULL),(361,43,1,65,170.000,6,1,NULL),(362,43,2,3,369.000,3,1,NULL),(363,43,3,67,338.000,1,1,NULL),(364,43,4,44,510.000,4,1,NULL),(365,43,5,55,420.000,0,1,NULL),(366,43,6,54,546.000,3,1,NULL),(367,43,7,13,240.000,5,1,NULL),(368,43,8,128,241.000,2,1,NULL),(369,43,9,62,407.000,4,1,NULL),(370,43,10,17,330.000,1,1,NULL),(371,43,11,146,146.000,3,1,NULL),(372,43,12,130,254.000,2,1,NULL),(373,43,13,141,387.000,3,1,NULL),(374,43,14,79,511.000,6,1,NULL),(375,43,15,104,559.000,0,1,NULL),(376,43,16,41,179.000,1,1,NULL),(377,43,17,73,564.000,6,1,NULL),(378,43,18,33,160.000,4,1,NULL),(379,43,19,113,322.000,3,1,NULL),(380,43,20,8,479.000,0,1,NULL),(381,43,21,26,454.000,6,1,NULL),(382,43,22,127,347.000,5,1,NULL),(383,43,23,16,529.000,6,1,NULL),(384,43,24,64,524.000,2,1,NULL),(385,43,25,112,460.000,3,1,NULL),(386,43,26,47,445.000,1,1,NULL),(387,43,27,72,379.000,0,1,NULL),(388,43,28,6,165.000,1,1,NULL),(389,43,29,97,594.000,0,1,NULL),(390,43,30,24,444.000,2,1,NULL),(391,44,1,65,534.000,1,1,NULL),(392,44,2,3,250.000,6,1,NULL),(393,44,3,67,533.000,0,1,NULL),(394,44,4,44,449.000,1,1,NULL),(395,44,5,55,260.000,5,1,NULL),(396,44,6,54,424.000,3,1,NULL),(397,44,7,13,130.000,1,1,NULL),(398,44,8,128,132.000,2,1,NULL),(399,44,9,62,248.000,4,1,NULL),(400,44,10,17,437.000,2,1,NULL),(401,44,11,146,217.000,1,1,NULL),(402,44,12,130,249.000,0,1,NULL),(403,44,13,141,235.000,6,1,NULL),(404,44,14,79,320.000,5,1,NULL),(405,44,15,104,405.000,1,1,NULL),(406,44,16,41,596.000,2,1,NULL),(407,44,17,73,260.000,2,1,NULL),(408,44,18,33,212.000,3,1,NULL),(409,44,19,113,348.000,5,1,NULL),(410,44,20,8,568.000,1,1,NULL),(411,44,21,26,237.000,3,1,NULL),(412,44,22,127,265.000,6,1,NULL),(413,44,23,16,359.000,1,1,NULL),(414,44,24,64,590.000,0,1,NULL),(415,44,25,112,547.000,3,1,NULL),(416,44,26,47,275.000,2,1,NULL),(417,44,27,72,220.000,3,1,NULL),(418,44,28,6,551.000,1,1,NULL),(419,44,29,97,551.000,0,1,NULL),(420,44,30,24,137.000,2,1,NULL),(421,45,1,70,367.000,3,1,NULL),(422,45,2,7,172.000,0,1,NULL),(423,45,3,52,124.000,2,1,NULL),(424,45,4,132,197.000,4,1,NULL),(425,45,5,40,138.000,0,1,NULL),(426,45,6,143,596.000,0,1,NULL),(427,45,7,29,486.000,5,1,NULL),(428,45,8,34,538.000,6,1,NULL),(429,45,9,69,297.000,3,1,NULL),(430,45,10,81,460.000,3,1,NULL),(431,45,11,149,512.000,3,1,NULL),(432,45,12,43,278.000,3,1,NULL),(433,45,13,115,307.000,5,1,NULL),(434,45,14,37,548.000,6,1,NULL),(435,45,15,105,226.000,1,1,NULL),(436,45,16,89,124.000,3,1,NULL),(437,45,17,56,591.000,5,1,NULL),(438,45,18,23,556.000,1,1,NULL),(439,45,19,134,517.000,6,1,NULL),(440,45,20,82,204.000,4,1,NULL),(441,45,21,31,175.000,0,1,NULL),(442,45,22,5,474.000,1,1,NULL),(443,45,23,147,550.000,3,1,NULL),(444,45,24,94,543.000,4,1,NULL),(445,45,25,98,331.000,0,1,NULL),(446,45,26,138,506.000,5,1,NULL),(447,45,27,85,586.000,3,1,NULL),(448,45,28,144,420.000,0,1,NULL),(449,45,29,77,369.000,5,1,NULL),(450,45,30,51,509.000,1,1,NULL),(451,46,1,70,415.000,1,1,NULL),(452,46,2,7,251.000,4,1,NULL),(453,46,3,52,332.000,5,1,NULL),(454,46,4,132,147.000,5,1,NULL),(455,46,5,40,348.000,0,1,NULL),(456,46,6,143,575.000,0,1,NULL),(457,46,7,29,576.000,5,1,NULL),(458,46,8,34,364.000,3,1,NULL),(459,46,9,69,120.000,3,1,NULL),(460,46,10,81,268.000,4,1,NULL),(461,46,11,149,440.000,2,1,NULL),(462,46,12,43,355.000,5,1,NULL),(463,46,13,115,351.000,5,1,NULL),(464,46,14,37,298.000,2,1,NULL),(465,46,15,105,487.000,3,1,NULL),(466,46,16,89,203.000,5,1,NULL),(467,46,17,56,132.000,6,1,NULL),(468,46,18,23,343.000,3,1,NULL),(469,46,19,134,242.000,4,1,NULL),(470,46,20,82,363.000,6,1,NULL),(471,46,21,31,451.000,3,1,NULL),(472,46,22,5,283.000,6,1,NULL),(473,46,23,147,398.000,1,1,NULL),(474,46,24,94,239.000,2,1,NULL),(475,46,25,98,316.000,4,1,NULL),(476,46,26,138,261.000,3,1,NULL),(477,46,27,85,594.000,3,1,NULL),(478,46,28,144,183.000,2,1,NULL),(479,46,29,77,278.000,6,1,NULL),(480,46,30,51,127.000,6,1,NULL),(481,47,1,96,231.000,4,1,NULL),(482,47,2,20,297.000,1,1,NULL),(483,47,3,39,346.000,3,1,NULL),(484,47,4,101,305.000,8,1,NULL),(485,47,5,25,475.000,5,1,NULL),(486,47,6,76,209.000,5,1,NULL),(487,47,7,78,581.000,6,1,NULL),(488,47,8,88,176.000,3,1,NULL),(489,47,9,57,353.000,1,1,NULL),(490,47,10,145,548.000,2,1,NULL),(491,47,11,84,510.000,4,1,NULL),(492,47,12,123,413.000,0,1,NULL),(493,47,13,42,426.000,5,1,NULL),(494,47,14,107,214.000,2,1,NULL),(495,47,15,9,505.000,2,1,NULL),(496,47,16,137,218.000,4,1,NULL),(497,47,17,53,487.000,1,1,NULL),(498,47,18,120,401.000,1,1,NULL),(499,47,19,36,492.000,7,1,NULL),(500,47,20,38,406.000,5,1,NULL),(501,47,21,61,355.000,0,1,NULL),(502,47,22,28,377.000,5,1,NULL),(503,47,23,118,280.000,8,1,NULL),(504,47,24,103,541.000,0,1,NULL),(505,47,25,32,523.000,5,1,NULL),(506,47,26,50,324.000,3,1,NULL),(507,47,27,114,193.000,6,1,NULL),(508,47,28,22,413.000,4,1,NULL),(509,47,29,87,426.000,5,1,NULL),(510,47,30,4,203.000,6,1,NULL),(511,48,1,96,346.000,0,1,NULL),(512,48,2,20,192.000,0,1,NULL),(513,48,3,39,232.000,4,1,NULL),(514,48,4,101,287.000,2,1,NULL),(515,48,5,25,340.000,5,1,NULL),(516,48,6,76,232.000,4,1,NULL),(517,48,7,78,367.000,6,1,NULL),(518,48,8,88,355.000,6,1,NULL),(519,48,9,57,313.000,4,1,NULL),(520,48,10,145,350.000,1,1,NULL),(521,48,11,84,460.000,0,1,NULL),(522,48,12,123,500.000,5,1,NULL),(523,48,13,42,250.000,1,1,NULL),(524,48,14,107,540.000,3,1,NULL),(525,48,15,9,231.000,1,1,NULL),(526,48,16,137,514.000,0,1,NULL),(527,48,17,53,404.000,1,1,NULL),(528,48,18,120,337.000,4,1,NULL),(529,48,19,36,449.000,3,1,NULL),(530,48,20,38,152.000,6,1,NULL),(531,48,21,61,568.000,6,1,NULL),(532,48,22,28,325.000,2,1,NULL),(533,48,23,118,591.000,6,1,NULL),(534,48,24,103,302.000,2,1,NULL),(535,48,25,32,380.000,0,1,NULL),(536,48,26,50,433.000,3,1,NULL),(537,48,27,114,334.000,6,1,NULL),(538,48,28,22,410.000,3,1,NULL),(539,48,29,87,576.000,0,1,NULL),(540,48,30,4,516.000,3,1,NULL),(541,49,1,63,519.000,2,1,NULL),(542,49,2,111,326.000,3,1,NULL),(543,49,3,59,389.000,1,1,NULL),(544,49,4,150,308.000,2,1,NULL),(545,49,5,116,280.000,4,1,NULL),(546,49,6,133,286.000,1,1,NULL),(547,49,7,75,482.000,4,1,NULL),(548,49,8,142,506.000,2,1,NULL),(549,49,9,71,313.000,6,1,NULL),(550,49,10,74,598.000,0,1,NULL),(551,49,11,1,265.000,2,1,NULL),(552,49,12,90,340.000,6,1,NULL),(553,49,13,10,396.000,1,1,NULL),(554,49,14,110,501.000,1,1,NULL),(555,49,15,93,587.000,4,1,NULL),(556,49,16,95,353.000,6,1,NULL),(557,49,17,68,543.000,1,1,NULL),(558,49,18,18,414.000,2,1,NULL),(559,49,19,136,192.000,4,1,NULL),(560,49,20,121,335.000,6,1,NULL),(561,49,21,106,210.000,0,1,NULL),(562,49,22,117,384.000,6,1,NULL),(563,49,23,125,286.000,1,1,NULL),(564,49,24,30,472.000,1,1,NULL),(565,49,25,119,220.000,2,1,NULL),(566,49,26,46,372.000,3,1,NULL),(567,49,27,83,178.000,0,1,NULL),(568,49,28,27,480.000,5,1,NULL),(569,49,29,45,471.000,3,1,NULL),(570,49,30,109,201.000,4,1,NULL),(571,50,1,63,351.000,7,1,NULL),(572,50,2,111,208.000,7,1,NULL),(573,50,3,59,382.000,3,1,NULL),(574,50,4,150,370.000,0,1,NULL),(575,50,5,116,458.000,8,1,NULL),(576,50,6,133,488.000,5,1,NULL),(577,50,7,75,231.000,0,1,NULL),(578,50,8,142,528.000,3,1,NULL),(579,50,9,71,201.000,8,1,NULL),(580,50,10,74,439.000,8,1,NULL),(581,50,11,1,135.000,2,1,NULL),(582,50,12,90,290.000,1,1,NULL),(583,50,13,10,598.000,3,1,NULL),(584,50,14,110,503.000,5,1,NULL),(585,50,15,93,447.000,6,1,NULL),(586,50,16,95,599.000,1,1,NULL),(587,50,17,68,171.000,0,1,NULL),(588,50,18,18,455.000,4,1,NULL),(589,50,19,136,591.000,5,1,NULL),(590,50,20,121,270.000,5,1,NULL),(591,50,21,106,306.000,1,1,NULL),(592,50,22,117,435.000,8,1,NULL),(593,50,23,125,136.000,6,1,NULL),(594,50,24,30,405.000,4,1,NULL),(595,50,25,119,530.000,0,1,NULL),(596,50,26,46,162.000,4,1,NULL),(597,50,27,83,382.000,2,1,NULL),(598,50,28,27,391.000,5,1,NULL),(599,50,29,45,345.000,3,1,NULL),(600,50,30,109,306.000,6,1,NULL),(601,11,1,33,233.000,6,1,NULL),(602,11,2,110,284.000,2,1,NULL),(603,11,3,55,589.000,1,1,NULL),(604,11,4,14,292.000,3,1,NULL),(605,11,5,54,259.000,4,1,NULL),(606,11,6,11,373.000,5,1,NULL),(607,11,7,68,408.000,4,1,NULL),(608,11,8,21,566.000,7,1,NULL),(609,11,9,10,126.000,2,1,NULL),(610,11,10,119,167.000,4,1,NULL),(611,11,11,5,396.000,4,1,NULL),(612,11,12,18,265.000,8,1,NULL),(613,11,13,32,405.000,7,1,NULL),(614,11,14,12,497.000,5,1,NULL),(615,11,15,3,338.000,2,1,NULL),(616,11,16,77,428.000,4,1,NULL),(617,11,17,144,302.000,2,1,NULL),(618,11,18,62,132.000,1,1,NULL),(619,11,19,103,154.000,8,1,NULL),(620,11,20,22,141.000,4,1,NULL),(621,11,21,43,241.000,1,1,NULL),(622,11,22,44,546.000,8,1,NULL),(623,11,23,25,334.000,3,1,NULL),(624,11,24,60,501.000,2,1,NULL),(625,11,25,92,536.000,0,1,NULL),(626,11,26,56,415.000,4,1,NULL),(627,11,27,66,513.000,4,1,NULL),(628,11,28,89,232.000,0,1,NULL),(629,11,29,124,316.000,1,1,NULL),(630,11,30,28,318.000,8,1,NULL),(631,12,1,33,376.000,4,1,NULL),(632,12,2,110,169.000,2,1,NULL),(633,12,3,55,589.000,0,1,NULL),(634,12,4,14,190.000,6,1,NULL),(635,12,5,54,388.000,7,1,NULL),(636,12,6,11,170.000,5,1,NULL),(637,12,7,68,243.000,4,1,NULL),(638,12,8,21,373.000,3,1,NULL),(639,12,9,10,252.000,3,1,NULL),(640,12,10,119,552.000,6,1,NULL),(641,12,11,5,513.000,4,1,NULL),(642,12,12,18,308.000,7,1,NULL),(643,12,13,32,308.000,2,1,NULL),(644,12,14,12,162.000,7,1,NULL),(645,12,15,3,464.000,0,1,NULL),(646,12,16,77,484.000,2,1,NULL),(647,12,17,144,586.000,5,1,NULL),(648,12,18,62,542.000,7,1,NULL),(649,12,19,103,521.000,7,1,NULL),(650,12,20,22,383.000,6,1,NULL),(651,12,21,43,159.000,4,1,NULL),(652,12,22,44,233.000,0,1,NULL),(653,12,23,25,477.000,3,1,NULL),(654,12,24,60,177.000,0,1,NULL),(655,12,25,92,480.000,2,1,NULL),(656,12,26,56,347.000,2,1,NULL),(657,12,27,66,218.000,2,1,NULL),(658,12,28,89,600.000,1,1,NULL),(659,12,29,124,488.000,7,1,NULL),(660,12,30,28,538.000,4,1,NULL),(661,13,1,19,572.000,1,1,NULL),(662,13,2,148,129.000,7,1,NULL),(663,13,3,17,168.000,1,1,NULL),(664,13,4,140,497.000,6,1,NULL),(665,13,5,50,442.000,1,1,NULL),(666,13,6,87,402.000,7,1,NULL),(667,13,7,129,505.000,2,1,NULL),(668,13,8,72,156.000,2,1,NULL),(669,13,9,78,499.000,8,1,NULL),(670,13,10,84,164.000,1,1,NULL),(671,13,11,83,425.000,1,1,NULL),(672,13,12,108,335.000,8,1,NULL),(673,13,13,15,267.000,5,1,NULL),(674,13,14,59,329.000,6,1,NULL),(675,13,15,115,369.000,7,1,NULL),(676,13,16,86,496.000,3,1,NULL),(677,13,17,80,402.000,2,1,NULL),(678,13,18,35,349.000,4,1,NULL),(679,13,19,67,325.000,7,1,NULL),(680,13,20,91,572.000,0,1,NULL),(681,13,21,57,277.000,8,1,NULL),(682,13,22,51,469.000,2,1,NULL),(683,13,23,42,246.000,5,1,NULL),(684,13,24,1,534.000,7,1,NULL),(685,13,25,137,238.000,6,1,NULL),(686,13,26,135,461.000,1,1,NULL),(687,13,27,94,460.000,7,1,NULL),(688,13,28,122,202.000,0,1,NULL),(689,13,29,4,394.000,6,1,NULL),(690,13,30,145,544.000,6,1,NULL),(691,14,1,19,504.000,1,1,NULL),(692,14,2,148,436.000,2,1,NULL),(693,14,3,17,437.000,7,1,NULL),(694,14,4,140,345.000,7,1,NULL),(695,14,5,50,389.000,4,1,NULL),(696,14,6,87,256.000,3,1,NULL),(697,14,7,129,327.000,3,1,NULL),(698,14,8,72,348.000,3,1,NULL),(699,14,9,78,359.000,7,1,NULL),(700,14,10,84,125.000,5,1,NULL),(701,14,11,83,474.000,1,1,NULL),(702,14,12,108,158.000,2,1,NULL),(703,14,13,15,121.000,7,1,NULL),(704,14,14,59,533.000,1,1,NULL),(705,14,15,115,512.000,7,1,NULL),(706,14,16,86,477.000,3,1,NULL),(707,14,17,80,526.000,6,1,NULL),(708,14,18,35,457.000,6,1,NULL),(709,14,19,67,491.000,2,1,NULL),(710,14,20,91,346.000,2,1,NULL),(711,14,21,57,191.000,1,1,NULL),(712,14,22,51,502.000,0,1,NULL),(713,14,23,42,484.000,2,1,NULL),(714,14,24,1,423.000,6,1,NULL),(715,14,25,137,555.000,8,1,NULL),(716,14,26,135,310.000,1,1,NULL),(717,14,27,94,209.000,4,1,NULL),(718,14,28,122,332.000,3,1,NULL),(719,14,29,4,488.000,0,1,NULL),(720,14,30,145,265.000,8,1,NULL),(721,15,1,116,127.000,7,1,NULL),(722,15,2,16,523.000,2,1,NULL),(723,15,3,132,347.000,0,1,NULL),(724,15,4,23,533.000,5,1,NULL),(725,15,5,96,489.000,1,1,NULL),(726,15,6,39,283.000,7,1,NULL),(727,15,7,130,545.000,0,1,NULL),(728,15,8,81,315.000,4,1,NULL),(729,15,9,113,153.000,0,1,NULL),(730,15,10,131,183.000,2,1,NULL),(731,15,11,64,255.000,3,1,NULL),(732,15,12,76,493.000,3,1,NULL),(733,15,13,46,394.000,4,1,NULL),(734,15,14,121,451.000,5,1,NULL),(735,15,15,48,273.000,1,1,NULL),(736,15,16,102,463.000,0,1,NULL),(737,15,17,7,326.000,4,1,NULL),(738,15,18,147,203.000,2,1,NULL),(739,15,19,126,191.000,1,1,NULL),(740,15,20,73,524.000,6,1,NULL),(741,15,21,6,325.000,4,1,NULL),(742,15,22,123,224.000,3,1,NULL),(743,15,23,93,385.000,3,1,NULL),(744,15,24,139,346.000,4,1,NULL),(745,15,25,146,294.000,0,1,NULL),(746,15,26,45,257.000,6,1,NULL),(747,15,27,143,319.000,0,1,NULL),(748,15,28,38,264.000,1,1,NULL),(749,15,29,150,185.000,0,1,NULL),(750,15,30,97,338.000,4,1,NULL),(751,16,1,116,250.000,4,1,NULL),(752,16,2,16,434.000,1,1,NULL),(753,16,3,132,442.000,2,1,NULL),(754,16,4,23,440.000,6,1,NULL),(755,16,5,96,422.000,4,1,NULL),(756,16,6,39,404.000,0,1,NULL),(757,16,7,130,396.000,4,1,NULL),(758,16,8,81,417.000,6,1,NULL),(759,16,9,113,283.000,1,1,NULL),(760,16,10,131,158.000,4,1,NULL),(761,16,11,64,372.000,3,1,NULL),(762,16,12,76,543.000,2,1,NULL),(763,16,13,46,236.000,6,1,NULL),(764,16,14,121,289.000,5,1,NULL),(765,16,15,48,584.000,6,1,NULL),(766,16,16,102,265.000,0,1,NULL),(767,16,17,7,572.000,3,1,NULL),(768,16,18,147,320.000,5,1,NULL),(769,16,19,126,151.000,3,1,NULL),(770,16,20,73,431.000,4,1,NULL),(771,16,21,6,395.000,6,1,NULL),(772,16,22,123,508.000,1,1,NULL),(773,16,23,93,319.000,4,1,NULL),(774,16,24,139,182.000,6,1,NULL),(775,16,25,146,439.000,0,1,NULL),(776,16,26,45,491.000,4,1,NULL),(777,16,27,143,522.000,5,1,NULL),(778,16,28,38,346.000,4,1,NULL),(779,16,29,150,143.000,0,1,NULL),(780,16,30,97,566.000,4,1,NULL),(781,17,1,24,257.000,0,1,NULL),(782,17,2,41,401.000,1,1,NULL),(783,17,3,114,174.000,2,1,NULL),(784,17,4,128,485.000,0,1,NULL),(785,17,5,107,476.000,4,1,NULL),(786,17,6,109,418.000,1,1,NULL),(787,17,7,141,585.000,2,1,NULL),(788,17,8,70,540.000,2,1,NULL),(789,17,9,111,385.000,5,1,NULL),(790,17,10,88,378.000,6,1,NULL),(791,17,11,112,272.000,3,1,NULL),(792,17,12,133,188.000,0,1,NULL),(793,17,13,120,260.000,3,1,NULL),(794,17,14,2,240.000,4,1,NULL),(795,17,15,34,275.000,6,1,NULL),(796,17,16,31,594.000,2,1,NULL),(797,17,17,69,554.000,3,1,NULL),(798,17,18,20,535.000,3,1,NULL),(799,17,19,71,240.000,6,1,NULL),(800,17,20,74,319.000,2,1,NULL),(801,17,21,90,248.000,6,1,NULL),(802,17,22,104,420.000,5,1,NULL),(803,17,23,105,560.000,0,1,NULL),(804,17,24,75,239.000,3,1,NULL),(805,17,25,47,363.000,3,1,NULL),(806,17,26,37,401.000,3,1,NULL),(807,17,27,61,271.000,0,1,NULL),(808,17,28,8,490.000,2,1,NULL),(809,17,29,134,390.000,6,1,NULL),(810,17,30,82,411.000,6,1,NULL),(811,18,1,24,578.000,4,1,NULL),(812,18,2,41,478.000,3,1,NULL),(813,18,3,114,302.000,7,1,NULL),(814,18,4,128,140.000,2,1,NULL),(815,18,5,107,541.000,7,1,NULL),(816,18,6,109,333.000,5,1,NULL),(817,18,7,141,468.000,5,1,NULL),(818,18,8,70,506.000,5,1,NULL),(819,18,9,111,577.000,4,1,NULL),(820,18,10,88,203.000,5,1,NULL),(821,18,11,112,334.000,6,1,NULL),(822,18,12,133,343.000,0,1,NULL),(823,18,13,120,276.000,8,1,NULL),(824,18,14,2,250.000,7,1,NULL),(825,18,15,34,510.000,5,1,NULL),(826,18,16,31,124.000,0,1,NULL),(827,18,17,69,353.000,1,1,NULL),(828,18,18,20,366.000,3,1,NULL),(829,18,19,71,227.000,6,1,NULL),(830,18,20,74,335.000,0,1,NULL),(831,18,21,90,157.000,1,1,NULL),(832,18,22,104,153.000,2,1,NULL),(833,18,23,105,548.000,7,1,NULL),(834,18,24,75,456.000,2,1,NULL),(835,18,25,47,554.000,3,1,NULL),(836,18,26,37,353.000,3,1,NULL),(837,18,27,61,349.000,5,1,NULL),(838,18,28,8,233.000,4,1,NULL),(839,18,29,134,303.000,5,1,NULL),(840,18,30,82,315.000,4,1,NULL),(841,19,1,36,120.000,3,1,NULL),(842,19,2,65,392.000,1,1,NULL),(843,19,3,101,344.000,6,1,NULL),(844,19,4,52,470.000,0,1,NULL),(845,19,5,58,124.000,7,1,NULL),(846,19,6,79,308.000,7,1,NULL),(847,19,7,30,481.000,6,1,NULL),(848,19,8,127,284.000,7,1,NULL),(849,19,9,118,265.000,6,1,NULL),(850,19,10,138,289.000,0,1,NULL),(851,19,11,26,565.000,8,1,NULL),(852,19,12,125,178.000,8,1,NULL),(853,19,13,149,548.000,4,1,NULL),(854,19,14,29,247.000,1,1,NULL),(855,19,15,100,207.000,6,1,NULL),(856,19,16,106,530.000,5,1,NULL),(857,19,17,63,536.000,6,1,NULL),(858,19,18,99,413.000,2,1,NULL),(859,19,19,40,378.000,6,1,NULL),(860,19,20,95,199.000,7,1,NULL),(861,19,21,27,505.000,8,1,NULL),(862,19,22,136,320.000,1,1,NULL),(863,19,23,85,454.000,0,1,NULL),(864,19,24,117,516.000,8,1,NULL),(865,19,25,13,344.000,1,1,NULL),(866,19,26,98,276.000,0,1,NULL),(867,19,27,142,386.000,0,1,NULL),(868,19,28,49,481.000,0,1,NULL),(869,19,29,9,351.000,3,1,NULL),(870,19,30,53,427.000,7,1,NULL),(871,20,1,36,526.000,6,1,NULL),(872,20,2,65,132.000,3,1,NULL),(873,20,3,101,473.000,6,1,NULL),(874,20,4,52,291.000,1,1,NULL),(875,20,5,58,543.000,3,1,NULL),(876,20,6,79,589.000,6,1,NULL),(877,20,7,30,483.000,0,1,NULL),(878,20,8,127,157.000,5,1,NULL),(879,20,9,118,172.000,4,1,NULL),(880,20,10,138,317.000,7,1,NULL),(881,20,11,26,427.000,0,1,NULL),(882,20,12,125,460.000,6,1,NULL),(883,20,13,149,230.000,5,1,NULL),(884,20,14,29,563.000,3,1,NULL),(885,20,15,100,503.000,7,1,NULL),(886,20,16,106,242.000,4,1,NULL),(887,20,17,63,124.000,8,1,NULL),(888,20,18,99,143.000,3,1,NULL),(889,20,19,40,567.000,8,1,NULL),(890,20,20,95,143.000,0,1,NULL),(891,20,21,27,334.000,0,1,NULL),(892,20,22,136,282.000,7,1,NULL),(893,20,23,85,224.000,5,1,NULL),(894,20,24,117,486.000,7,1,NULL),(895,20,25,13,374.000,3,1,NULL),(896,20,26,98,347.000,2,1,NULL),(897,20,27,142,403.000,7,1,NULL),(898,20,28,49,266.000,4,1,NULL),(899,20,29,9,521.000,5,1,NULL),(900,20,30,53,462.000,5,1,NULL),(901,51,1,86,167.000,6,1,NULL),(902,51,2,11,395.000,0,1,NULL),(903,51,3,141,410.000,7,1,NULL),(904,51,4,134,361.000,6,1,NULL),(905,51,5,109,485.000,5,1,NULL),(906,51,6,128,591.000,0,1,NULL),(907,51,7,40,225.000,2,1,NULL),(908,51,8,123,188.000,4,1,NULL),(909,51,9,124,307.000,5,1,NULL),(910,51,10,144,302.000,3,1,NULL),(911,51,11,28,147.000,4,1,NULL),(912,51,12,104,411.000,5,1,NULL),(913,51,13,93,222.000,1,1,NULL),(914,51,14,146,280.000,2,1,NULL),(915,51,15,126,391.000,5,1,NULL),(916,51,16,31,281.000,1,1,NULL),(917,51,17,55,439.000,3,1,NULL),(918,51,18,47,540.000,3,1,NULL),(919,51,19,56,430.000,1,1,NULL),(920,51,20,45,597.000,4,1,NULL),(921,51,21,101,327.000,5,1,NULL),(922,51,22,38,454.000,4,1,NULL),(923,51,23,140,500.000,5,1,NULL),(924,51,24,30,576.000,1,1,NULL),(925,51,25,67,171.000,2,1,NULL),(926,51,26,130,290.000,5,1,NULL),(927,51,27,127,436.000,0,1,NULL),(928,51,28,87,363.000,7,1,NULL),(929,51,29,99,277.000,6,1,NULL),(930,52,1,86,374.000,3,1,NULL),(931,52,2,11,564.000,7,1,NULL),(932,52,3,141,387.000,4,1,NULL),(933,52,4,134,417.000,6,1,NULL),(934,52,5,109,349.000,1,1,NULL),(935,52,6,128,215.000,2,1,NULL),(936,52,7,40,462.000,1,1,NULL),(937,52,8,123,448.000,0,1,NULL),(938,52,9,124,294.000,3,1,NULL),(939,52,10,144,201.000,7,1,NULL),(940,52,11,28,248.000,3,1,NULL),(941,52,12,104,546.000,1,1,NULL),(942,52,13,93,498.000,2,1,NULL),(943,52,14,146,186.000,3,1,NULL),(944,52,15,126,433.000,1,1,NULL),(945,52,16,31,262.000,4,1,NULL),(946,52,17,55,455.000,3,1,NULL),(947,52,18,47,236.000,1,1,NULL),(948,52,19,56,466.000,0,1,NULL),(949,52,20,45,385.000,5,1,NULL),(950,52,21,101,408.000,0,1,NULL),(951,52,22,38,341.000,7,1,NULL),(952,52,23,140,199.000,0,1,NULL),(953,52,24,30,535.000,7,1,NULL),(954,52,25,67,386.000,4,1,NULL),(955,52,26,130,196.000,6,1,NULL),(956,52,27,127,253.000,6,1,NULL),(957,52,28,87,351.000,0,1,NULL),(958,52,29,99,136.000,5,1,NULL),(959,53,1,48,405.000,1,1,NULL),(960,53,2,76,413.000,2,1,NULL),(961,53,3,62,257.000,7,1,NULL),(962,53,4,21,293.000,3,1,NULL),(963,53,5,82,427.000,0,1,NULL),(964,53,6,115,205.000,1,1,NULL),(965,53,7,133,364.000,3,1,NULL),(966,53,8,79,443.000,0,1,NULL),(967,53,9,102,171.000,1,1,NULL),(968,53,10,117,380.000,7,1,NULL),(969,53,11,24,492.000,0,1,NULL),(970,53,12,2,297.000,4,1,NULL),(971,53,13,52,549.000,1,1,NULL),(972,53,14,16,389.000,1,1,NULL),(973,53,15,106,390.000,6,1,NULL),(974,53,16,118,317.000,3,1,NULL),(975,53,17,80,339.000,0,1,NULL),(976,53,18,41,164.000,1,1,NULL),(977,53,19,37,374.000,3,1,NULL),(978,53,20,68,297.000,5,1,NULL),(979,53,21,29,489.000,4,1,NULL),(980,53,22,107,552.000,3,1,NULL),(981,53,23,142,537.000,0,1,NULL),(982,53,24,23,126.000,7,1,NULL),(983,53,25,138,320.000,5,1,NULL),(984,53,26,64,475.000,0,1,NULL),(985,53,27,129,441.000,5,1,NULL),(986,53,28,57,578.000,0,1,NULL),(987,53,29,63,569.000,5,1,NULL),(988,54,1,48,394.000,6,1,NULL),(989,54,2,76,315.000,7,1,NULL),(990,54,3,62,331.000,4,1,NULL),(991,54,4,21,361.000,2,1,NULL),(992,54,5,82,430.000,1,1,NULL),(993,54,6,115,592.000,7,1,NULL),(994,54,7,133,175.000,2,1,NULL),(995,54,8,79,345.000,8,1,NULL),(996,54,9,102,292.000,1,1,NULL),(997,54,10,117,246.000,1,1,NULL),(998,54,11,24,549.000,7,1,NULL),(999,54,12,2,513.000,8,1,NULL),(1000,54,13,52,215.000,2,1,NULL),(1001,54,14,16,570.000,4,1,NULL),(1002,54,15,106,224.000,8,1,NULL),(1003,54,16,118,298.000,1,1,NULL),(1004,54,17,80,225.000,6,1,NULL),(1005,54,18,41,433.000,6,1,NULL),(1006,54,19,37,573.000,0,1,NULL),(1007,54,20,68,191.000,8,1,NULL),(1008,54,21,29,439.000,4,1,NULL),(1009,54,22,107,436.000,6,1,NULL),(1010,54,23,142,341.000,8,1,NULL),(1011,54,24,23,447.000,7,1,NULL),(1012,54,25,138,504.000,7,1,NULL),(1013,54,26,64,212.000,7,1,NULL),(1014,54,27,129,442.000,1,1,NULL),(1015,54,28,57,581.000,3,1,NULL),(1016,54,29,63,399.000,5,1,NULL),(1017,55,1,15,157.000,5,1,NULL),(1018,55,2,32,444.000,2,1,NULL),(1019,55,3,150,385.000,2,1,NULL),(1020,55,4,147,426.000,3,1,NULL),(1021,55,5,89,568.000,6,1,NULL),(1022,55,6,71,379.000,2,1,NULL),(1023,55,7,83,350.000,2,1,NULL),(1024,55,8,34,332.000,1,1,NULL),(1025,55,9,132,568.000,3,1,NULL),(1026,55,10,121,364.000,7,1,NULL),(1027,55,11,96,423.000,4,1,NULL),(1028,55,12,137,420.000,3,1,NULL),(1029,55,13,88,492.000,5,1,NULL),(1030,55,14,27,283.000,2,1,NULL),(1031,55,15,7,529.000,3,1,NULL),(1032,55,16,92,510.000,5,1,NULL),(1033,55,17,108,471.000,7,1,NULL),(1034,55,18,90,460.000,5,1,NULL),(1035,55,19,12,151.000,5,1,NULL),(1036,55,20,111,499.000,7,1,NULL),(1037,55,21,44,127.000,6,1,NULL),(1038,55,22,18,254.000,3,1,NULL),(1039,55,23,145,317.000,1,1,NULL),(1040,55,24,75,436.000,0,1,NULL),(1041,55,25,26,197.000,5,1,NULL),(1042,55,26,60,310.000,2,1,NULL),(1043,55,27,9,432.000,3,1,NULL),(1044,55,28,116,317.000,7,1,NULL),(1045,55,29,119,351.000,7,1,NULL),(1046,56,1,15,491.000,6,1,NULL),(1047,56,2,32,306.000,2,1,NULL),(1048,56,3,150,487.000,2,1,NULL),(1049,56,4,147,507.000,2,1,NULL),(1050,56,5,89,465.000,5,1,NULL),(1051,56,6,71,437.000,3,1,NULL),(1052,56,7,83,442.000,0,1,NULL),(1053,56,8,34,253.000,6,1,NULL),(1054,56,9,132,384.000,2,1,NULL),(1055,56,10,121,177.000,2,1,NULL),(1056,56,11,96,169.000,2,1,NULL),(1057,56,12,137,557.000,4,1,NULL),(1058,56,13,88,216.000,6,1,NULL),(1059,56,14,27,389.000,4,1,NULL),(1060,56,15,7,230.000,1,1,NULL),(1061,56,16,92,489.000,1,1,NULL),(1062,56,17,108,569.000,4,1,NULL),(1063,56,18,90,212.000,2,1,NULL),(1064,56,19,12,515.000,4,1,NULL),(1065,56,20,111,491.000,2,1,NULL),(1066,56,21,44,294.000,5,1,NULL),(1067,56,22,18,168.000,2,1,NULL),(1068,56,23,145,550.000,4,1,NULL),(1069,56,24,75,480.000,0,1,NULL),(1070,56,25,26,529.000,4,1,NULL),(1071,56,26,60,552.000,1,1,NULL),(1072,56,27,9,548.000,4,1,NULL),(1073,56,28,116,222.000,1,1,NULL),(1074,56,29,119,451.000,4,1,NULL),(1075,57,1,95,496.000,4,1,NULL),(1076,57,2,98,468.000,0,1,NULL),(1077,57,3,36,460.000,6,1,NULL),(1078,57,4,43,260.000,2,1,NULL),(1079,57,5,22,475.000,7,1,NULL),(1080,57,6,51,440.000,7,1,NULL),(1081,57,7,58,565.000,2,1,NULL),(1082,57,8,46,323.000,0,1,NULL),(1083,57,9,122,241.000,7,1,NULL),(1084,57,10,49,249.000,0,1,NULL),(1085,57,11,136,470.000,8,1,NULL),(1086,57,12,70,582.000,3,1,NULL),(1087,57,13,39,150.000,2,1,NULL),(1088,57,14,14,386.000,6,1,NULL),(1089,57,15,8,293.000,1,1,NULL),(1090,57,16,42,351.000,1,1,NULL),(1091,57,17,94,471.000,3,1,NULL),(1092,57,18,73,357.000,7,1,NULL),(1093,57,19,69,418.000,2,1,NULL),(1094,57,20,100,496.000,2,1,NULL),(1095,57,21,13,366.000,7,1,NULL),(1096,57,22,54,298.000,3,1,NULL),(1097,57,23,72,464.000,5,1,NULL),(1098,57,24,10,270.000,6,1,NULL),(1099,57,25,6,253.000,3,1,NULL),(1100,57,26,20,313.000,8,1,NULL),(1101,57,27,19,250.000,0,1,NULL),(1102,57,28,113,372.000,6,1,NULL),(1103,58,1,95,318.000,5,1,NULL),(1104,58,2,98,224.000,1,1,NULL),(1105,58,3,36,257.000,1,1,NULL),(1106,58,4,43,578.000,5,1,NULL),(1107,58,5,22,176.000,6,1,NULL),(1108,58,6,51,444.000,4,1,NULL),(1109,58,7,58,126.000,4,1,NULL),(1110,58,8,46,250.000,6,1,NULL),(1111,58,9,122,474.000,3,1,NULL),(1112,58,10,49,140.000,6,1,NULL),(1113,58,11,136,444.000,6,1,NULL),(1114,58,12,70,351.000,4,1,NULL),(1115,58,13,39,208.000,6,1,NULL),(1116,58,14,14,388.000,5,1,NULL),(1117,58,15,8,600.000,1,1,NULL),(1118,58,16,42,539.000,3,1,NULL),(1119,58,17,94,561.000,6,1,NULL),(1120,58,18,73,434.000,0,1,NULL),(1121,58,19,69,278.000,3,1,NULL),(1122,58,20,100,422.000,6,1,NULL),(1123,58,21,13,301.000,4,1,NULL),(1124,58,22,54,369.000,5,1,NULL),(1125,58,23,72,365.000,5,1,NULL),(1126,58,24,10,506.000,0,1,NULL),(1127,58,25,6,490.000,2,1,NULL),(1128,58,26,20,206.000,5,1,NULL),(1129,58,27,19,476.000,4,1,NULL),(1130,58,28,113,389.000,5,1,NULL),(1131,59,1,66,549.000,6,1,NULL),(1132,59,2,5,554.000,3,1,NULL),(1133,59,3,61,518.000,7,1,NULL),(1134,59,4,120,431.000,2,1,NULL),(1135,59,5,50,507.000,1,1,NULL),(1136,59,6,74,231.000,4,1,NULL),(1137,59,7,77,294.000,7,1,NULL),(1138,59,8,125,516.000,6,1,NULL),(1139,59,9,33,194.000,7,1,NULL),(1140,59,10,59,282.000,0,1,NULL),(1141,59,11,4,562.000,1,1,NULL),(1142,59,12,65,274.000,2,1,NULL),(1143,59,13,84,171.000,3,1,NULL),(1144,59,14,148,497.000,0,1,NULL),(1145,59,15,81,537.000,4,1,NULL),(1146,59,16,110,322.000,2,1,NULL),(1147,59,17,17,243.000,2,1,NULL),(1148,59,18,97,472.000,7,1,NULL),(1149,59,19,149,474.000,1,1,NULL),(1150,59,20,25,495.000,0,1,NULL),(1151,59,21,114,580.000,0,1,NULL),(1152,59,22,78,528.000,1,1,NULL),(1153,59,23,91,252.000,0,1,NULL),(1154,59,24,53,535.000,2,1,NULL),(1155,59,25,35,297.000,5,1,NULL),(1156,59,26,143,194.000,7,1,NULL),(1157,59,27,131,159.000,4,1,NULL),(1158,59,28,139,272.000,6,1,NULL),(1159,60,1,66,423.000,3,1,NULL),(1160,60,2,5,439.000,8,1,NULL),(1161,60,3,61,368.000,8,1,NULL),(1162,60,4,120,345.000,2,1,NULL),(1163,60,5,50,535.000,3,1,NULL),(1164,60,6,74,126.000,3,1,NULL),(1165,60,7,77,388.000,4,1,NULL),(1166,60,8,125,250.000,8,1,NULL),(1167,60,9,33,147.000,6,1,NULL),(1168,60,10,59,452.000,5,1,NULL),(1169,60,11,4,300.000,8,1,NULL),(1170,60,12,65,545.000,4,1,NULL),(1171,60,13,84,362.000,1,1,NULL),(1172,60,14,148,442.000,1,1,NULL),(1173,60,15,81,120.000,2,1,NULL),(1174,60,16,110,144.000,3,1,NULL),(1175,60,17,17,249.000,7,1,NULL),(1176,60,18,97,229.000,7,1,NULL),(1177,60,19,149,350.000,7,1,NULL),(1178,60,20,25,438.000,1,1,NULL),(1179,60,21,114,280.000,1,1,NULL),(1180,60,22,78,237.000,2,1,NULL),(1181,60,23,91,337.000,8,1,NULL),(1182,60,24,53,555.000,5,1,NULL),(1183,60,25,35,231.000,6,1,NULL),(1184,60,26,143,593.000,5,1,NULL),(1185,60,27,131,204.000,8,1,NULL),(1186,60,28,139,513.000,5,1,NULL),(1187,61,1,103,231.000,6,1,NULL),(1188,61,2,112,169.000,1,1,NULL),(1189,61,3,99,453.000,3,1,NULL),(1190,61,4,33,368.000,3,1,NULL),(1191,61,5,4,427.000,1,1,NULL),(1192,61,6,64,368.000,6,1,NULL),(1193,61,7,100,343.000,5,1,NULL),(1194,61,8,85,332.000,4,1,NULL),(1195,61,9,28,178.000,4,1,NULL),(1196,61,10,69,419.000,5,1,NULL),(1197,61,11,14,360.000,0,1,NULL),(1198,61,12,27,480.000,6,1,NULL),(1199,61,13,141,286.000,1,1,NULL),(1200,61,14,139,555.000,5,1,NULL),(1201,61,15,84,568.000,3,1,NULL),(1202,61,16,55,487.000,6,1,NULL),(1203,61,17,22,525.000,0,1,NULL),(1204,61,18,98,378.000,2,1,NULL),(1205,61,19,43,374.000,0,1,NULL),(1206,61,20,147,142.000,2,1,NULL),(1207,61,21,39,211.000,0,1,NULL),(1208,61,22,5,483.000,4,1,NULL),(1209,61,23,92,306.000,5,1,NULL),(1210,61,24,38,213.000,4,1,NULL),(1211,61,25,93,418.000,6,1,NULL),(1212,61,26,29,425.000,0,1,NULL),(1213,61,27,37,273.000,5,1,NULL),(1214,61,28,120,584.000,3,1,NULL),(1215,61,29,23,234.000,5,1,NULL),(1216,61,30,140,574.000,5,1,NULL),(1217,62,1,103,484.000,0,1,NULL),(1218,62,2,112,378.000,3,1,NULL),(1219,62,3,99,473.000,6,1,NULL),(1220,62,4,33,181.000,4,1,NULL),(1221,62,5,4,541.000,6,1,NULL),(1222,62,6,64,511.000,5,1,NULL),(1223,62,7,100,181.000,7,1,NULL),(1224,62,8,85,345.000,5,1,NULL),(1225,62,9,28,179.000,1,1,NULL),(1226,62,10,69,562.000,7,1,NULL),(1227,62,11,14,305.000,5,1,NULL),(1228,62,12,27,384.000,2,1,NULL),(1229,62,13,141,145.000,3,1,NULL),(1230,62,14,139,573.000,4,1,NULL),(1231,62,15,84,446.000,2,1,NULL),(1232,62,16,55,500.000,2,1,NULL),(1233,62,17,22,418.000,0,1,NULL),(1234,62,18,98,554.000,5,1,NULL),(1235,62,19,43,195.000,6,1,NULL),(1236,62,20,147,274.000,4,1,NULL),(1237,62,21,39,348.000,0,1,NULL),(1238,62,22,5,159.000,4,1,NULL),(1239,62,23,92,392.000,5,1,NULL),(1240,62,24,38,463.000,7,1,NULL),(1241,62,25,93,133.000,1,1,NULL),(1242,62,26,29,351.000,2,1,NULL),(1243,62,27,37,215.000,4,1,NULL),(1244,62,28,120,431.000,4,1,NULL),(1245,62,29,23,440.000,2,1,NULL),(1246,62,30,140,419.000,1,1,NULL),(1247,63,1,2,519.000,0,1,NULL),(1248,63,2,48,251.000,0,1,NULL),(1249,63,3,46,137.000,6,1,NULL),(1250,63,4,6,229.000,0,1,NULL),(1251,63,5,121,327.000,5,1,NULL),(1252,63,6,88,361.000,0,1,NULL),(1253,63,7,109,302.000,4,1,NULL),(1254,63,8,15,450.000,2,1,NULL),(1255,63,9,89,294.000,4,1,NULL),(1256,63,10,83,350.000,5,1,NULL),(1257,63,11,90,306.000,0,1,NULL),(1258,63,12,34,412.000,1,1,NULL),(1259,63,13,3,147.000,5,1,NULL),(1260,63,14,67,571.000,4,1,NULL),(1261,63,15,119,305.000,4,1,NULL),(1262,63,16,25,355.000,6,1,NULL),(1263,63,17,131,377.000,4,1,NULL),(1264,63,18,138,301.000,3,1,NULL),(1265,63,19,19,266.000,2,1,NULL),(1266,63,20,117,326.000,2,1,NULL),(1267,63,21,127,188.000,0,1,NULL),(1268,63,22,49,552.000,4,1,NULL),(1269,63,23,54,148.000,5,1,NULL),(1270,63,24,8,165.000,1,1,NULL),(1271,63,25,24,214.000,6,1,NULL),(1272,63,26,61,396.000,1,1,NULL),(1273,63,27,36,516.000,2,1,NULL),(1274,63,28,102,139.000,3,1,NULL),(1275,63,29,106,270.000,2,1,NULL),(1276,63,30,82,309.000,6,1,NULL),(1277,64,1,2,370.000,6,1,NULL),(1278,64,2,48,203.000,5,1,NULL),(1279,64,3,46,507.000,5,1,NULL),(1280,64,4,6,377.000,7,1,NULL),(1281,64,5,121,365.000,7,1,NULL),(1282,64,6,88,183.000,6,1,NULL),(1283,64,7,109,412.000,2,1,NULL),(1284,64,8,15,398.000,2,1,NULL),(1285,64,9,89,452.000,0,1,NULL),(1286,64,10,83,355.000,6,1,NULL),(1287,64,11,90,124.000,3,1,NULL),(1288,64,12,34,394.000,0,1,NULL),(1289,64,13,3,185.000,5,1,NULL),(1290,64,14,67,156.000,7,1,NULL),(1291,64,15,119,482.000,5,1,NULL),(1292,64,16,25,276.000,7,1,NULL),(1293,64,17,131,474.000,3,1,NULL),(1294,64,18,138,336.000,7,1,NULL),(1295,64,19,19,218.000,7,1,NULL),(1296,64,20,117,463.000,3,1,NULL),(1297,64,21,127,404.000,0,1,NULL),(1298,64,22,49,149.000,7,1,NULL),(1299,64,23,54,343.000,5,1,NULL),(1300,64,24,8,267.000,2,1,NULL),(1301,64,25,24,336.000,7,1,NULL),(1302,64,26,61,507.000,7,1,NULL),(1303,64,27,36,185.000,7,1,NULL),(1304,64,28,102,184.000,4,1,NULL),(1305,64,29,106,180.000,0,1,NULL),(1306,64,30,82,417.000,3,1,NULL),(1307,65,1,133,303.000,6,1,NULL),(1308,65,2,96,480.000,8,1,NULL),(1309,65,3,105,140.000,4,1,NULL),(1310,65,4,146,402.000,1,1,NULL),(1311,65,5,95,126.000,5,1,NULL),(1312,65,6,57,158.000,1,1,NULL),(1313,65,7,78,210.000,3,1,NULL),(1314,65,8,66,300.000,0,1,NULL),(1315,65,9,145,270.000,0,1,NULL),(1316,65,10,65,454.000,7,1,NULL),(1317,65,11,50,207.000,0,1,NULL),(1318,65,12,122,254.000,5,1,NULL),(1319,65,13,1,269.000,4,1,NULL),(1320,65,14,7,435.000,7,1,NULL),(1321,65,15,62,414.000,8,1,NULL),(1322,65,16,79,354.000,2,1,NULL),(1323,65,17,42,141.000,3,1,NULL),(1324,65,18,32,453.000,7,1,NULL),(1325,65,19,11,485.000,6,1,NULL),(1326,65,20,128,347.000,2,1,NULL),(1327,65,21,148,306.000,8,1,NULL),(1328,65,22,72,208.000,7,1,NULL),(1329,65,23,143,179.000,6,1,NULL),(1330,65,24,73,518.000,4,1,NULL),(1331,65,25,134,286.000,1,1,NULL),(1332,65,26,59,359.000,0,1,NULL),(1333,65,27,12,210.000,2,1,NULL),(1334,65,28,16,165.000,6,1,NULL),(1335,65,29,137,459.000,1,1,NULL),(1336,65,30,142,220.000,4,1,NULL),(1337,66,1,133,165.000,1,1,NULL),(1338,66,2,96,359.000,6,1,NULL),(1339,66,3,105,436.000,3,1,NULL),(1340,66,4,146,187.000,0,1,NULL),(1341,66,5,95,213.000,6,1,NULL),(1342,66,6,57,303.000,7,1,NULL),(1343,66,7,78,180.000,3,1,NULL),(1344,66,8,66,567.000,5,1,NULL),(1345,66,9,145,420.000,2,1,NULL),(1346,66,10,65,398.000,0,1,NULL),(1347,66,11,50,245.000,0,1,NULL),(1348,66,12,122,250.000,2,1,NULL),(1349,66,13,1,348.000,2,1,NULL),(1350,66,14,7,519.000,4,1,NULL),(1351,66,15,62,483.000,2,1,NULL),(1352,66,16,79,481.000,6,1,NULL),(1353,66,17,42,518.000,4,1,NULL),(1354,66,18,32,231.000,7,1,NULL),(1355,66,19,11,120.000,0,1,NULL),(1356,66,20,128,597.000,3,1,NULL),(1357,66,21,148,422.000,6,1,NULL),(1358,66,22,72,432.000,3,1,NULL),(1359,66,23,143,400.000,4,1,NULL),(1360,66,24,73,553.000,0,1,NULL),(1361,66,25,134,451.000,1,1,NULL),(1362,66,26,59,155.000,0,1,NULL),(1363,66,27,12,274.000,5,1,NULL),(1364,66,28,16,276.000,4,1,NULL),(1365,66,29,137,499.000,0,1,NULL),(1366,66,30,142,418.000,2,1,NULL),(1367,67,1,97,325.000,4,1,NULL),(1368,67,2,136,339.000,1,1,NULL),(1369,67,3,113,361.000,2,1,NULL),(1370,67,4,94,203.000,4,1,NULL),(1371,67,5,13,527.000,5,1,NULL),(1372,67,6,60,552.000,4,1,NULL),(1373,67,7,150,303.000,2,1,NULL),(1374,67,8,40,226.000,2,1,NULL),(1375,67,9,58,363.000,6,1,NULL),(1376,67,10,31,209.000,3,1,NULL),(1377,67,11,129,400.000,6,1,NULL),(1378,67,12,77,599.000,2,1,NULL),(1379,67,13,114,204.000,2,1,NULL),(1380,67,14,44,445.000,2,1,NULL),(1381,67,15,144,556.000,2,1,NULL),(1382,67,16,74,494.000,3,1,NULL),(1383,67,17,70,241.000,0,1,NULL),(1384,67,18,63,232.000,5,1,NULL),(1385,67,19,41,440.000,1,1,NULL),(1386,67,20,124,577.000,4,1,NULL),(1387,67,21,110,385.000,2,1,NULL),(1388,67,22,101,499.000,6,1,NULL),(1389,67,23,125,371.000,0,1,NULL),(1390,67,24,76,382.000,4,1,NULL),(1391,67,25,107,307.000,0,1,NULL),(1392,67,26,81,151.000,1,1,NULL),(1393,67,27,118,593.000,2,1,NULL),(1394,67,28,10,455.000,5,1,NULL),(1395,67,29,26,122.000,5,1,NULL),(1396,67,30,18,366.000,2,1,NULL),(1397,68,1,97,143.000,6,1,NULL),(1398,68,2,136,211.000,6,1,NULL),(1399,68,3,113,583.000,2,1,NULL),(1400,68,4,94,336.000,0,1,NULL),(1401,68,5,13,589.000,4,1,NULL),(1402,68,6,60,246.000,2,1,NULL),(1403,68,7,150,572.000,0,1,NULL),(1404,68,8,40,425.000,4,1,NULL),(1405,68,9,58,204.000,8,1,NULL),(1406,68,10,31,475.000,6,1,NULL),(1407,68,11,129,342.000,6,1,NULL),(1408,68,12,77,468.000,6,1,NULL),(1409,68,13,114,582.000,4,1,NULL),(1410,68,14,44,295.000,5,1,NULL),(1411,68,15,144,134.000,5,1,NULL),(1412,68,16,74,582.000,3,1,NULL),(1413,68,17,70,372.000,3,1,NULL),(1414,68,18,63,302.000,6,1,NULL),(1415,68,19,41,485.000,1,1,NULL),(1416,68,20,124,219.000,6,1,NULL),(1417,68,21,110,270.000,6,1,NULL),(1418,68,22,101,482.000,7,1,NULL),(1419,68,23,125,437.000,0,1,NULL),(1420,68,24,76,226.000,1,1,NULL),(1421,68,25,107,353.000,5,1,NULL),(1422,68,26,81,193.000,7,1,NULL),(1423,68,27,118,283.000,7,1,NULL),(1424,68,28,10,434.000,1,1,NULL),(1425,68,29,26,370.000,0,1,NULL),(1426,68,30,18,337.000,7,1,NULL),(1427,69,1,123,243.000,2,1,NULL),(1428,69,2,52,587.000,4,1,NULL),(1429,69,3,20,231.000,3,1,NULL),(1430,69,4,17,395.000,6,1,NULL),(1431,69,5,87,388.000,4,1,NULL),(1432,69,6,115,545.000,2,1,NULL),(1433,69,7,30,508.000,3,1,NULL),(1434,69,8,130,423.000,2,1,NULL),(1435,69,9,56,500.000,0,1,NULL),(1436,69,10,135,261.000,2,1,NULL),(1437,69,11,108,282.000,4,1,NULL),(1438,69,12,86,309.000,4,1,NULL),(1439,69,13,91,295.000,4,1,NULL),(1440,69,14,116,164.000,0,1,NULL),(1441,69,15,51,343.000,3,1,NULL),(1442,69,16,71,160.000,1,1,NULL),(1443,69,17,75,400.000,6,1,NULL),(1444,69,18,35,123.000,2,1,NULL),(1445,69,19,45,483.000,4,1,NULL),(1446,69,20,104,132.000,0,1,NULL),(1447,69,21,111,215.000,3,1,NULL),(1448,69,22,132,491.000,3,1,NULL),(1449,69,23,9,172.000,0,1,NULL),(1450,69,24,47,554.000,1,1,NULL),(1451,69,25,21,599.000,4,1,NULL),(1452,69,26,126,267.000,6,1,NULL),(1453,69,27,53,202.000,1,1,NULL),(1454,69,28,149,220.000,5,1,NULL),(1455,69,29,68,378.000,5,1,NULL),(1456,69,30,80,505.000,5,1,NULL),(1457,70,1,123,274.000,8,1,NULL),(1458,70,2,52,438.000,8,1,NULL),(1459,70,3,20,485.000,3,1,NULL),(1460,70,4,17,201.000,4,1,NULL),(1461,70,5,87,317.000,7,1,NULL),(1462,70,6,115,560.000,3,1,NULL),(1463,70,7,30,482.000,7,1,NULL),(1464,70,8,130,453.000,0,1,NULL),(1465,70,9,56,492.000,1,1,NULL),(1466,70,10,135,286.000,2,1,NULL),(1467,70,11,108,477.000,4,1,NULL),(1468,70,12,86,272.000,1,1,NULL),(1469,70,13,91,401.000,5,1,NULL),(1470,70,14,116,123.000,4,1,NULL),(1471,70,15,51,493.000,1,1,NULL),(1472,70,16,71,510.000,3,1,NULL),(1473,70,17,75,392.000,0,1,NULL),(1474,70,18,35,443.000,0,1,NULL),(1475,70,19,45,384.000,4,1,NULL),(1476,70,20,104,157.000,5,1,NULL),(1477,70,21,111,449.000,6,1,NULL),(1478,70,22,132,320.000,5,1,NULL),(1479,70,23,9,229.000,8,1,NULL),(1480,70,24,47,401.000,8,1,NULL),(1481,70,25,21,570.000,5,1,NULL),(1482,70,26,126,420.000,4,1,NULL),(1483,70,27,53,251.000,4,1,NULL),(1484,70,28,149,183.000,3,1,NULL),(1485,70,29,68,154.000,1,1,NULL),(1486,70,30,80,236.000,6,1,NULL),(1487,21,1,58,220.000,4,1,NULL),(1488,21,2,41,506.000,6,1,NULL),(1489,21,3,98,594.000,3,1,NULL),(1490,21,4,126,553.000,4,1,NULL),(1491,21,5,145,579.000,5,1,NULL),(1492,21,6,88,317.000,6,1,NULL),(1493,21,7,83,302.000,5,1,NULL),(1494,21,8,54,276.000,4,1,NULL),(1495,21,9,16,251.000,4,1,NULL),(1496,21,10,76,530.000,3,1,NULL),(1497,21,11,109,236.000,0,1,NULL),(1498,21,12,46,281.000,0,1,NULL),(1499,21,13,96,424.000,0,1,NULL),(1500,21,14,34,383.000,6,1,NULL),(1501,21,15,133,364.000,1,1,NULL),(1502,21,16,52,435.000,0,1,NULL),(1503,21,17,136,564.000,4,1,NULL),(1504,21,18,45,297.000,4,1,NULL),(1505,21,19,26,316.000,5,1,NULL),(1506,21,20,47,528.000,3,1,NULL),(1507,21,21,107,438.000,2,1,NULL),(1508,21,22,92,126.000,6,1,NULL),(1509,21,23,113,348.000,2,1,NULL),(1510,21,24,18,131.000,1,1,NULL),(1511,21,25,42,316.000,4,1,NULL),(1512,21,26,17,471.000,3,1,NULL),(1513,21,27,115,148.000,2,1,NULL),(1514,21,28,82,432.000,2,1,NULL),(1515,21,29,31,569.000,3,1,NULL),(1516,21,30,101,350.000,5,1,NULL),(1517,22,1,58,335.000,4,1,NULL),(1518,22,2,41,566.000,2,1,NULL),(1519,22,3,98,377.000,3,1,NULL),(1520,22,4,126,335.000,3,1,NULL),(1521,22,5,145,413.000,2,1,NULL),(1522,22,6,88,322.000,4,1,NULL),(1523,22,7,83,228.000,6,1,NULL),(1524,22,8,54,305.000,4,1,NULL),(1525,22,9,16,250.000,4,1,NULL),(1526,22,10,76,318.000,6,1,NULL),(1527,22,11,109,301.000,4,1,NULL),(1528,22,12,46,397.000,5,1,NULL),(1529,22,13,96,200.000,5,1,NULL),(1530,22,14,34,307.000,2,1,NULL),(1531,22,15,133,160.000,6,1,NULL),(1532,22,16,52,354.000,4,1,NULL),(1533,22,17,136,590.000,6,1,NULL),(1534,22,18,45,592.000,3,1,NULL),(1535,22,19,26,359.000,6,1,NULL),(1536,22,20,47,490.000,5,1,NULL),(1537,22,21,107,228.000,4,1,NULL),(1538,22,22,92,204.000,7,1,NULL),(1539,22,23,113,239.000,1,1,NULL),(1540,22,24,18,198.000,4,1,NULL),(1541,22,25,42,454.000,8,1,NULL),(1542,22,26,17,595.000,8,1,NULL),(1543,22,27,115,202.000,1,1,NULL),(1544,22,28,82,275.000,7,1,NULL),(1545,22,29,31,286.000,1,1,NULL),(1546,22,30,101,418.000,1,1,NULL),(1547,23,1,134,586.000,1,1,NULL),(1548,23,2,39,521.000,6,1,NULL),(1549,23,3,29,236.000,3,1,NULL),(1550,23,4,114,314.000,3,1,NULL),(1551,23,5,24,403.000,2,1,NULL),(1552,23,6,49,523.000,2,1,NULL),(1553,23,7,127,469.000,4,1,NULL),(1554,23,8,7,196.000,4,1,NULL),(1555,23,9,146,317.000,3,1,NULL),(1556,23,10,135,561.000,3,1,NULL),(1557,23,11,111,592.000,0,1,NULL),(1558,23,12,21,418.000,5,1,NULL),(1559,23,13,44,593.000,3,1,NULL),(1560,23,14,84,233.000,1,1,NULL),(1561,23,15,53,550.000,5,1,NULL),(1562,23,16,9,507.000,4,1,NULL),(1563,23,17,62,136.000,5,1,NULL),(1564,23,18,129,547.000,6,1,NULL),(1565,23,19,37,522.000,4,1,NULL),(1566,23,20,32,592.000,4,1,NULL),(1567,23,21,68,158.000,4,1,NULL),(1568,23,22,43,297.000,3,1,NULL),(1569,23,23,10,244.000,2,1,NULL),(1570,23,24,8,340.000,4,1,NULL),(1571,23,25,3,405.000,6,1,NULL),(1572,23,26,23,362.000,2,1,NULL),(1573,23,27,50,537.000,2,1,NULL),(1574,23,28,60,182.000,1,1,NULL),(1575,23,29,131,258.000,5,1,NULL),(1576,23,30,57,132.000,3,1,NULL),(1577,24,1,134,198.000,1,1,NULL),(1578,24,2,39,298.000,6,1,NULL),(1579,24,3,29,511.000,6,1,NULL),(1580,24,4,114,537.000,7,1,NULL),(1581,24,5,24,449.000,0,1,NULL),(1582,24,6,49,477.000,5,1,NULL),(1583,24,7,127,511.000,4,1,NULL),(1584,24,8,7,226.000,5,1,NULL),(1585,24,9,146,502.000,2,1,NULL),(1586,24,10,135,258.000,0,1,NULL),(1587,24,11,111,133.000,1,1,NULL),(1588,24,12,21,438.000,5,1,NULL),(1589,24,13,44,272.000,0,1,NULL),(1590,24,14,84,129.000,7,1,NULL),(1591,24,15,53,413.000,4,1,NULL),(1592,24,16,9,434.000,3,1,NULL),(1593,24,17,62,453.000,4,1,NULL),(1594,24,18,129,502.000,4,1,NULL),(1595,24,19,37,367.000,5,1,NULL),(1596,24,20,32,205.000,0,1,NULL),(1597,24,21,68,231.000,0,1,NULL),(1598,24,22,43,377.000,5,1,NULL),(1599,24,23,10,230.000,1,1,NULL),(1600,24,24,8,345.000,4,1,NULL),(1601,24,25,3,268.000,0,1,NULL),(1602,24,26,23,284.000,3,1,NULL),(1603,24,27,50,525.000,0,1,NULL),(1604,24,28,60,593.000,4,1,NULL),(1605,24,29,131,290.000,2,1,NULL),(1606,24,30,57,383.000,3,1,NULL),(1607,25,1,80,530.000,7,1,NULL),(1608,25,2,143,294.000,2,1,NULL),(1609,25,3,148,542.000,5,1,NULL),(1610,25,4,13,271.000,4,1,NULL),(1611,25,5,147,450.000,5,1,NULL),(1612,25,6,65,565.000,5,1,NULL),(1613,25,7,27,480.000,5,1,NULL),(1614,25,8,22,457.000,7,1,NULL),(1615,25,9,11,525.000,0,1,NULL),(1616,25,10,144,380.000,1,1,NULL),(1617,25,11,99,307.000,2,1,NULL),(1618,25,12,25,331.000,7,1,NULL),(1619,25,13,63,584.000,1,1,NULL),(1620,25,14,128,132.000,4,1,NULL),(1621,25,15,117,382.000,5,1,NULL),(1622,25,16,124,524.000,4,1,NULL),(1623,25,17,120,323.000,2,1,NULL),(1624,25,18,139,127.000,1,1,NULL),(1625,25,19,142,392.000,0,1,NULL),(1626,25,20,2,496.000,1,1,NULL),(1627,25,21,51,483.000,0,1,NULL),(1628,25,22,19,236.000,5,1,NULL),(1629,25,23,4,544.000,5,1,NULL),(1630,25,24,121,409.000,6,1,NULL),(1631,25,25,81,599.000,7,1,NULL),(1632,25,26,79,142.000,3,1,NULL),(1633,25,27,103,468.000,2,1,NULL),(1634,25,28,67,127.000,1,1,NULL),(1635,25,29,35,340.000,0,1,NULL),(1636,25,30,149,475.000,4,1,NULL),(1637,26,1,80,218.000,5,1,NULL),(1638,26,2,143,502.000,1,1,NULL),(1639,26,3,148,306.000,3,1,NULL),(1640,26,4,13,328.000,3,1,NULL),(1641,26,5,147,286.000,5,1,NULL),(1642,26,6,65,327.000,6,1,NULL),(1643,26,7,27,426.000,1,1,NULL),(1644,26,8,22,549.000,5,1,NULL),(1645,26,9,11,220.000,0,1,NULL),(1646,26,10,144,493.000,5,1,NULL),(1647,26,11,99,556.000,2,1,NULL),(1648,26,12,25,595.000,7,1,NULL),(1649,26,13,63,385.000,1,1,NULL),(1650,26,14,128,360.000,5,1,NULL),(1651,26,15,117,121.000,4,1,NULL),(1652,26,16,124,374.000,5,1,NULL),(1653,26,17,120,294.000,6,1,NULL),(1654,26,18,139,333.000,4,1,NULL),(1655,26,19,142,304.000,0,1,NULL),(1656,26,20,2,161.000,5,1,NULL),(1657,26,21,51,183.000,1,1,NULL),(1658,26,22,19,328.000,3,1,NULL),(1659,26,23,4,492.000,0,1,NULL),(1660,26,24,121,125.000,7,1,NULL),(1661,26,25,81,426.000,7,1,NULL),(1662,26,26,79,251.000,5,1,NULL),(1663,26,27,103,354.000,6,1,NULL),(1664,26,28,67,253.000,6,1,NULL),(1665,26,29,35,575.000,4,1,NULL),(1666,26,30,149,591.000,4,1,NULL),(1667,27,1,119,334.000,8,1,NULL),(1668,27,2,36,222.000,6,1,NULL),(1669,27,3,78,176.000,5,1,NULL),(1670,27,4,102,272.000,6,1,NULL),(1671,27,5,123,139.000,5,1,NULL),(1672,27,6,73,358.000,4,1,NULL),(1673,27,7,69,237.000,4,1,NULL),(1674,27,8,97,296.000,1,1,NULL),(1675,27,9,70,152.000,7,1,NULL),(1676,27,10,132,132.000,1,1,NULL),(1677,27,11,75,169.000,2,1,NULL),(1678,27,12,6,191.000,4,1,NULL),(1679,27,13,74,308.000,0,1,NULL),(1680,27,14,122,339.000,1,1,NULL),(1681,27,15,15,176.000,4,1,NULL),(1682,27,16,91,505.000,2,1,NULL),(1683,27,17,30,246.000,5,1,NULL),(1684,27,18,14,141.000,8,1,NULL),(1685,27,19,106,503.000,4,1,NULL),(1686,27,20,95,174.000,3,1,NULL),(1687,27,21,118,263.000,7,1,NULL),(1688,27,22,105,179.000,0,1,NULL),(1689,27,23,137,297.000,5,1,NULL),(1690,27,24,1,373.000,5,1,NULL),(1691,27,25,38,309.000,2,1,NULL),(1692,27,26,90,332.000,0,1,NULL),(1693,27,27,61,453.000,8,1,NULL),(1694,27,28,112,540.000,3,1,NULL),(1695,27,29,48,482.000,7,1,NULL),(1696,27,30,94,505.000,2,1,NULL),(1697,28,1,119,267.000,8,1,NULL),(1698,28,2,36,529.000,7,1,NULL),(1699,28,3,78,286.000,7,1,NULL),(1700,28,4,102,420.000,3,1,NULL),(1701,28,5,123,480.000,5,1,NULL),(1702,28,6,73,177.000,2,1,NULL),(1703,28,7,69,145.000,1,1,NULL),(1704,28,8,97,406.000,0,1,NULL),(1705,28,9,70,306.000,4,1,NULL),(1706,28,10,132,232.000,7,1,NULL),(1707,28,11,75,243.000,8,1,NULL),(1708,28,12,6,563.000,5,1,NULL),(1709,28,13,74,244.000,7,1,NULL),(1710,28,14,122,367.000,1,1,NULL),(1711,28,15,15,304.000,2,1,NULL),(1712,28,16,91,472.000,4,1,NULL),(1713,28,17,30,236.000,7,1,NULL),(1714,28,18,14,243.000,7,1,NULL),(1715,28,19,106,314.000,3,1,NULL),(1716,28,20,95,512.000,8,1,NULL),(1717,28,21,118,546.000,6,1,NULL),(1718,28,22,105,472.000,5,1,NULL),(1719,28,23,137,577.000,0,1,NULL),(1720,28,24,1,379.000,8,1,NULL),(1721,28,25,38,172.000,5,1,NULL),(1722,28,26,90,217.000,4,1,NULL),(1723,28,27,61,365.000,8,1,NULL),(1724,28,28,112,583.000,8,1,NULL),(1725,28,29,48,529.000,3,1,NULL),(1726,28,30,94,403.000,2,1,NULL),(1727,29,1,40,149.000,1,1,NULL),(1728,29,2,55,589.000,6,1,NULL),(1729,29,3,71,301.000,5,1,NULL),(1730,29,4,100,307.000,4,1,NULL),(1731,29,5,12,348.000,5,1,NULL),(1732,29,6,130,422.000,6,1,NULL),(1733,29,7,33,175.000,4,1,NULL),(1734,29,8,87,203.000,5,1,NULL),(1735,29,9,20,529.000,6,1,NULL),(1736,29,10,138,284.000,4,1,NULL),(1737,29,11,104,351.000,5,1,NULL),(1738,29,12,141,424.000,0,1,NULL),(1739,29,13,108,159.000,1,1,NULL),(1740,29,14,77,450.000,5,1,NULL),(1741,29,15,66,362.000,1,1,NULL),(1742,29,16,116,593.000,5,1,NULL),(1743,29,17,93,259.000,6,1,NULL),(1744,29,18,85,258.000,2,1,NULL),(1745,29,19,28,401.000,6,1,NULL),(1746,29,20,5,235.000,3,1,NULL),(1747,29,21,72,546.000,5,1,NULL),(1748,29,22,64,373.000,6,1,NULL),(1749,29,23,59,262.000,6,1,NULL),(1750,29,24,140,315.000,0,1,NULL),(1751,29,25,86,211.000,5,1,NULL),(1752,29,26,110,587.000,4,1,NULL),(1753,29,27,89,228.000,3,1,NULL),(1754,29,28,56,217.000,1,1,NULL),(1755,29,29,150,184.000,5,1,NULL),(1756,29,30,125,421.000,0,1,NULL),(1757,30,1,40,554.000,2,1,NULL),(1758,30,2,55,426.000,1,1,NULL),(1759,30,3,71,377.000,5,1,NULL),(1760,30,4,100,242.000,7,1,NULL),(1761,30,5,12,481.000,7,1,NULL),(1762,30,6,130,207.000,6,1,NULL),(1763,30,7,33,545.000,5,1,NULL),(1764,30,8,87,501.000,4,1,NULL),(1765,30,9,20,195.000,8,1,NULL),(1766,30,10,138,369.000,3,1,NULL),(1767,30,11,104,570.000,1,1,NULL),(1768,30,12,141,518.000,1,1,NULL),(1769,30,13,108,358.000,2,1,NULL),(1770,30,14,77,502.000,0,1,NULL),(1771,30,15,66,482.000,0,1,NULL),(1772,30,16,116,155.000,7,1,NULL),(1773,30,17,93,143.000,2,1,NULL),(1774,30,18,85,572.000,6,1,NULL),(1775,30,19,28,433.000,5,1,NULL),(1776,30,20,5,259.000,7,1,NULL),(1777,30,21,72,365.000,3,1,NULL),(1778,30,22,64,587.000,3,1,NULL),(1779,30,23,59,482.000,2,1,NULL),(1780,30,24,140,279.000,1,1,NULL),(1781,30,25,86,380.000,6,1,NULL),(1782,30,26,110,502.000,6,1,NULL),(1783,30,27,89,229.000,4,1,NULL),(1784,30,28,56,358.000,1,1,NULL),(1785,30,29,150,128.000,5,1,NULL),(1786,30,30,125,228.000,6,1,NULL),(1787,31,1,81,460.000,7,1,NULL),(1788,31,2,129,253.000,6,1,NULL),(1789,31,3,141,496.000,7,1,NULL),(1790,31,4,19,439.000,6,1,NULL),(1791,31,5,22,276.000,0,1,NULL),(1792,31,6,148,237.000,1,1,NULL),(1793,31,7,119,513.000,4,1,NULL),(1794,31,8,31,588.000,5,1,NULL),(1795,31,9,6,526.000,7,1,NULL),(1796,31,10,35,423.000,1,1,NULL),(1797,31,11,133,180.000,2,1,NULL),(1798,31,12,136,175.000,6,1,NULL),(1799,31,13,104,438.000,0,1,NULL),(1800,31,14,142,596.000,7,1,NULL),(1801,31,15,61,260.000,6,1,NULL),(1802,31,16,55,418.000,4,1,NULL),(1803,31,17,9,291.000,7,1,NULL),(1804,31,18,38,133.000,0,1,NULL),(1805,31,19,80,385.000,2,1,NULL),(1806,31,20,84,404.000,7,1,NULL),(1807,31,21,99,310.000,2,1,NULL),(1808,31,22,102,538.000,1,1,NULL),(1809,31,23,128,595.000,0,1,NULL),(1810,31,24,89,242.000,5,1,NULL),(1811,31,25,145,196.000,2,1,NULL),(1812,31,26,146,535.000,0,1,NULL),(1813,31,27,150,279.000,6,1,NULL),(1814,31,28,124,495.000,6,1,NULL),(1815,31,29,79,563.000,7,1,NULL),(1816,31,30,95,164.000,2,1,NULL),(1817,32,1,81,582.000,2,1,NULL),(1818,32,2,129,493.000,5,1,NULL),(1819,32,3,141,213.000,6,1,NULL),(1820,32,4,19,171.000,7,1,NULL),(1821,32,5,22,550.000,8,1,NULL),(1822,32,6,148,179.000,0,1,NULL),(1823,32,7,119,298.000,1,1,NULL),(1824,32,8,31,576.000,6,1,NULL),(1825,32,9,6,329.000,1,1,NULL),(1826,32,10,35,577.000,3,1,NULL),(1827,32,11,133,203.000,2,1,NULL),(1828,32,12,136,592.000,4,1,NULL),(1829,32,13,104,172.000,1,1,NULL),(1830,32,14,142,500.000,7,1,NULL),(1831,32,15,61,129.000,6,1,NULL),(1832,32,16,55,169.000,6,1,NULL),(1833,32,17,9,433.000,1,1,NULL),(1834,32,18,38,460.000,4,1,NULL),(1835,32,19,80,431.000,0,1,NULL),(1836,32,20,84,421.000,8,1,NULL),(1837,32,21,99,499.000,2,1,NULL),(1838,32,22,102,443.000,2,1,NULL),(1839,32,23,128,380.000,8,1,NULL),(1840,32,24,89,187.000,7,1,NULL),(1841,32,25,145,234.000,5,1,NULL),(1842,32,26,146,257.000,4,1,NULL),(1843,32,27,150,493.000,8,1,NULL),(1844,32,28,124,577.000,3,1,NULL),(1845,32,29,79,553.000,6,1,NULL),(1846,32,30,95,248.000,7,1,NULL),(1847,33,1,34,568.000,4,1,NULL),(1848,33,2,27,157.000,4,1,NULL),(1849,33,3,8,217.000,5,1,NULL),(1850,33,4,140,196.000,3,1,NULL),(1851,33,5,28,429.000,4,1,NULL),(1852,33,6,21,398.000,5,1,NULL),(1853,33,7,37,411.000,6,1,NULL),(1854,33,8,116,298.000,0,1,NULL),(1855,33,9,29,498.000,0,1,NULL),(1856,33,10,73,248.000,4,1,NULL),(1857,33,11,2,280.000,1,1,NULL),(1858,33,12,36,149.000,2,1,NULL),(1859,33,13,39,196.000,3,1,NULL),(1860,33,14,114,452.000,1,1,NULL),(1861,33,15,131,282.000,1,1,NULL),(1862,33,16,125,157.000,5,1,NULL),(1863,33,17,130,312.000,6,1,NULL),(1864,33,18,127,568.000,0,1,NULL),(1865,33,19,126,515.000,3,1,NULL),(1866,33,20,103,282.000,3,1,NULL),(1867,33,21,18,502.000,4,1,NULL),(1868,33,22,65,396.000,1,1,NULL),(1869,33,23,1,257.000,3,1,NULL),(1870,33,24,3,199.000,5,1,NULL),(1871,33,25,113,577.000,5,1,NULL),(1872,33,26,143,599.000,0,1,NULL),(1873,33,27,100,434.000,2,1,NULL),(1874,33,28,135,501.000,5,1,NULL),(1875,33,29,30,121.000,4,1,NULL),(1876,33,30,54,329.000,6,1,NULL),(1877,34,1,34,169.000,2,1,NULL),(1878,34,2,27,496.000,6,1,NULL),(1879,34,3,8,284.000,3,1,NULL),(1880,34,4,140,309.000,3,1,NULL),(1881,34,5,28,128.000,8,1,NULL),(1882,34,6,21,519.000,6,1,NULL),(1883,34,7,37,180.000,4,1,NULL),(1884,34,8,116,425.000,5,1,NULL),(1885,34,9,29,295.000,7,1,NULL),(1886,34,10,73,204.000,5,1,NULL),(1887,34,11,2,379.000,7,1,NULL),(1888,34,12,36,334.000,5,1,NULL),(1889,34,13,39,492.000,1,1,NULL),(1890,34,14,114,278.000,1,1,NULL),(1891,34,15,131,197.000,3,1,NULL),(1892,34,16,125,420.000,3,1,NULL),(1893,34,17,130,146.000,4,1,NULL),(1894,34,18,127,412.000,5,1,NULL),(1895,34,19,126,429.000,7,1,NULL),(1896,34,20,103,426.000,4,1,NULL),(1897,34,21,18,177.000,1,1,NULL),(1898,34,22,65,363.000,6,1,NULL),(1899,34,23,1,367.000,7,1,NULL),(1900,34,24,3,267.000,7,1,NULL),(1901,34,25,113,306.000,4,1,NULL),(1902,34,26,143,463.000,7,1,NULL),(1903,34,27,100,545.000,4,1,NULL),(1904,34,28,135,359.000,1,1,NULL),(1905,34,29,30,371.000,7,1,NULL),(1906,34,30,54,196.000,6,1,NULL),(1907,35,1,94,552.000,0,1,NULL),(1908,35,2,72,599.000,3,1,NULL),(1909,35,3,90,556.000,6,1,NULL),(1910,35,4,108,436.000,4,1,NULL),(1911,35,5,67,190.000,6,1,NULL),(1912,35,6,117,501.000,6,1,NULL),(1913,35,7,40,147.000,2,1,NULL),(1914,35,8,109,423.000,2,1,NULL),(1915,35,9,51,333.000,0,1,NULL),(1916,35,10,41,224.000,1,1,NULL),(1917,35,11,45,250.000,1,1,NULL),(1918,35,12,111,134.000,7,1,NULL),(1919,35,13,63,443.000,1,1,NULL),(1920,35,14,43,511.000,8,1,NULL),(1921,35,15,44,490.000,6,1,NULL),(1922,35,16,132,592.000,3,1,NULL),(1923,35,17,112,453.000,3,1,NULL),(1924,35,18,13,427.000,4,1,NULL),(1925,35,19,106,516.000,6,1,NULL),(1926,35,20,20,496.000,6,1,NULL),(1927,35,21,57,564.000,0,1,NULL),(1928,35,22,10,246.000,2,1,NULL),(1929,35,23,93,378.000,8,1,NULL),(1930,35,24,47,260.000,6,1,NULL),(1931,35,25,12,166.000,5,1,NULL),(1932,35,26,70,533.000,0,1,NULL),(1933,35,27,25,406.000,3,1,NULL),(1934,35,28,24,284.000,0,1,NULL),(1935,35,29,91,362.000,8,1,NULL),(1936,35,30,83,216.000,2,1,NULL),(1937,36,1,94,357.000,2,1,NULL),(1938,36,2,72,231.000,1,1,NULL),(1939,36,3,90,490.000,3,1,NULL),(1940,36,4,108,387.000,6,1,NULL),(1941,36,5,67,282.000,7,1,NULL),(1942,36,6,117,206.000,4,1,NULL),(1943,36,7,40,581.000,4,1,NULL),(1944,36,8,109,339.000,6,1,NULL),(1945,36,9,51,157.000,2,1,NULL),(1946,36,10,41,412.000,6,1,NULL),(1947,36,11,45,523.000,7,1,NULL),(1948,36,12,111,237.000,6,1,NULL),(1949,36,13,63,175.000,1,1,NULL),(1950,36,14,43,532.000,1,1,NULL),(1951,36,15,44,468.000,7,1,NULL),(1952,36,16,132,566.000,2,1,NULL),(1953,36,17,112,485.000,1,1,NULL),(1954,36,18,13,176.000,7,1,NULL),(1955,36,19,106,148.000,6,1,NULL),(1956,36,20,20,468.000,6,1,NULL),(1957,36,21,57,299.000,2,1,NULL),(1958,36,22,10,223.000,6,1,NULL),(1959,36,23,93,376.000,5,1,NULL),(1960,36,24,47,326.000,7,1,NULL),(1961,36,25,12,447.000,7,1,NULL),(1962,36,26,70,308.000,3,1,NULL),(1963,36,27,25,158.000,5,1,NULL),(1964,36,28,24,428.000,3,1,NULL),(1965,36,29,91,388.000,2,1,NULL),(1966,36,30,83,401.000,1,1,NULL),(1967,37,1,23,596.000,4,1,NULL),(1968,37,2,98,361.000,6,1,NULL),(1969,37,3,92,556.000,3,1,NULL),(1970,37,4,50,221.000,5,1,NULL),(1971,37,5,69,194.000,0,1,NULL),(1972,37,6,107,408.000,4,1,NULL),(1973,37,7,123,162.000,6,1,NULL),(1974,37,8,105,149.000,6,1,NULL),(1975,37,9,118,367.000,5,1,NULL),(1976,37,10,78,503.000,5,1,NULL),(1977,37,11,60,231.000,3,1,NULL),(1978,37,12,97,460.000,3,1,NULL),(1979,37,13,14,528.000,1,1,NULL),(1980,37,14,76,174.000,4,1,NULL),(1981,37,15,77,286.000,6,1,NULL),(1982,37,16,58,569.000,3,1,NULL),(1983,37,17,122,247.000,3,1,NULL),(1984,37,18,64,225.000,6,1,NULL),(1985,37,19,144,549.000,2,1,NULL),(1986,37,20,42,163.000,0,1,NULL),(1987,37,21,11,572.000,4,1,NULL),(1988,37,22,134,282.000,5,1,NULL),(1989,37,23,87,350.000,4,1,NULL),(1990,37,24,32,220.000,4,1,NULL),(1991,37,25,137,354.000,0,1,NULL),(1992,37,26,15,317.000,6,1,NULL),(1993,37,27,53,301.000,6,1,NULL),(1994,37,28,68,405.000,0,1,NULL),(1995,37,29,115,507.000,0,1,NULL),(1996,37,30,139,487.000,6,1,NULL),(1997,38,1,23,307.000,4,1,NULL),(1998,38,2,98,551.000,5,1,NULL),(1999,38,3,92,140.000,3,1,NULL),(2000,38,4,50,242.000,0,1,NULL),(2001,38,5,69,344.000,2,1,NULL),(2002,38,6,107,262.000,6,1,NULL),(2003,38,7,123,307.000,8,1,NULL),(2004,38,8,105,413.000,3,1,NULL),(2005,38,9,118,277.000,6,1,NULL),(2006,38,10,78,368.000,8,1,NULL),(2007,38,11,60,375.000,2,1,NULL),(2008,38,12,97,389.000,8,1,NULL),(2009,38,13,14,311.000,7,1,NULL),(2010,38,14,76,377.000,1,1,NULL),(2011,38,15,77,566.000,6,1,NULL),(2012,38,16,58,438.000,4,1,NULL),(2013,38,17,122,170.000,2,1,NULL),(2014,38,18,64,558.000,3,1,NULL),(2015,38,19,144,396.000,7,1,NULL),(2016,38,20,42,123.000,2,1,NULL),(2017,38,21,11,402.000,5,1,NULL),(2018,38,22,134,405.000,7,1,NULL),(2019,38,23,87,429.000,1,1,NULL),(2020,38,24,32,490.000,6,1,NULL),(2021,38,25,137,208.000,5,1,NULL),(2022,38,26,15,595.000,2,1,NULL),(2023,38,27,53,231.000,8,1,NULL),(2024,38,28,68,574.000,1,1,NULL),(2025,38,29,115,259.000,6,1,NULL),(2026,38,30,139,480.000,8,1,NULL),(2027,39,1,85,386.000,2,1,NULL),(2028,39,2,120,137.000,0,1,NULL),(2029,39,3,110,496.000,7,1,NULL),(2030,39,4,101,400.000,3,1,NULL),(2031,39,5,48,393.000,2,1,NULL),(2032,39,6,121,428.000,4,1,NULL),(2033,39,7,66,486.000,4,1,NULL),(2034,39,8,96,170.000,2,1,NULL),(2035,39,9,5,510.000,8,1,NULL),(2036,39,10,56,438.000,8,1,NULL),(2037,39,11,52,453.000,5,1,NULL),(2038,39,12,17,443.000,2,1,NULL),(2039,39,13,75,338.000,0,1,NULL),(2040,39,14,62,309.000,7,1,NULL),(2041,39,15,49,359.000,7,1,NULL),(2042,39,16,46,558.000,0,1,NULL),(2043,39,17,26,438.000,4,1,NULL),(2044,39,18,7,138.000,7,1,NULL),(2045,39,19,88,523.000,4,1,NULL),(2046,39,20,86,312.000,0,1,NULL),(2047,39,21,149,133.000,3,1,NULL),(2048,39,22,74,175.000,8,1,NULL),(2049,39,23,138,301.000,0,1,NULL),(2050,39,24,147,393.000,3,1,NULL),(2051,39,25,71,302.000,1,1,NULL),(2052,39,26,33,526.000,2,1,NULL),(2053,39,27,82,426.000,7,1,NULL),(2054,39,28,59,302.000,7,1,NULL),(2055,39,29,16,594.000,1,1,NULL),(2056,39,30,4,146.000,0,1,NULL),(2057,40,1,85,547.000,1,1,NULL),(2058,40,2,120,135.000,4,1,NULL),(2059,40,3,110,456.000,4,1,NULL),(2060,40,4,101,591.000,0,1,NULL),(2061,40,5,48,590.000,0,1,NULL),(2062,40,6,121,535.000,2,1,NULL),(2063,40,7,66,295.000,6,1,NULL),(2064,40,8,96,449.000,1,1,NULL),(2065,40,9,5,325.000,6,1,NULL),(2066,40,10,56,557.000,3,1,NULL),(2067,40,11,52,406.000,4,1,NULL),(2068,40,12,17,273.000,1,1,NULL),(2069,40,13,75,136.000,6,1,NULL),(2070,40,14,62,323.000,0,1,NULL),(2071,40,15,49,218.000,6,1,NULL),(2072,40,16,46,237.000,6,1,NULL),(2073,40,17,26,261.000,2,1,NULL),(2074,40,18,7,452.000,2,1,NULL),(2075,40,19,88,479.000,4,1,NULL),(2076,40,20,86,333.000,1,1,NULL),(2077,40,21,149,413.000,0,1,NULL),(2078,40,22,74,298.000,6,1,NULL),(2079,40,23,138,383.000,1,1,NULL),(2080,40,24,147,382.000,6,1,NULL),(2081,40,25,71,378.000,0,1,NULL),(2082,40,26,33,153.000,6,1,NULL),(2083,40,27,82,541.000,4,1,NULL),(2084,40,28,59,386.000,0,1,NULL),(2085,40,29,16,562.000,2,1,NULL),(2086,40,30,4,574.000,5,1,NULL),(2087,103,1,27,249.000,8,1,NULL),(2088,103,2,91,435.000,8,1,NULL),(2089,103,3,64,543.000,8,1,NULL),(2090,103,4,95,185.000,7,1,NULL),(2091,103,5,145,531.000,0,1,NULL),(2092,103,6,60,394.000,7,1,NULL),(2093,103,7,47,452.000,1,1,NULL),(2094,103,8,142,521.000,8,1,NULL),(2095,103,9,110,182.000,2,1,NULL),(2096,103,10,76,237.000,3,1,NULL),(2097,103,11,108,405.000,4,1,NULL),(2098,103,12,98,501.000,7,1,NULL),(2099,103,13,131,335.000,1,1,NULL),(2100,103,14,128,219.000,1,1,NULL),(2101,103,15,136,263.000,4,1,NULL),(2102,103,16,105,166.000,1,1,NULL),(2103,103,17,38,254.000,8,1,NULL),(2104,103,18,116,394.000,0,1,NULL),(2105,103,19,132,399.000,3,1,NULL),(2106,103,20,70,443.000,7,1,NULL),(2107,103,21,28,509.000,6,1,NULL),(2108,103,22,34,126.000,3,1,NULL),(2109,103,23,74,358.000,3,1,NULL),(2110,103,24,101,381.000,3,1,NULL),(2111,103,25,18,260.000,0,1,NULL),(2112,103,26,93,553.000,6,1,NULL),(2113,103,27,65,254.000,4,1,NULL),(2114,103,28,22,429.000,3,1,NULL),(2115,103,29,102,365.000,7,1,NULL),(2116,104,1,27,122.000,5,1,NULL),(2117,104,2,91,213.000,8,1,NULL),(2118,104,3,64,401.000,1,1,NULL),(2119,104,4,95,539.000,6,1,NULL),(2120,104,5,145,364.000,0,1,NULL),(2121,104,6,60,205.000,0,1,NULL),(2122,104,7,47,136.000,7,1,NULL),(2123,104,8,142,165.000,7,1,NULL),(2124,104,9,110,597.000,8,1,NULL),(2125,104,10,76,135.000,8,1,NULL),(2126,104,11,108,129.000,5,1,NULL),(2127,104,12,98,470.000,7,1,NULL),(2128,104,13,131,559.000,5,1,NULL),(2129,104,14,128,145.000,4,1,NULL),(2130,104,15,136,192.000,0,1,NULL),(2131,104,16,105,436.000,7,1,NULL),(2132,104,17,38,430.000,7,1,NULL),(2133,104,18,116,165.000,0,1,NULL),(2134,104,19,132,322.000,7,1,NULL),(2135,104,20,70,462.000,1,1,NULL),(2136,104,21,28,341.000,6,1,NULL),(2137,104,22,34,557.000,4,1,NULL),(2138,104,23,74,455.000,3,1,NULL),(2139,104,24,101,244.000,5,1,NULL),(2140,104,25,18,599.000,3,1,NULL),(2141,104,26,93,530.000,0,1,NULL),(2142,104,27,65,261.000,2,1,NULL),(2143,104,28,22,560.000,2,1,NULL),(2144,104,29,102,154.000,8,1,NULL),(2145,105,1,100,245.000,4,1,NULL),(2146,105,2,121,469.000,4,1,NULL),(2147,105,3,126,467.000,3,1,NULL),(2148,105,4,71,389.000,2,1,NULL),(2149,105,5,23,214.000,0,1,NULL),(2150,105,6,144,546.000,3,1,NULL),(2151,105,7,67,285.000,3,1,NULL),(2152,105,8,44,503.000,5,1,NULL),(2153,105,9,31,417.000,6,1,NULL),(2154,105,10,147,170.000,6,1,NULL),(2155,105,11,37,143.000,2,1,NULL),(2156,105,12,48,126.000,6,1,NULL),(2157,105,13,33,296.000,6,1,NULL),(2158,105,14,69,516.000,3,1,NULL),(2159,105,15,30,158.000,0,1,NULL),(2160,105,16,150,158.000,6,1,NULL),(2161,105,17,73,204.000,5,1,NULL),(2162,105,18,63,140.000,0,1,NULL),(2163,105,19,143,120.000,3,1,NULL),(2164,105,20,137,441.000,6,1,NULL),(2165,105,21,58,408.000,6,1,NULL),(2166,105,22,85,143.000,5,1,NULL),(2167,105,23,42,384.000,6,1,NULL),(2168,105,24,125,542.000,4,1,NULL),(2169,105,25,133,305.000,0,1,NULL),(2170,105,26,138,387.000,1,1,NULL),(2171,105,27,57,421.000,4,1,NULL),(2172,105,28,15,410.000,2,1,NULL),(2173,106,1,100,577.000,1,1,NULL),(2174,106,2,121,245.000,6,1,NULL),(2175,106,3,126,214.000,5,1,NULL),(2176,106,4,71,543.000,4,1,NULL),(2177,106,5,23,289.000,6,1,NULL),(2178,106,6,144,517.000,0,1,NULL),(2179,106,7,67,311.000,5,1,NULL),(2180,106,8,44,226.000,1,1,NULL),(2181,106,9,31,249.000,2,1,NULL),(2182,106,10,147,144.000,3,1,NULL),(2183,106,11,37,303.000,3,1,NULL),(2184,106,12,48,347.000,0,1,NULL),(2185,106,13,33,179.000,4,1,NULL),(2186,106,14,69,516.000,3,1,NULL),(2187,106,15,30,142.000,2,1,NULL),(2188,106,16,150,556.000,0,1,NULL),(2189,106,17,73,528.000,4,1,NULL),(2190,106,18,63,139.000,2,1,NULL),(2191,106,19,143,149.000,1,1,NULL),(2192,106,20,137,557.000,6,1,NULL),(2193,106,21,58,365.000,5,1,NULL),(2194,106,22,85,437.000,3,1,NULL),(2195,106,23,42,192.000,1,1,NULL),(2196,106,24,125,156.000,1,1,NULL),(2197,106,25,133,550.000,2,1,NULL),(2198,106,26,138,546.000,5,1,NULL),(2199,106,27,57,167.000,1,1,NULL),(2200,106,28,15,174.000,6,1,NULL),(2201,107,1,84,214.000,5,1,NULL),(2202,107,2,123,575.000,6,1,NULL),(2203,107,3,75,471.000,7,1,NULL),(2204,107,4,53,132.000,2,1,NULL),(2205,107,5,45,491.000,5,1,NULL),(2206,107,6,2,129.000,7,1,NULL),(2207,107,7,111,380.000,1,1,NULL),(2208,107,8,146,451.000,1,1,NULL),(2209,107,9,86,361.000,5,1,NULL),(2210,107,10,1,527.000,1,1,NULL),(2211,107,11,7,521.000,5,1,NULL),(2212,107,12,39,598.000,6,1,NULL),(2213,107,13,21,369.000,5,1,NULL),(2214,107,14,99,533.000,3,1,NULL),(2215,107,15,13,205.000,3,1,NULL),(2216,107,16,17,330.000,0,1,NULL),(2217,107,17,20,295.000,5,1,NULL),(2218,107,18,107,445.000,4,1,NULL),(2219,107,19,106,181.000,4,1,NULL),(2220,107,20,135,541.000,1,1,NULL),(2221,107,21,54,223.000,5,1,NULL),(2222,107,22,40,256.000,6,1,NULL),(2223,107,23,9,130.000,1,1,NULL),(2224,107,24,92,451.000,4,1,NULL),(2225,107,25,90,409.000,4,1,NULL),(2226,107,26,141,131.000,1,1,NULL),(2227,107,27,35,273.000,7,1,NULL),(2228,107,28,109,410.000,3,1,NULL),(2229,108,1,84,237.000,8,1,NULL),(2230,108,2,123,269.000,1,1,NULL),(2231,108,3,75,338.000,1,1,NULL),(2232,108,4,53,577.000,8,1,NULL),(2233,108,5,45,221.000,1,1,NULL),(2234,108,6,2,361.000,7,1,NULL),(2235,108,7,111,360.000,6,1,NULL),(2236,108,8,146,545.000,8,1,NULL),(2237,108,9,86,530.000,5,1,NULL),(2238,108,10,1,526.000,6,1,NULL),(2239,108,11,7,511.000,4,1,NULL),(2240,108,12,39,402.000,5,1,NULL),(2241,108,13,21,324.000,5,1,NULL),(2242,108,14,99,494.000,6,1,NULL),(2243,108,15,13,283.000,0,1,NULL),(2244,108,16,17,463.000,8,1,NULL),(2245,108,17,20,155.000,5,1,NULL),(2246,108,18,107,349.000,7,1,NULL),(2247,108,19,106,152.000,3,1,NULL),(2248,108,20,135,499.000,1,1,NULL),(2249,108,21,54,376.000,1,1,NULL),(2250,108,22,40,285.000,1,1,NULL),(2251,108,23,9,550.000,4,1,NULL),(2252,108,24,92,376.000,7,1,NULL),(2253,108,25,90,294.000,5,1,NULL),(2254,108,26,141,406.000,2,1,NULL),(2255,108,27,35,253.000,3,1,NULL),(2256,108,28,109,258.000,4,1,NULL),(2257,79,1,87,579.000,4,1,NULL),(2258,79,2,89,481.000,0,1,NULL),(2259,79,3,138,534.000,3,1,NULL),(2260,79,4,119,407.000,5,1,NULL),(2261,79,5,21,244.000,2,1,NULL),(2262,79,6,71,367.000,3,1,NULL),(2263,79,7,85,469.000,2,1,NULL),(2264,79,8,86,393.000,2,1,NULL),(2265,79,9,51,127.000,1,1,NULL),(2266,79,10,68,136.000,3,1,NULL),(2267,79,11,49,538.000,2,1,NULL),(2268,79,12,66,398.000,5,1,NULL),(2269,79,13,8,193.000,5,1,NULL),(2270,79,14,133,218.000,1,1,NULL),(2271,79,15,27,592.000,6,1,NULL),(2272,79,16,137,178.000,3,1,NULL),(2273,79,17,39,181.000,5,1,NULL),(2274,79,18,123,558.000,0,1,NULL),(2275,79,19,9,519.000,2,1,NULL),(2276,79,20,76,493.000,0,1,NULL),(2277,79,21,74,556.000,2,1,NULL),(2278,79,22,1,306.000,0,1,NULL),(2279,79,23,82,443.000,5,1,NULL),(2280,79,24,136,341.000,4,1,NULL),(2281,79,25,55,464.000,3,1,NULL),(2282,79,26,131,522.000,3,1,NULL),(2283,79,27,16,508.000,4,1,NULL),(2284,79,28,50,357.000,5,1,NULL),(2285,79,29,95,475.000,0,1,NULL),(2286,79,30,18,516.000,0,1,NULL),(2287,80,1,53,412.000,1,1,NULL),(2288,80,2,22,293.000,0,1,NULL),(2289,80,3,60,239.000,4,1,NULL),(2290,80,4,25,441.000,3,1,NULL),(2291,80,5,34,139.000,0,1,NULL),(2292,80,6,127,483.000,6,1,NULL),(2293,80,7,99,401.000,5,1,NULL),(2294,80,8,141,162.000,4,1,NULL),(2295,80,9,103,554.000,6,1,NULL),(2296,80,10,100,532.000,3,1,NULL),(2297,80,11,109,571.000,5,1,NULL),(2298,80,12,65,187.000,0,1,NULL),(2299,80,13,126,324.000,6,1,NULL),(2300,80,14,17,355.000,6,1,NULL),(2301,80,15,45,499.000,4,1,NULL),(2302,80,16,14,451.000,1,1,NULL),(2303,80,17,125,481.000,3,1,NULL),(2304,80,18,143,324.000,4,1,NULL),(2305,80,19,58,575.000,4,1,NULL),(2306,80,20,24,228.000,2,1,NULL),(2307,80,21,124,212.000,6,1,NULL),(2308,80,22,102,509.000,5,1,NULL),(2309,80,23,61,211.000,4,1,NULL),(2310,80,24,128,539.000,0,1,NULL),(2311,80,25,23,311.000,2,1,NULL),(2312,80,26,115,569.000,2,1,NULL),(2313,80,27,30,180.000,0,1,NULL),(2314,80,28,69,230.000,5,1,NULL),(2315,80,29,75,210.000,1,1,NULL),(2316,80,30,4,168.000,0,1,NULL),(2317,81,1,94,394.000,0,1,NULL),(2318,81,2,13,512.000,0,1,NULL),(2319,81,3,150,208.000,2,1,NULL),(2320,81,4,148,447.000,2,1,NULL),(2321,81,5,48,133.000,0,1,NULL),(2322,81,6,111,237.000,3,1,NULL),(2323,81,7,15,501.000,0,1,NULL),(2324,81,8,144,211.000,2,1,NULL),(2325,81,9,54,594.000,4,1,NULL),(2326,81,10,140,325.000,1,1,NULL),(2327,81,11,35,440.000,6,1,NULL),(2328,81,12,114,347.000,1,1,NULL),(2329,81,13,97,551.000,3,1,NULL),(2330,81,14,142,393.000,2,1,NULL),(2331,81,15,43,533.000,3,1,NULL),(2332,81,16,110,419.000,6,1,NULL),(2333,81,17,28,233.000,2,1,NULL),(2334,81,18,11,350.000,5,1,NULL),(2335,81,19,145,299.000,4,1,NULL),(2336,81,20,101,429.000,0,1,NULL),(2337,81,21,108,523.000,0,1,NULL),(2338,81,22,104,500.000,4,1,NULL),(2339,81,23,84,258.000,6,1,NULL),(2340,81,24,132,572.000,1,1,NULL),(2341,81,25,57,327.000,6,1,NULL),(2342,81,26,146,434.000,5,1,NULL),(2343,81,27,19,420.000,4,1,NULL),(2344,81,28,130,226.000,4,1,NULL),(2345,81,29,72,196.000,5,1,NULL),(2346,81,30,116,123.000,5,1,NULL),(2347,82,1,2,589.000,1,1,NULL),(2348,82,2,3,138.000,3,1,NULL),(2349,82,3,5,439.000,4,1,NULL),(2350,82,4,31,446.000,4,1,NULL),(2351,82,5,52,399.000,2,1,NULL),(2352,82,6,79,153.000,5,1,NULL),(2353,82,7,10,435.000,4,1,NULL),(2354,82,8,77,523.000,2,1,NULL),(2355,82,9,70,501.000,3,1,NULL),(2356,82,10,135,344.000,1,1,NULL),(2357,82,11,67,230.000,1,1,NULL),(2358,82,12,59,183.000,4,1,NULL),(2359,82,13,41,577.000,0,1,NULL),(2360,82,14,129,295.000,6,1,NULL),(2361,82,15,122,231.000,1,1,NULL),(2362,82,16,62,143.000,2,1,NULL),(2363,82,17,38,424.000,4,1,NULL),(2364,82,18,80,221.000,6,1,NULL),(2365,82,19,139,494.000,0,1,NULL),(2366,82,20,73,444.000,5,1,NULL),(2367,82,21,36,581.000,3,1,NULL),(2368,82,22,63,589.000,5,1,NULL),(2369,82,23,105,190.000,4,1,NULL),(2370,82,24,93,441.000,6,1,NULL),(2371,82,25,29,425.000,0,1,NULL),(2372,82,26,26,583.000,6,1,NULL),(2373,82,27,20,554.000,1,1,NULL),(2374,82,28,113,552.000,1,1,NULL),(2375,82,29,46,539.000,3,1,NULL),(2376,82,30,134,572.000,6,1,NULL),(2377,109,1,147,507.000,6,1,NULL),(2378,109,2,141,317.000,2,1,NULL),(2379,109,3,34,565.000,0,1,NULL),(2380,109,4,52,580.000,5,1,NULL),(2381,109,5,58,506.000,4,1,NULL),(2382,109,6,57,217.000,0,1,NULL),(2383,109,7,82,444.000,1,1,NULL),(2384,109,8,45,296.000,6,1,NULL),(2385,109,9,62,181.000,2,1,NULL),(2386,109,10,89,493.000,0,1,NULL),(2387,109,11,16,474.000,1,1,NULL),(2388,109,12,35,530.000,5,1,NULL),(2389,109,13,92,383.000,2,1,NULL),(2390,109,14,96,135.000,0,1,NULL),(2391,109,15,113,465.000,1,1,NULL),(2392,109,16,86,199.000,2,1,NULL),(2393,109,17,72,557.000,3,1,NULL),(2394,109,18,39,529.000,0,1,NULL),(2395,109,19,70,211.000,2,1,NULL),(2396,109,20,90,466.000,0,1,NULL),(2397,109,21,79,424.000,0,1,NULL),(2398,109,22,71,256.000,0,1,NULL),(2399,109,23,29,221.000,5,1,NULL),(2400,109,24,13,498.000,1,1,NULL),(2401,109,25,125,187.000,5,1,NULL),(2402,109,26,22,162.000,0,1,NULL),(2403,109,27,75,434.000,3,1,NULL),(2404,109,28,28,572.000,6,1,NULL),(2405,109,29,95,272.000,4,1,NULL),(2406,109,30,134,194.000,1,1,NULL),(2407,110,1,5,549.000,3,1,NULL),(2408,110,2,46,193.000,6,1,NULL),(2409,110,3,18,415.000,0,1,NULL),(2410,110,4,63,306.000,6,1,NULL),(2411,110,5,127,375.000,7,1,NULL),(2412,110,6,7,195.000,3,1,NULL),(2413,110,7,60,296.000,0,1,NULL),(2414,110,8,100,409.000,2,1,NULL),(2415,110,9,116,469.000,4,1,NULL),(2416,110,10,27,577.000,0,1,NULL),(2417,110,11,50,217.000,4,1,NULL),(2418,110,12,121,178.000,4,1,NULL),(2419,110,13,78,463.000,5,1,NULL),(2420,110,14,56,381.000,1,1,NULL),(2421,110,15,108,543.000,5,1,NULL),(2422,110,16,146,186.000,7,1,NULL),(2423,110,17,122,464.000,6,1,NULL),(2424,110,18,133,532.000,7,1,NULL),(2425,110,19,85,285.000,2,1,NULL),(2426,110,20,4,404.000,6,1,NULL),(2427,110,21,38,394.000,7,1,NULL),(2428,110,22,24,217.000,6,1,NULL),(2429,110,23,49,341.000,5,1,NULL),(2430,110,24,61,353.000,6,1,NULL),(2431,110,25,43,313.000,6,1,NULL),(2432,110,26,117,295.000,7,1,NULL),(2433,110,27,112,260.000,7,1,NULL),(2434,110,28,42,215.000,7,1,NULL),(2435,110,29,137,253.000,1,1,NULL),(2436,110,30,148,495.000,5,1,NULL),(2437,111,1,3,132.000,6,1,NULL),(2438,111,2,80,519.000,4,1,NULL),(2439,111,3,11,297.000,0,1,NULL),(2440,111,4,132,277.000,4,1,NULL),(2441,111,5,26,325.000,0,1,NULL),(2442,111,6,41,155.000,0,1,NULL),(2443,111,7,135,415.000,0,1,NULL),(2444,111,8,32,331.000,3,1,NULL),(2445,111,9,118,303.000,5,1,NULL),(2446,111,10,33,138.000,3,1,NULL),(2447,111,11,6,358.000,2,1,NULL),(2448,111,12,37,542.000,4,1,NULL),(2449,111,13,94,480.000,1,1,NULL),(2450,111,14,1,178.000,5,1,NULL),(2451,111,15,105,298.000,6,1,NULL),(2452,111,16,31,300.000,0,1,NULL),(2453,111,17,114,170.000,5,1,NULL),(2454,111,18,109,132.000,4,1,NULL),(2455,111,19,25,147.000,5,1,NULL),(2456,111,20,47,145.000,3,1,NULL),(2457,111,21,136,575.000,2,1,NULL),(2458,111,22,15,589.000,5,1,NULL),(2459,111,23,81,444.000,5,1,NULL),(2460,111,24,102,152.000,2,1,NULL),(2461,111,25,69,180.000,3,1,NULL),(2462,111,26,48,131.000,5,1,NULL),(2463,111,27,144,359.000,2,1,NULL),(2464,111,28,73,131.000,4,1,NULL),(2465,111,29,77,169.000,6,1,NULL),(2466,111,30,123,199.000,6,1,NULL),(2467,112,1,23,277.000,1,1,NULL),(2468,112,2,65,494.000,7,1,NULL),(2469,112,3,44,239.000,1,1,NULL),(2470,112,4,19,169.000,2,1,NULL),(2471,112,5,129,558.000,0,1,NULL),(2472,112,6,149,412.000,2,1,NULL),(2473,112,7,91,312.000,1,1,NULL),(2474,112,8,55,258.000,0,1,NULL),(2475,112,9,138,507.000,3,1,NULL),(2476,112,10,36,252.000,1,1,NULL),(2477,112,11,110,324.000,0,1,NULL),(2478,112,12,88,535.000,4,1,NULL),(2479,112,13,21,204.000,6,1,NULL),(2480,112,14,107,336.000,7,1,NULL),(2481,112,15,54,282.000,6,1,NULL),(2482,112,16,93,190.000,6,1,NULL),(2483,112,17,101,234.000,1,1,NULL),(2484,112,18,76,513.000,2,1,NULL),(2485,112,19,131,220.000,2,1,NULL),(2486,112,20,120,132.000,4,1,NULL),(2487,112,21,30,410.000,2,1,NULL),(2488,112,22,98,325.000,4,1,NULL),(2489,112,23,17,201.000,5,1,NULL),(2490,112,24,130,461.000,7,1,NULL),(2491,112,25,128,484.000,2,1,NULL),(2492,112,26,74,363.000,6,1,NULL),(2493,112,27,14,514.000,1,1,NULL),(2494,112,28,111,412.000,2,1,NULL),(2495,112,29,51,599.000,7,1,NULL),(2496,112,30,115,426.000,1,1,NULL),(2497,83,1,110,133.000,2,1,NULL),(2498,83,2,42,440.000,7,1,NULL),(2499,83,3,47,539.000,3,1,NULL),(2500,83,4,10,510.000,2,1,NULL),(2501,83,5,72,298.000,1,1,NULL),(2502,83,6,100,534.000,5,1,NULL),(2503,83,7,123,471.000,6,1,NULL),(2504,83,8,1,539.000,6,1,NULL),(2505,83,9,76,341.000,0,1,NULL),(2506,83,10,136,533.000,2,1,NULL),(2507,83,11,7,576.000,0,1,NULL),(2508,83,12,77,381.000,4,1,NULL),(2509,83,13,27,138.000,7,1,NULL),(2510,83,14,140,460.000,3,1,NULL),(2511,83,15,39,439.000,4,1,NULL),(2512,83,16,112,331.000,7,1,NULL),(2513,83,17,142,286.000,5,1,NULL),(2514,83,18,145,416.000,3,1,NULL),(2515,83,19,125,393.000,2,1,NULL),(2516,83,20,131,498.000,8,1,NULL),(2517,83,21,64,165.000,6,1,NULL),(2518,83,22,148,173.000,7,1,NULL),(2519,83,23,34,216.000,4,1,NULL),(2520,83,24,18,269.000,0,1,NULL),(2521,83,25,143,256.000,8,1,NULL),(2522,83,26,108,389.000,5,1,NULL),(2523,83,27,63,542.000,3,1,NULL),(2524,83,28,45,208.000,2,1,NULL),(2525,83,29,99,534.000,1,1,NULL),(2526,83,30,25,201.000,8,1,NULL),(2527,84,1,90,217.000,5,1,NULL),(2528,84,2,14,320.000,2,1,NULL),(2529,84,3,97,529.000,3,1,NULL),(2530,84,4,80,200.000,4,1,NULL),(2531,84,5,149,436.000,7,1,NULL),(2532,84,6,44,301.000,7,1,NULL),(2533,84,7,127,314.000,5,1,NULL),(2534,84,8,67,507.000,3,1,NULL),(2535,84,9,115,418.000,6,1,NULL),(2536,84,10,73,370.000,4,1,NULL),(2537,84,11,150,488.000,5,1,NULL),(2538,84,12,40,597.000,1,1,NULL),(2539,84,13,22,573.000,0,1,NULL),(2540,84,14,101,410.000,4,1,NULL),(2541,84,15,35,364.000,3,1,NULL),(2542,84,16,93,563.000,7,1,NULL),(2543,84,17,138,433.000,0,1,NULL),(2544,84,18,113,171.000,0,1,NULL),(2545,84,19,12,276.000,0,1,NULL),(2546,84,20,95,352.000,3,1,NULL),(2547,84,21,124,217.000,2,1,NULL),(2548,84,22,96,594.000,3,1,NULL),(2549,84,23,23,227.000,5,1,NULL),(2550,84,24,58,367.000,1,1,NULL),(2551,84,25,68,279.000,7,1,NULL),(2552,84,26,53,266.000,0,1,NULL),(2553,84,27,105,400.000,6,1,NULL),(2554,84,28,11,562.000,0,1,NULL),(2555,84,29,106,259.000,2,1,NULL),(2556,84,30,81,578.000,5,1,NULL),(2557,85,1,104,353.000,2,1,NULL),(2558,85,2,130,532.000,6,1,NULL),(2559,85,3,147,577.000,8,1,NULL),(2560,85,4,94,154.000,4,1,NULL),(2561,85,5,36,455.000,2,1,NULL),(2562,85,6,88,131.000,5,1,NULL),(2563,85,7,2,228.000,6,1,NULL),(2564,85,8,126,413.000,8,1,NULL),(2565,85,9,62,125.000,6,1,NULL),(2566,85,10,48,406.000,7,1,NULL),(2567,85,11,78,145.000,0,1,NULL),(2568,85,12,5,598.000,3,1,NULL),(2569,85,13,70,580.000,0,1,NULL),(2570,85,14,141,373.000,4,1,NULL),(2571,85,15,24,425.000,6,1,NULL),(2572,85,16,41,448.000,8,1,NULL),(2573,85,17,26,262.000,7,1,NULL),(2574,85,18,75,542.000,5,1,NULL),(2575,85,19,56,476.000,2,1,NULL),(2576,85,20,33,348.000,8,1,NULL),(2577,85,21,43,134.000,0,1,NULL),(2578,85,22,28,351.000,3,1,NULL),(2579,85,23,87,179.000,2,1,NULL),(2580,85,24,66,204.000,7,1,NULL),(2581,85,25,46,150.000,3,1,NULL),(2582,85,26,85,351.000,1,1,NULL),(2583,85,27,15,433.000,8,1,NULL),(2584,85,28,21,569.000,8,1,NULL),(2585,85,29,111,502.000,1,1,NULL),(2586,85,30,82,263.000,3,1,NULL),(2587,86,1,54,592.000,0,1,NULL),(2588,86,2,17,463.000,7,1,NULL),(2589,86,3,38,416.000,4,1,NULL),(2590,86,4,57,375.000,1,1,NULL),(2591,86,5,118,444.000,2,1,NULL),(2592,86,6,71,332.000,5,1,NULL),(2593,86,7,8,352.000,4,1,NULL),(2594,86,8,121,299.000,7,1,NULL),(2595,86,9,32,363.000,0,1,NULL),(2596,86,10,79,267.000,2,1,NULL),(2597,86,11,109,236.000,4,1,NULL),(2598,86,12,116,565.000,1,1,NULL),(2599,86,13,20,490.000,4,1,NULL),(2600,86,14,59,546.000,5,1,NULL),(2601,86,15,134,192.000,0,1,NULL),(2602,86,16,119,477.000,3,1,NULL),(2603,86,17,61,168.000,4,1,NULL),(2604,86,18,107,537.000,6,1,NULL),(2605,86,19,120,179.000,7,1,NULL),(2606,86,20,6,268.000,0,1,NULL),(2607,86,21,4,329.000,3,1,NULL),(2608,86,22,84,360.000,2,1,NULL),(2609,86,23,139,261.000,7,1,NULL),(2610,86,24,9,593.000,1,1,NULL),(2611,86,25,137,229.000,1,1,NULL),(2612,86,26,117,432.000,1,1,NULL),(2613,86,27,114,123.000,3,1,NULL),(2614,86,28,103,532.000,6,1,NULL),(2615,86,29,37,212.000,0,1,NULL),(2616,86,30,144,354.000,2,1,NULL),(2617,113,1,89,488.000,1,1,NULL),(2618,113,2,58,466.000,2,1,NULL),(2619,113,3,41,215.000,7,1,NULL),(2620,113,4,40,509.000,6,1,NULL),(2621,113,5,9,389.000,4,1,NULL),(2622,113,6,144,143.000,0,1,NULL),(2623,113,7,142,583.000,3,1,NULL),(2624,113,8,46,162.000,1,1,NULL),(2625,113,9,72,568.000,2,1,NULL),(2626,113,10,127,130.000,6,1,NULL),(2627,113,11,104,497.000,1,1,NULL),(2628,113,12,101,582.000,3,1,NULL),(2629,113,13,69,547.000,5,1,NULL),(2630,113,14,55,139.000,7,1,NULL),(2631,113,15,32,600.000,6,1,NULL),(2632,113,16,7,176.000,2,1,NULL),(2633,113,17,27,198.000,7,1,NULL),(2634,113,18,90,382.000,4,1,NULL),(2635,113,19,132,358.000,6,1,NULL),(2636,113,20,92,152.000,2,1,NULL),(2637,113,21,138,459.000,0,1,NULL),(2638,113,22,122,542.000,5,1,NULL),(2639,113,23,149,475.000,4,1,NULL),(2640,113,24,86,449.000,0,1,NULL),(2641,113,25,121,205.000,0,1,NULL),(2642,113,26,97,422.000,2,1,NULL),(2643,113,27,141,331.000,1,1,NULL),(2644,113,28,116,425.000,2,1,NULL),(2645,113,29,74,567.000,6,1,NULL),(2646,113,30,107,286.000,6,1,NULL),(2647,114,1,95,567.000,3,1,NULL),(2648,114,2,70,559.000,6,1,NULL),(2649,114,3,45,476.000,5,1,NULL),(2650,114,4,44,445.000,2,1,NULL),(2651,114,5,124,305.000,6,1,NULL),(2652,114,6,2,310.000,3,1,NULL),(2653,114,7,19,253.000,5,1,NULL),(2654,114,8,137,550.000,2,1,NULL),(2655,114,9,28,282.000,2,1,NULL),(2656,114,10,4,145.000,4,1,NULL),(2657,114,11,30,558.000,1,1,NULL),(2658,114,12,106,459.000,1,1,NULL),(2659,114,13,20,143.000,6,1,NULL),(2660,114,14,61,304.000,3,1,NULL),(2661,114,15,91,339.000,5,1,NULL),(2662,114,16,68,246.000,3,1,NULL),(2663,114,17,119,303.000,3,1,NULL),(2664,114,18,150,132.000,0,1,NULL),(2665,114,19,48,163.000,2,1,NULL),(2666,114,20,130,330.000,0,1,NULL),(2667,114,21,65,571.000,2,1,NULL),(2668,114,22,80,275.000,5,1,NULL),(2669,114,23,66,226.000,6,1,NULL),(2670,114,24,22,569.000,4,1,NULL),(2671,114,25,31,333.000,4,1,NULL),(2672,114,26,126,250.000,0,1,NULL),(2673,114,27,64,331.000,0,1,NULL),(2674,114,28,47,532.000,0,1,NULL),(2675,114,29,24,164.000,1,1,NULL),(2676,114,30,143,411.000,4,1,NULL),(2677,115,1,84,157.000,0,1,NULL),(2678,115,2,113,355.000,4,1,NULL),(2679,115,3,109,552.000,5,1,NULL),(2680,115,4,145,374.000,5,1,NULL),(2681,115,5,26,586.000,5,1,NULL),(2682,115,6,136,354.000,5,1,NULL),(2683,115,7,15,144.000,2,1,NULL),(2684,115,8,63,231.000,6,1,NULL),(2685,115,9,139,210.000,3,1,NULL),(2686,115,10,23,315.000,2,1,NULL),(2687,115,11,35,543.000,1,1,NULL),(2688,115,12,10,467.000,2,1,NULL),(2689,115,13,131,147.000,4,1,NULL),(2690,115,14,11,351.000,6,1,NULL),(2691,115,15,17,434.000,6,1,NULL),(2692,115,16,13,277.000,4,1,NULL),(2693,115,17,49,582.000,6,1,NULL),(2694,115,18,129,181.000,3,1,NULL),(2695,115,19,147,297.000,7,1,NULL),(2696,115,20,81,240.000,4,1,NULL),(2697,115,21,42,417.000,4,1,NULL),(2698,115,22,14,208.000,4,1,NULL),(2699,115,23,29,358.000,1,1,NULL),(2700,115,24,111,362.000,7,1,NULL),(2701,115,25,110,383.000,4,1,NULL),(2702,115,26,125,568.000,1,1,NULL),(2703,115,27,96,535.000,1,1,NULL),(2704,115,28,140,373.000,4,1,NULL),(2705,115,29,54,215.000,0,1,NULL),(2706,115,30,12,578.000,5,1,NULL),(2707,116,1,62,451.000,0,1,NULL),(2708,116,2,108,184.000,3,1,NULL),(2709,116,3,5,303.000,6,1,NULL),(2710,116,4,36,167.000,0,1,NULL),(2711,116,5,33,396.000,0,1,NULL),(2712,116,6,87,270.000,3,1,NULL),(2713,116,7,39,386.000,0,1,NULL),(2714,116,8,133,408.000,0,1,NULL),(2715,116,9,71,284.000,0,1,NULL),(2716,116,10,21,342.000,0,1,NULL),(2717,116,11,34,244.000,3,1,NULL),(2718,116,12,18,328.000,2,1,NULL),(2719,116,13,79,445.000,0,1,NULL),(2720,116,14,134,260.000,5,1,NULL),(2721,116,15,100,401.000,4,1,NULL),(2722,116,16,6,120.000,4,1,NULL),(2723,116,17,123,485.000,3,1,NULL),(2724,116,18,146,289.000,0,1,NULL),(2725,116,19,51,573.000,1,1,NULL),(2726,116,20,67,466.000,1,1,NULL),(2727,116,21,38,529.000,4,1,NULL),(2728,116,22,76,333.000,1,1,NULL),(2729,116,23,115,127.000,2,1,NULL),(2730,116,24,88,403.000,4,1,NULL),(2731,116,25,77,490.000,6,1,NULL),(2732,116,26,73,529.000,1,1,NULL),(2733,116,27,43,529.000,3,1,NULL),(2734,116,28,94,354.000,5,1,NULL),(2735,116,29,99,527.000,3,1,NULL),(2736,116,30,117,512.000,5,1,NULL),(2737,71,1,47,263.000,0,1,NULL),(2738,71,2,34,182.000,0,1,NULL),(2739,71,3,26,388.000,8,1,NULL),(2740,71,4,91,456.000,7,1,NULL),(2741,71,5,148,463.000,4,1,NULL),(2742,71,6,97,421.000,7,1,NULL),(2743,71,7,80,459.000,1,1,NULL),(2744,71,8,27,469.000,2,1,NULL),(2745,71,9,60,125.000,1,1,NULL),(2746,71,10,127,236.000,0,1,NULL),(2747,71,11,133,210.000,4,1,NULL),(2748,71,12,24,490.000,3,1,NULL),(2749,71,13,20,498.000,8,1,NULL),(2750,71,14,145,166.000,8,1,NULL),(2751,71,15,8,575.000,3,1,NULL),(2752,71,16,70,363.000,1,1,NULL),(2753,71,17,29,591.000,1,1,NULL),(2754,71,18,50,123.000,2,1,NULL),(2755,71,19,52,460.000,4,1,NULL),(2756,71,20,106,143.000,2,1,NULL),(2757,71,21,122,303.000,3,1,NULL),(2758,71,22,141,486.000,7,1,NULL),(2759,71,23,98,147.000,6,1,NULL),(2760,71,24,19,328.000,4,1,NULL),(2761,72,1,47,363.000,3,1,NULL),(2762,72,2,34,424.000,2,1,NULL),(2763,72,3,26,505.000,5,1,NULL),(2764,72,4,91,535.000,1,1,NULL),(2765,72,5,148,447.000,4,1,NULL),(2766,72,6,97,465.000,1,1,NULL),(2767,72,7,80,507.000,3,1,NULL),(2768,72,8,27,382.000,1,1,NULL),(2769,72,9,60,333.000,1,1,NULL),(2770,72,10,127,201.000,2,1,NULL),(2771,72,11,133,426.000,4,1,NULL),(2772,72,12,24,277.000,2,1,NULL),(2773,72,13,20,264.000,3,1,NULL),(2774,72,14,145,519.000,5,1,NULL),(2775,72,15,8,595.000,6,1,NULL),(2776,72,16,70,554.000,5,1,NULL),(2777,72,17,29,306.000,3,1,NULL),(2778,72,18,50,420.000,5,1,NULL),(2779,72,19,52,123.000,4,1,NULL),(2780,72,20,106,342.000,2,1,NULL),(2781,72,21,122,532.000,2,1,NULL),(2782,72,22,141,506.000,4,1,NULL),(2783,72,23,98,353.000,3,1,NULL),(2784,72,24,19,276.000,5,1,NULL),(2785,73,1,125,242.000,7,1,NULL),(2786,73,2,62,496.000,4,1,NULL),(2787,73,3,128,403.000,5,1,NULL),(2788,73,4,136,594.000,0,1,NULL),(2789,73,5,134,383.000,7,1,NULL),(2790,73,6,56,379.000,6,1,NULL),(2791,73,7,48,281.000,5,1,NULL),(2792,73,8,15,458.000,6,1,NULL),(2793,73,9,61,575.000,7,1,NULL),(2794,73,10,46,375.000,6,1,NULL),(2795,73,11,108,222.000,5,1,NULL),(2796,73,12,89,340.000,5,1,NULL),(2797,73,13,31,524.000,6,1,NULL),(2798,73,14,5,378.000,4,1,NULL),(2799,73,15,150,460.000,0,1,NULL),(2800,73,16,115,398.000,6,1,NULL),(2801,73,17,12,478.000,4,1,NULL),(2802,73,18,22,201.000,7,1,NULL),(2803,73,19,78,288.000,7,1,NULL),(2804,73,20,85,229.000,7,1,NULL),(2805,73,21,149,352.000,7,1,NULL),(2806,73,22,6,306.000,6,1,NULL),(2807,73,23,86,482.000,1,1,NULL),(2808,73,24,109,305.000,4,1,NULL),(2809,74,1,125,403.000,5,1,NULL),(2810,74,2,62,382.000,6,1,NULL),(2811,74,3,128,542.000,5,1,NULL),(2812,74,4,136,294.000,0,1,NULL),(2813,74,5,134,309.000,1,1,NULL),(2814,74,6,56,415.000,1,1,NULL),(2815,74,7,48,560.000,2,1,NULL),(2816,74,8,15,208.000,3,1,NULL),(2817,74,9,61,537.000,4,1,NULL),(2818,74,10,46,536.000,1,1,NULL),(2819,74,11,108,553.000,0,1,NULL),(2820,74,12,89,548.000,1,1,NULL),(2821,74,13,31,213.000,3,1,NULL),(2822,74,14,5,138.000,0,1,NULL),(2823,74,15,150,179.000,5,1,NULL),(2824,74,16,115,458.000,6,1,NULL),(2825,74,17,12,338.000,0,1,NULL),(2826,74,18,22,261.000,1,1,NULL),(2827,74,19,78,598.000,6,1,NULL),(2828,74,20,85,315.000,1,1,NULL),(2829,74,21,149,204.000,5,1,NULL),(2830,74,22,6,243.000,2,1,NULL),(2831,74,23,86,454.000,0,1,NULL),(2832,74,24,109,176.000,5,1,NULL),(2833,75,1,93,339.000,3,1,NULL),(2834,75,2,119,528.000,1,1,NULL),(2835,75,3,84,253.000,2,1,NULL),(2836,75,4,71,261.000,3,1,NULL),(2837,75,5,130,208.000,5,1,NULL),(2838,75,6,58,496.000,6,1,NULL),(2839,75,7,42,309.000,3,1,NULL),(2840,75,8,73,389.000,0,1,NULL),(2841,75,9,51,262.000,2,1,NULL),(2842,75,10,67,347.000,5,1,NULL),(2843,75,11,140,448.000,5,1,NULL),(2844,75,12,1,479.000,0,1,NULL),(2845,75,13,65,413.000,1,1,NULL),(2846,75,14,55,295.000,3,1,NULL),(2847,75,15,75,194.000,2,1,NULL),(2848,75,16,18,250.000,6,1,NULL),(2849,75,17,94,342.000,5,1,NULL),(2850,75,18,144,215.000,5,1,NULL),(2851,75,19,36,155.000,3,1,NULL),(2852,75,20,95,357.000,2,1,NULL),(2853,75,21,68,486.000,7,1,NULL),(2854,75,22,124,420.000,1,1,NULL),(2855,75,23,105,157.000,1,1,NULL),(2856,75,24,76,574.000,4,1,NULL),(2857,76,1,93,388.000,3,1,NULL),(2858,76,2,119,151.000,4,1,NULL),(2859,76,3,84,236.000,1,1,NULL),(2860,76,4,71,443.000,2,1,NULL),(2861,76,5,130,484.000,5,1,NULL),(2862,76,6,58,585.000,0,1,NULL),(2863,76,7,42,496.000,1,1,NULL),(2864,76,8,73,571.000,6,1,NULL),(2865,76,9,51,441.000,2,1,NULL),(2866,76,10,67,427.000,4,1,NULL),(2867,76,11,140,597.000,0,1,NULL),(2868,76,12,1,122.000,1,1,NULL),(2869,76,13,65,516.000,0,1,NULL),(2870,76,14,55,228.000,6,1,NULL),(2871,76,15,75,307.000,2,1,NULL),(2872,76,16,18,134.000,2,1,NULL),(2873,76,17,94,567.000,6,1,NULL),(2874,76,18,144,525.000,0,1,NULL),(2875,76,19,36,273.000,5,1,NULL),(2876,76,20,95,500.000,3,1,NULL),(2877,76,21,68,144.000,1,1,NULL),(2878,76,22,124,310.000,1,1,NULL),(2879,76,23,105,308.000,5,1,NULL),(2880,76,24,76,281.000,3,1,NULL),(2881,77,1,142,389.000,6,1,NULL),(2882,77,2,96,254.000,4,1,NULL),(2883,77,3,38,471.000,4,1,NULL),(2884,77,4,138,317.000,1,1,NULL),(2885,77,5,116,279.000,7,1,NULL),(2886,77,6,99,251.000,6,1,NULL),(2887,77,7,49,173.000,3,1,NULL),(2888,77,8,37,158.000,6,1,NULL),(2889,77,9,114,458.000,5,1,NULL),(2890,77,10,40,340.000,2,1,NULL),(2891,77,11,69,390.000,4,1,NULL),(2892,77,12,63,570.000,7,1,NULL),(2893,77,13,54,275.000,7,1,NULL),(2894,77,14,121,549.000,0,1,NULL),(2895,77,15,4,440.000,4,1,NULL),(2896,77,16,88,227.000,2,1,NULL),(2897,77,17,2,205.000,3,1,NULL),(2898,77,18,32,432.000,7,1,NULL),(2899,77,19,35,220.000,1,1,NULL),(2900,77,20,90,306.000,0,1,NULL),(2901,77,21,120,431.000,5,1,NULL),(2902,77,22,30,460.000,6,1,NULL),(2903,77,23,126,120.000,1,1,NULL),(2904,78,1,142,370.000,7,1,NULL),(2905,78,2,96,577.000,0,1,NULL),(2906,78,3,38,168.000,7,1,NULL),(2907,78,4,138,243.000,1,1,NULL),(2908,78,5,116,599.000,7,1,NULL),(2909,78,6,99,186.000,1,1,NULL),(2910,78,7,49,386.000,0,1,NULL),(2911,78,8,37,228.000,3,1,NULL),(2912,78,9,114,126.000,1,1,NULL),(2913,78,10,40,335.000,5,1,NULL),(2914,78,11,69,131.000,4,1,NULL),(2915,78,12,63,439.000,7,1,NULL),(2916,78,13,54,531.000,0,1,NULL),(2917,78,14,121,229.000,8,1,NULL),(2918,78,15,4,557.000,4,1,NULL),(2919,78,16,88,368.000,3,1,NULL),(2920,78,17,2,201.000,1,1,NULL),(2921,78,18,32,244.000,5,1,NULL),(2922,78,19,35,179.000,8,1,NULL),(2923,78,20,90,302.000,2,1,NULL),(2924,78,21,120,416.000,2,1,NULL),(2925,78,22,30,215.000,5,1,NULL),(2926,78,23,126,336.000,2,1,NULL),(2927,87,1,99,221.000,5,1,NULL),(2928,87,2,103,175.000,5,1,NULL),(2929,87,3,38,197.000,5,1,NULL),(2930,87,4,125,219.000,0,1,NULL),(2931,87,5,15,172.000,2,1,NULL),(2932,87,6,123,188.000,5,1,NULL),(2933,87,7,32,270.000,0,1,NULL),(2934,87,8,3,563.000,7,1,NULL),(2935,87,9,6,168.000,1,1,NULL),(2936,87,10,119,343.000,0,1,NULL),(2937,87,11,118,182.000,7,1,NULL),(2938,87,12,80,578.000,8,1,NULL),(2939,87,13,108,550.000,4,1,NULL),(2940,87,14,144,204.000,6,1,NULL),(2941,87,15,46,526.000,4,1,NULL),(2942,87,16,31,281.000,1,1,NULL),(2943,87,17,49,465.000,7,1,NULL),(2944,87,18,64,460.000,1,1,NULL),(2945,87,19,127,449.000,8,1,NULL),(2946,87,20,67,296.000,6,1,NULL),(2947,87,21,91,274.000,4,1,NULL),(2948,87,22,120,132.000,2,1,NULL),(2949,87,23,42,571.000,7,1,NULL),(2950,87,24,90,564.000,0,1,NULL),(2951,87,25,114,515.000,4,1,NULL),(2952,87,26,87,297.000,6,1,NULL),(2953,87,27,7,449.000,3,1,NULL),(2954,88,1,99,489.000,6,1,NULL),(2955,88,2,103,265.000,6,1,NULL),(2956,88,3,38,566.000,0,1,NULL),(2957,88,4,125,277.000,8,1,NULL),(2958,88,5,15,517.000,0,1,NULL),(2959,88,6,123,419.000,5,1,NULL),(2960,88,7,32,529.000,2,1,NULL),(2961,88,8,3,284.000,5,1,NULL),(2962,88,9,6,543.000,6,1,NULL),(2963,88,10,119,250.000,2,1,NULL),(2964,88,11,118,576.000,6,1,NULL),(2965,88,12,80,132.000,6,1,NULL),(2966,88,13,108,222.000,4,1,NULL),(2967,88,14,144,310.000,1,1,NULL),(2968,88,15,46,292.000,0,1,NULL),(2969,88,16,31,481.000,0,1,NULL),(2970,88,17,49,266.000,3,1,NULL),(2971,88,18,64,520.000,5,1,NULL),(2972,88,19,127,293.000,6,1,NULL),(2973,88,20,67,209.000,0,1,NULL),(2974,88,21,91,140.000,2,1,NULL),(2975,88,22,120,485.000,3,1,NULL),(2976,88,23,42,184.000,2,1,NULL),(2977,88,24,90,205.000,2,1,NULL),(2978,88,25,114,370.000,3,1,NULL),(2979,88,26,87,148.000,2,1,NULL),(2980,88,27,7,538.000,8,1,NULL),(2981,89,1,40,535.000,4,1,NULL),(2982,89,2,149,528.000,1,1,NULL),(2983,89,3,89,495.000,5,1,NULL),(2984,89,4,28,236.000,4,1,NULL),(2985,89,5,50,350.000,6,1,NULL),(2986,89,6,20,309.000,2,1,NULL),(2987,89,7,36,225.000,6,1,NULL),(2988,89,8,126,338.000,2,1,NULL),(2989,89,9,82,340.000,5,1,NULL),(2990,89,10,16,232.000,2,1,NULL),(2991,89,11,133,151.000,4,1,NULL),(2992,89,12,68,233.000,2,1,NULL),(2993,89,13,77,420.000,4,1,NULL),(2994,89,14,48,220.000,4,1,NULL),(2995,89,15,10,167.000,4,1,NULL),(2996,89,16,54,444.000,5,1,NULL),(2997,89,17,134,526.000,3,1,NULL),(2998,89,18,33,477.000,2,1,NULL),(2999,89,19,121,508.000,0,1,NULL),(3000,89,20,92,540.000,3,1,NULL),(3001,89,21,86,596.000,4,1,NULL),(3002,89,22,18,401.000,5,1,NULL),(3003,89,23,147,583.000,4,1,NULL),(3004,89,24,136,188.000,1,1,NULL),(3005,89,25,130,392.000,5,1,NULL),(3006,89,26,72,510.000,5,1,NULL),(3007,89,27,81,266.000,0,1,NULL),(3008,90,1,40,450.000,7,1,NULL),(3009,90,2,149,534.000,4,1,NULL),(3010,90,3,89,493.000,7,1,NULL),(3011,90,4,28,498.000,0,1,NULL),(3012,90,5,50,302.000,6,1,NULL),(3013,90,6,20,586.000,3,1,NULL),(3014,90,7,36,317.000,0,1,NULL),(3015,90,8,126,479.000,7,1,NULL),(3016,90,9,82,272.000,0,1,NULL),(3017,90,10,16,435.000,0,1,NULL),(3018,90,11,133,566.000,7,1,NULL),(3019,90,12,68,250.000,3,1,NULL),(3020,90,13,77,512.000,6,1,NULL),(3021,90,14,48,586.000,2,1,NULL),(3022,90,15,10,365.000,0,1,NULL),(3023,90,16,54,552.000,1,1,NULL),(3024,90,17,134,310.000,6,1,NULL),(3025,90,18,33,480.000,7,1,NULL),(3026,90,19,121,308.000,4,1,NULL),(3027,90,20,92,321.000,0,1,NULL),(3028,90,21,86,520.000,1,1,NULL),(3029,90,22,18,271.000,6,1,NULL),(3030,90,23,147,568.000,4,1,NULL),(3031,90,24,136,287.000,7,1,NULL),(3032,90,25,130,317.000,5,1,NULL),(3033,90,26,72,164.000,4,1,NULL),(3034,90,27,81,351.000,3,1,NULL),(3035,91,1,138,171.000,0,1,NULL),(3036,91,2,56,240.000,4,1,NULL),(3037,91,3,14,151.000,7,1,NULL),(3038,91,4,111,527.000,4,1,NULL),(3039,91,5,19,458.000,2,1,NULL),(3040,91,6,57,316.000,6,1,NULL),(3041,91,7,143,182.000,0,1,NULL),(3042,91,8,51,497.000,0,1,NULL),(3043,91,9,135,250.000,2,1,NULL),(3044,91,10,2,524.000,5,1,NULL),(3045,91,11,117,241.000,7,1,NULL),(3046,91,12,4,312.000,2,1,NULL),(3047,91,13,13,508.000,2,1,NULL),(3048,91,14,58,221.000,3,1,NULL),(3049,91,15,5,359.000,4,1,NULL),(3050,91,16,85,389.000,0,1,NULL),(3051,91,17,73,299.000,3,1,NULL),(3052,91,18,110,587.000,3,1,NULL),(3053,91,19,75,343.000,7,1,NULL),(3054,91,20,44,341.000,1,1,NULL),(3055,91,21,124,317.000,3,1,NULL),(3056,91,22,100,127.000,3,1,NULL),(3057,91,23,104,218.000,5,1,NULL),(3058,91,24,101,592.000,7,1,NULL),(3059,91,25,41,484.000,0,1,NULL),(3060,91,26,74,580.000,1,1,NULL),(3061,92,1,138,508.000,0,1,NULL),(3062,92,2,56,419.000,0,1,NULL),(3063,92,3,14,481.000,6,1,NULL),(3064,92,4,111,173.000,0,1,NULL),(3065,92,5,19,262.000,6,1,NULL),(3066,92,6,57,495.000,2,1,NULL),(3067,92,7,143,263.000,3,1,NULL),(3068,92,8,51,529.000,3,1,NULL),(3069,92,9,135,576.000,5,1,NULL),(3070,92,10,2,378.000,3,1,NULL),(3071,92,11,117,361.000,7,1,NULL),(3072,92,12,4,572.000,4,1,NULL),(3073,92,13,13,483.000,0,1,NULL),(3074,92,14,58,234.000,7,1,NULL),(3075,92,15,5,329.000,5,1,NULL),(3076,92,16,85,575.000,4,1,NULL),(3077,92,17,73,374.000,5,1,NULL),(3078,92,18,110,519.000,2,1,NULL),(3079,92,19,75,316.000,3,1,NULL),(3080,92,20,44,470.000,7,1,NULL),(3081,92,21,124,524.000,6,1,NULL),(3082,92,22,100,464.000,7,1,NULL),(3083,92,23,104,406.000,7,1,NULL),(3084,92,24,101,187.000,4,1,NULL),(3085,92,25,41,474.000,1,1,NULL),(3086,92,26,74,559.000,7,1,NULL),(3087,93,1,140,474.000,8,1,NULL),(3088,93,2,61,362.000,0,1,NULL),(3089,93,3,69,357.000,2,1,NULL),(3090,93,4,21,122.000,5,1,NULL),(3091,93,5,1,198.000,6,1,NULL),(3092,93,6,115,460.000,3,1,NULL),(3093,93,7,25,127.000,4,1,NULL),(3094,93,8,139,360.000,4,1,NULL),(3095,93,9,112,469.000,7,1,NULL),(3096,93,10,107,399.000,6,1,NULL),(3097,93,11,17,501.000,5,1,NULL),(3098,93,12,29,313.000,4,1,NULL),(3099,93,13,106,155.000,3,1,NULL),(3100,93,14,37,470.000,6,1,NULL),(3101,93,15,47,297.000,4,1,NULL),(3102,93,16,116,120.000,2,1,NULL),(3103,93,17,45,223.000,2,1,NULL),(3104,93,18,145,546.000,0,1,NULL),(3105,93,19,113,515.000,1,1,NULL),(3106,93,20,129,258.000,6,1,NULL),(3107,93,21,35,375.000,6,1,NULL),(3108,93,22,34,256.000,6,1,NULL),(3109,93,23,8,427.000,8,1,NULL),(3110,93,24,146,291.000,0,1,NULL),(3111,93,25,12,178.000,8,1,NULL),(3112,93,26,95,393.000,0,1,NULL),(3113,94,1,140,294.000,1,1,NULL),(3114,94,2,61,332.000,4,1,NULL),(3115,94,3,69,275.000,3,1,NULL),(3116,94,4,21,331.000,6,1,NULL),(3117,94,5,1,432.000,6,1,NULL),(3118,94,6,115,343.000,1,1,NULL),(3119,94,7,25,373.000,0,1,NULL),(3120,94,8,139,284.000,2,1,NULL),(3121,94,9,112,256.000,0,1,NULL),(3122,94,10,107,423.000,4,1,NULL),(3123,94,11,17,231.000,4,1,NULL),(3124,94,12,29,493.000,6,1,NULL),(3125,94,13,106,496.000,3,1,NULL),(3126,94,14,37,468.000,7,1,NULL),(3127,94,15,47,343.000,1,1,NULL),(3128,94,16,116,360.000,7,1,NULL),(3129,94,17,45,422.000,1,1,NULL),(3130,94,18,145,280.000,5,1,NULL),(3131,94,19,113,554.000,1,1,NULL),(3132,94,20,129,171.000,2,1,NULL),(3133,94,21,35,294.000,7,1,NULL),(3134,94,22,34,546.000,0,1,NULL),(3135,94,23,8,507.000,7,1,NULL),(3136,94,24,146,277.000,6,1,NULL),(3137,94,25,12,338.000,3,1,NULL),(3138,94,26,95,130.000,0,1,NULL),(3139,123,1,129,257.000,4,1,NULL),(3140,123,2,91,478.000,0,1,NULL),(3141,123,3,142,252.000,6,1,NULL),(3142,123,4,54,183.000,1,1,NULL),(3143,123,5,80,174.000,4,1,NULL),(3144,123,6,100,257.000,6,1,NULL),(3145,123,7,120,172.000,2,1,NULL),(3146,123,8,5,421.000,1,1,NULL),(3147,123,9,33,485.000,5,1,NULL),(3148,123,10,4,263.000,3,1,NULL),(3149,123,11,109,461.000,1,1,NULL),(3150,123,12,147,223.000,4,1,NULL),(3151,123,13,78,422.000,0,1,NULL),(3152,123,14,40,414.000,1,1,NULL),(3153,123,15,103,251.000,5,1,NULL),(3154,123,16,83,302.000,2,1,NULL),(3155,123,17,139,573.000,0,1,NULL),(3156,123,18,111,534.000,6,1,NULL),(3157,123,19,94,543.000,4,1,NULL),(3158,123,20,107,546.000,2,1,NULL),(3159,123,21,90,518.000,0,1,NULL),(3160,123,22,116,156.000,5,1,NULL),(3161,123,23,6,485.000,6,1,NULL),(3162,123,24,3,416.000,3,1,NULL),(3163,123,25,92,296.000,2,1,NULL),(3164,123,26,19,363.000,0,1,NULL),(3165,123,27,143,393.000,5,1,NULL),(3166,123,28,121,134.000,4,1,NULL),(3167,123,29,101,487.000,4,1,NULL),(3168,123,30,123,522.000,6,1,NULL),(3169,124,1,133,439.000,1,1,NULL),(3170,124,2,65,455.000,7,1,NULL),(3171,124,3,124,547.000,1,1,NULL),(3172,124,4,102,431.000,8,1,NULL),(3173,124,5,126,262.000,3,1,NULL),(3174,124,6,44,468.000,1,1,NULL),(3175,124,7,25,570.000,6,1,NULL),(3176,124,8,114,540.000,1,1,NULL),(3177,124,9,8,128.000,2,1,NULL),(3178,124,10,11,473.000,1,1,NULL),(3179,124,11,112,248.000,2,1,NULL),(3180,124,12,42,122.000,8,1,NULL),(3181,124,13,14,292.000,1,1,NULL),(3182,124,14,53,410.000,1,1,NULL),(3183,124,15,30,464.000,6,1,NULL),(3184,124,16,32,547.000,3,1,NULL),(3185,124,17,86,200.000,2,1,NULL),(3186,124,18,76,578.000,5,1,NULL),(3187,124,19,81,412.000,3,1,NULL),(3188,124,20,60,414.000,6,1,NULL),(3189,124,21,52,281.000,5,1,NULL),(3190,124,22,67,330.000,3,1,NULL),(3191,124,23,72,352.000,1,1,NULL),(3192,124,24,43,538.000,4,1,NULL),(3193,124,25,57,522.000,3,1,NULL),(3194,124,26,7,524.000,5,1,NULL),(3195,124,27,48,594.000,3,1,NULL),(3196,124,28,36,599.000,7,1,NULL),(3197,124,29,17,172.000,3,1,NULL),(3198,124,30,79,536.000,3,1,NULL),(3199,125,1,88,124.000,5,1,NULL),(3200,125,2,95,580.000,6,1,NULL),(3201,125,3,119,373.000,2,1,NULL),(3202,125,4,136,505.000,5,1,NULL),(3203,125,5,138,255.000,3,1,NULL),(3204,125,6,61,198.000,0,1,NULL),(3205,125,7,13,532.000,0,1,NULL),(3206,125,8,37,477.000,7,1,NULL),(3207,125,9,63,120.000,6,1,NULL),(3208,125,10,26,296.000,1,1,NULL),(3209,125,11,149,277.000,3,1,NULL),(3210,125,12,28,351.000,6,1,NULL),(3211,125,13,12,352.000,7,1,NULL),(3212,125,14,69,510.000,4,1,NULL),(3213,125,15,135,492.000,3,1,NULL),(3214,125,16,18,415.000,6,1,NULL),(3215,125,17,1,355.000,2,1,NULL),(3216,125,18,104,467.000,1,1,NULL),(3217,125,19,82,391.000,8,1,NULL),(3218,125,20,99,436.000,0,1,NULL),(3219,125,21,55,348.000,2,1,NULL),(3220,125,22,49,475.000,4,1,NULL),(3221,125,23,45,505.000,3,1,NULL),(3222,125,24,38,334.000,7,1,NULL),(3223,125,25,75,412.000,4,1,NULL),(3224,125,26,140,590.000,1,1,NULL),(3225,125,27,87,598.000,7,1,NULL),(3226,125,28,97,196.000,3,1,NULL),(3227,125,29,23,433.000,4,1,NULL),(3228,125,30,148,449.000,4,1,NULL),(3229,126,1,144,452.000,1,1,NULL),(3230,126,2,118,447.000,3,1,NULL),(3231,126,3,27,143.000,7,1,NULL),(3232,126,4,2,197.000,4,1,NULL),(3233,126,5,96,330.000,5,1,NULL),(3234,126,6,132,344.000,1,1,NULL),(3235,126,7,110,319.000,2,1,NULL),(3236,126,8,77,460.000,0,1,NULL),(3237,126,9,117,533.000,1,1,NULL),(3238,126,10,58,374.000,0,1,NULL),(3239,126,11,16,447.000,7,1,NULL),(3240,126,12,141,237.000,7,1,NULL),(3241,126,13,108,318.000,2,1,NULL),(3242,126,14,10,242.000,5,1,NULL),(3243,126,15,21,559.000,0,1,NULL),(3244,126,16,93,392.000,3,1,NULL),(3245,126,17,47,406.000,7,1,NULL),(3246,126,18,64,330.000,3,1,NULL),(3247,126,19,98,458.000,7,1,NULL),(3248,126,20,24,312.000,3,1,NULL),(3249,126,21,46,430.000,1,1,NULL),(3250,126,22,62,519.000,2,1,NULL),(3251,126,23,20,300.000,7,1,NULL),(3252,126,24,9,245.000,1,1,NULL),(3253,126,25,31,145.000,0,1,NULL),(3254,126,26,85,159.000,4,1,NULL),(3255,126,27,105,588.000,5,1,NULL),(3256,126,28,68,588.000,1,1,NULL),(3257,126,29,131,180.000,5,1,NULL),(3258,126,30,122,139.000,3,1,NULL),(3259,95,1,10,300.000,2,1,NULL),(3260,95,2,87,402.000,6,1,NULL),(3261,95,3,34,539.000,6,1,NULL),(3262,95,4,12,348.000,5,1,NULL),(3263,95,5,96,362.000,3,1,NULL),(3264,95,6,133,319.000,2,1,NULL),(3265,95,7,49,492.000,3,1,NULL),(3266,95,8,106,425.000,0,1,NULL),(3267,95,9,103,132.000,0,1,NULL),(3268,95,10,7,146.000,2,1,NULL),(3269,95,11,86,487.000,4,1,NULL),(3270,95,12,150,398.000,1,1,NULL),(3271,95,13,100,168.000,8,1,NULL),(3272,95,14,107,231.000,2,1,NULL),(3273,95,15,128,345.000,3,1,NULL),(3274,95,16,8,571.000,6,1,NULL),(3275,95,17,3,478.000,0,1,NULL),(3276,95,18,45,236.000,4,1,NULL),(3277,95,19,75,590.000,4,1,NULL),(3278,95,20,132,385.000,3,1,NULL),(3279,95,21,30,245.000,2,1,NULL),(3280,95,22,118,474.000,7,1,NULL),(3281,95,23,89,354.000,7,1,NULL),(3282,95,24,5,543.000,5,1,NULL),(3283,95,25,65,179.000,7,1,NULL),(3284,95,26,136,587.000,0,1,NULL),(3285,95,27,72,332.000,0,1,NULL),(3286,95,28,68,340.000,4,1,NULL),(3287,95,29,33,534.000,5,1,NULL),(3288,95,30,71,211.000,7,1,NULL),(3289,96,1,54,471.000,0,1,NULL),(3290,96,2,101,596.000,3,1,NULL),(3291,96,3,41,579.000,4,1,NULL),(3292,96,4,125,600.000,3,1,NULL),(3293,96,5,114,479.000,6,1,NULL),(3294,96,6,76,512.000,3,1,NULL),(3295,96,7,93,515.000,3,1,NULL),(3296,96,8,130,252.000,2,1,NULL),(3297,96,9,23,122.000,2,1,NULL),(3298,96,10,102,370.000,7,1,NULL),(3299,96,11,20,568.000,2,1,NULL),(3300,96,12,60,290.000,1,1,NULL),(3301,96,13,22,431.000,0,1,NULL),(3302,96,14,21,353.000,7,1,NULL),(3303,96,15,131,473.000,0,1,NULL),(3304,96,16,124,444.000,5,1,NULL),(3305,96,17,120,553.000,5,1,NULL),(3306,96,18,73,172.000,4,1,NULL),(3307,96,19,82,249.000,3,1,NULL),(3308,96,20,58,379.000,1,1,NULL),(3309,96,21,139,263.000,3,1,NULL),(3310,96,22,110,330.000,0,1,NULL),(3311,96,23,115,138.000,2,1,NULL),(3312,96,24,64,405.000,7,1,NULL),(3313,96,25,80,230.000,3,1,NULL),(3314,96,26,19,293.000,0,1,NULL),(3315,96,27,48,189.000,1,1,NULL),(3316,96,28,46,488.000,1,1,NULL),(3317,96,29,95,477.000,3,1,NULL),(3318,96,30,74,145.000,1,1,NULL),(3319,97,1,27,581.000,3,1,NULL),(3320,97,2,98,431.000,2,1,NULL),(3321,97,3,138,597.000,6,1,NULL),(3322,97,4,85,500.000,2,1,NULL),(3323,97,5,148,476.000,1,1,NULL),(3324,97,6,117,462.000,0,1,NULL),(3325,97,7,42,553.000,1,1,NULL),(3326,97,8,59,451.000,6,1,NULL),(3327,97,9,13,404.000,7,1,NULL),(3328,97,10,26,322.000,6,1,NULL),(3329,97,11,43,204.000,5,1,NULL),(3330,97,12,112,239.000,1,1,NULL),(3331,97,13,129,132.000,5,1,NULL),(3332,97,14,47,261.000,7,1,NULL),(3333,97,15,149,519.000,7,1,NULL),(3334,97,16,108,330.000,1,1,NULL),(3335,97,17,17,373.000,0,1,NULL),(3336,97,18,147,327.000,2,1,NULL),(3337,97,19,25,504.000,0,1,NULL),(3338,97,20,144,129.000,7,1,NULL),(3339,97,21,78,524.000,4,1,NULL),(3340,97,22,88,446.000,3,1,NULL),(3341,97,23,79,521.000,0,1,NULL),(3342,97,24,70,196.000,5,1,NULL),(3343,97,25,127,269.000,5,1,NULL),(3344,97,26,92,436.000,0,1,NULL),(3345,97,27,18,174.000,6,1,NULL),(3346,97,28,145,283.000,7,1,NULL),(3347,97,29,2,248.000,0,1,NULL),(3348,97,30,67,417.000,1,1,NULL),(3349,98,1,14,485.000,3,1,NULL),(3350,98,2,32,207.000,5,1,NULL),(3351,98,3,83,310.000,3,1,NULL),(3352,98,4,61,202.000,2,1,NULL),(3353,98,5,126,585.000,2,1,NULL),(3354,98,6,109,204.000,7,1,NULL),(3355,98,7,39,491.000,0,1,NULL),(3356,98,8,119,490.000,1,1,NULL),(3357,98,9,1,262.000,2,1,NULL),(3358,98,10,36,268.000,7,1,NULL),(3359,98,11,57,336.000,0,1,NULL),(3360,98,12,55,562.000,2,1,NULL),(3361,98,13,37,578.000,0,1,NULL),(3362,98,14,53,365.000,3,1,NULL),(3363,98,15,84,572.000,3,1,NULL),(3364,98,16,9,273.000,3,1,NULL),(3365,98,17,28,375.000,1,1,NULL),(3366,98,18,16,446.000,3,1,NULL),(3367,98,19,6,146.000,0,1,NULL),(3368,98,20,38,421.000,4,1,NULL),(3369,98,21,116,152.000,0,1,NULL),(3370,98,22,123,518.000,7,1,NULL),(3371,98,23,29,368.000,6,1,NULL),(3372,98,24,104,253.000,1,1,NULL),(3373,98,25,146,335.000,1,1,NULL),(3374,98,26,69,245.000,1,1,NULL),(3375,98,27,81,153.000,0,1,NULL),(3376,98,28,62,472.000,5,1,NULL),(3377,98,29,121,384.000,0,1,NULL),(3378,98,30,15,378.000,3,1,NULL),(3379,117,1,78,413.000,6,1,NULL),(3380,117,2,33,414.000,2,1,NULL),(3381,117,3,14,267.000,1,1,NULL),(3382,117,4,4,525.000,6,1,NULL),(3383,117,5,127,394.000,0,1,NULL),(3384,117,6,89,277.000,3,1,NULL),(3385,117,7,72,461.000,2,1,NULL),(3386,117,8,15,328.000,3,1,NULL),(3387,117,9,45,202.000,0,1,NULL),(3388,117,10,24,537.000,1,1,NULL),(3389,117,11,58,461.000,4,1,NULL),(3390,117,12,101,542.000,2,1,NULL),(3391,117,13,13,553.000,1,1,NULL),(3392,117,14,28,420.000,0,1,NULL),(3393,117,15,111,564.000,6,1,NULL),(3394,117,16,147,565.000,5,1,NULL),(3395,117,17,77,520.000,5,1,NULL),(3396,117,18,9,220.000,1,1,NULL),(3397,117,19,21,163.000,1,1,NULL),(3398,117,20,25,375.000,0,1,NULL),(3399,117,21,112,142.000,4,1,NULL),(3400,117,22,2,545.000,6,1,NULL),(3401,117,23,100,252.000,0,1,NULL),(3402,117,24,26,572.000,5,1,NULL),(3403,117,25,22,268.000,3,1,NULL),(3404,117,26,131,516.000,1,1,NULL),(3405,118,1,78,257.000,6,1,NULL),(3406,118,2,33,229.000,5,1,NULL),(3407,118,3,14,552.000,5,1,NULL),(3408,118,4,4,481.000,2,1,NULL),(3409,118,5,127,201.000,3,1,NULL),(3410,118,6,89,257.000,2,1,NULL),(3411,118,7,72,328.000,2,1,NULL),(3412,118,8,15,174.000,2,1,NULL),(3413,118,9,45,216.000,3,1,NULL),(3414,118,10,24,124.000,0,1,NULL),(3415,118,11,58,388.000,5,1,NULL),(3416,118,12,101,279.000,0,1,NULL),(3417,118,13,13,251.000,3,1,NULL),(3418,118,14,28,248.000,5,1,NULL),(3419,118,15,111,189.000,5,1,NULL),(3420,118,16,147,161.000,6,1,NULL),(3421,118,17,77,570.000,4,1,NULL),(3422,118,18,9,352.000,5,1,NULL),(3423,118,19,21,592.000,3,1,NULL),(3424,118,20,25,132.000,0,1,NULL),(3425,118,21,112,436.000,3,1,NULL),(3426,118,22,2,162.000,5,1,NULL),(3427,118,23,100,233.000,5,1,NULL),(3428,118,24,26,266.000,5,1,NULL),(3429,118,25,22,161.000,0,1,NULL),(3430,118,26,131,338.000,6,1,NULL),(3431,119,1,122,599.000,4,1,NULL),(3432,119,2,83,163.000,5,1,NULL),(3433,119,3,43,353.000,4,1,NULL),(3434,119,4,91,296.000,3,1,NULL),(3435,119,5,53,528.000,1,1,NULL),(3436,119,6,39,508.000,1,1,NULL),(3437,119,7,66,199.000,5,1,NULL),(3438,119,8,3,207.000,4,1,NULL),(3439,119,9,134,194.000,0,1,NULL),(3440,119,10,107,413.000,5,1,NULL),(3441,119,11,67,188.000,6,1,NULL),(3442,119,12,148,551.000,1,1,NULL),(3443,119,13,36,228.000,4,1,NULL),(3444,119,14,64,305.000,3,1,NULL),(3445,119,15,120,243.000,4,1,NULL),(3446,119,16,141,552.000,4,1,NULL),(3447,119,17,86,201.000,0,1,NULL),(3448,119,18,6,459.000,2,1,NULL),(3449,119,19,1,576.000,4,1,NULL),(3450,119,20,10,385.000,2,1,NULL),(3451,119,21,65,367.000,5,1,NULL),(3452,119,22,38,554.000,2,1,NULL),(3453,119,23,17,577.000,3,1,NULL),(3454,119,24,149,338.000,4,1,NULL),(3455,119,25,57,343.000,2,1,NULL),(3456,119,26,105,182.000,1,1,NULL),(3457,120,1,122,590.000,4,1,NULL),(3458,120,2,83,375.000,1,1,NULL),(3459,120,3,43,494.000,5,1,NULL),(3460,120,4,91,182.000,5,1,NULL),(3461,120,5,53,486.000,3,1,NULL),(3462,120,6,39,260.000,3,1,NULL),(3463,120,7,66,422.000,2,1,NULL),(3464,120,8,3,552.000,4,1,NULL),(3465,120,9,134,287.000,1,1,NULL),(3466,120,10,107,330.000,4,1,NULL),(3467,120,11,67,339.000,6,1,NULL),(3468,120,12,148,277.000,5,1,NULL),(3469,120,13,36,302.000,2,1,NULL),(3470,120,14,64,418.000,1,1,NULL),(3471,120,15,120,278.000,0,1,NULL),(3472,120,16,141,242.000,1,1,NULL),(3473,120,17,86,560.000,2,1,NULL),(3474,120,18,6,244.000,3,1,NULL),(3475,120,19,1,213.000,6,1,NULL),(3476,120,20,10,594.000,3,1,NULL),(3477,120,21,65,203.000,2,1,NULL),(3478,120,22,38,411.000,2,1,NULL),(3479,120,23,17,435.000,5,1,NULL),(3480,120,24,149,555.000,1,1,NULL),(3481,120,25,57,123.000,6,1,NULL),(3482,120,26,105,298.000,2,1,NULL),(3483,121,1,117,190.000,2,1,NULL),(3484,121,2,146,213.000,7,1,NULL),(3485,121,3,128,536.000,2,1,NULL),(3486,121,4,59,470.000,4,1,NULL),(3487,121,5,5,488.000,1,1,NULL),(3488,121,6,70,313.000,5,1,NULL),(3489,121,7,85,374.000,4,1,NULL),(3490,121,8,132,325.000,1,1,NULL),(3491,121,9,97,469.000,6,1,NULL),(3492,121,10,51,352.000,0,1,NULL),(3493,121,11,93,478.000,3,1,NULL),(3494,121,12,87,599.000,7,1,NULL),(3495,121,13,41,456.000,4,1,NULL),(3496,121,14,61,334.000,1,1,NULL),(3497,121,15,79,167.000,6,1,NULL),(3498,121,16,35,255.000,2,1,NULL),(3499,121,17,138,239.000,7,1,NULL),(3500,121,18,34,581.000,1,1,NULL),(3501,121,19,71,511.000,1,1,NULL),(3502,121,20,88,507.000,1,1,NULL),(3503,121,21,11,332.000,4,1,NULL),(3504,121,22,150,145.000,6,1,NULL),(3505,121,23,98,391.000,0,1,NULL),(3506,121,24,16,369.000,1,1,NULL),(3507,121,25,137,298.000,7,1,NULL),(3508,121,26,90,403.000,3,1,NULL),(3509,122,1,117,325.000,2,1,NULL),(3510,122,2,146,318.000,2,1,NULL),(3511,122,3,128,175.000,7,1,NULL),(3512,122,4,59,228.000,1,1,NULL),(3513,122,5,5,271.000,0,1,NULL),(3514,122,6,70,133.000,0,1,NULL),(3515,122,7,85,512.000,8,1,NULL),(3516,122,8,132,384.000,1,1,NULL),(3517,122,9,97,584.000,8,1,NULL),(3518,122,10,51,336.000,0,1,NULL),(3519,122,11,93,410.000,3,1,NULL),(3520,122,12,87,209.000,3,1,NULL),(3521,122,13,41,465.000,1,1,NULL),(3522,122,14,61,594.000,8,1,NULL),(3523,122,15,79,211.000,2,1,NULL),(3524,122,16,35,568.000,0,1,NULL),(3525,122,17,138,132.000,4,1,NULL),(3526,122,18,34,211.000,6,1,NULL),(3527,122,19,71,348.000,8,1,NULL),(3528,122,20,88,565.000,2,1,NULL),(3529,122,21,11,428.000,6,1,NULL),(3530,122,22,150,185.000,2,1,NULL),(3531,122,23,98,558.000,3,1,NULL),(3532,122,24,16,160.000,7,1,NULL),(3533,122,25,137,382.000,7,1,NULL),(3534,122,26,90,259.000,2,1,NULL),(3535,99,1,60,282.000,7,1,NULL),(3536,99,2,137,140.000,5,1,NULL),(3537,99,3,25,296.000,6,1,NULL),(3538,99,4,67,394.000,5,1,NULL),(3539,99,5,150,506.000,4,1,NULL),(3540,99,6,37,551.000,2,1,NULL),(3541,99,7,87,284.000,6,1,NULL),(3542,99,8,8,187.000,7,1,NULL),(3543,99,9,136,343.000,6,1,NULL),(3544,99,10,115,578.000,5,1,NULL),(3545,99,11,144,475.000,1,1,NULL),(3546,99,12,124,163.000,7,1,NULL),(3547,99,13,121,265.000,7,1,NULL),(3548,99,14,4,393.000,6,1,NULL),(3549,99,15,12,195.000,1,1,NULL),(3550,99,16,11,209.000,5,1,NULL),(3551,99,17,96,399.000,1,1,NULL),(3552,99,18,53,559.000,6,1,NULL),(3553,99,19,93,406.000,1,1,NULL),(3554,99,20,36,421.000,5,1,NULL),(3555,99,21,75,402.000,8,1,NULL),(3556,99,22,78,495.000,3,1,NULL),(3557,99,23,14,498.000,5,1,NULL),(3558,99,24,89,155.000,3,1,NULL),(3559,99,25,81,560.000,3,1,NULL),(3560,99,26,1,270.000,1,1,NULL),(3561,99,27,29,124.000,7,1,NULL),(3562,99,28,131,350.000,7,1,NULL),(3563,99,29,50,137.000,0,1,NULL),(3564,99,30,142,350.000,1,1,NULL),(3565,100,1,41,184.000,5,1,NULL),(3566,100,2,111,436.000,4,1,NULL),(3567,100,3,15,495.000,6,1,NULL),(3568,100,4,125,335.000,5,1,NULL),(3569,100,5,135,239.000,4,1,NULL),(3570,100,6,56,325.000,3,1,NULL),(3571,100,7,59,175.000,0,1,NULL),(3572,100,8,108,429.000,2,1,NULL),(3573,100,9,47,198.000,7,1,NULL),(3574,100,10,5,477.000,0,1,NULL),(3575,100,11,19,147.000,3,1,NULL),(3576,100,12,140,565.000,2,1,NULL),(3577,100,13,84,276.000,3,1,NULL),(3578,100,14,38,135.000,8,1,NULL),(3579,100,15,46,140.000,0,1,NULL),(3580,100,16,65,437.000,6,1,NULL),(3581,100,17,49,322.000,3,1,NULL),(3582,100,18,103,260.000,6,1,NULL),(3583,100,19,116,209.000,1,1,NULL),(3584,100,20,73,260.000,1,1,NULL),(3585,100,21,76,516.000,5,1,NULL),(3586,100,22,20,541.000,5,1,NULL),(3587,100,23,13,220.000,5,1,NULL),(3588,100,24,129,220.000,8,1,NULL),(3589,100,25,128,522.000,8,1,NULL),(3590,100,26,90,266.000,0,1,NULL),(3591,100,27,113,524.000,5,1,NULL),(3592,100,28,92,301.000,8,1,NULL),(3593,100,29,77,456.000,3,1,NULL),(3594,100,30,3,226.000,3,1,NULL),(3595,101,1,30,348.000,4,1,NULL),(3596,101,2,110,339.000,2,1,NULL),(3597,101,3,149,487.000,1,1,NULL),(3598,101,4,54,457.000,3,1,NULL),(3599,101,5,130,322.000,4,1,NULL),(3600,101,6,7,150.000,3,1,NULL),(3601,101,7,52,584.000,3,1,NULL),(3602,101,8,79,121.000,3,1,NULL),(3603,101,9,106,571.000,0,1,NULL),(3604,101,10,21,387.000,1,1,NULL),(3605,101,11,147,275.000,4,1,NULL),(3606,101,12,39,583.000,0,1,NULL),(3607,101,13,2,246.000,3,1,NULL),(3608,101,14,126,511.000,2,1,NULL),(3609,101,15,61,238.000,1,1,NULL),(3610,101,16,55,590.000,5,1,NULL),(3611,101,17,117,230.000,0,1,NULL),(3612,101,18,134,398.000,0,1,NULL),(3613,101,19,98,498.000,5,1,NULL),(3614,101,20,88,225.000,4,1,NULL),(3615,101,21,141,258.000,0,1,NULL),(3616,101,22,120,451.000,0,1,NULL),(3617,101,23,45,432.000,2,1,NULL),(3618,101,24,145,511.000,5,1,NULL),(3619,101,25,10,503.000,1,1,NULL),(3620,101,26,95,445.000,2,1,NULL),(3621,101,27,82,576.000,4,1,NULL),(3622,101,28,23,595.000,6,1,NULL),(3623,101,29,64,450.000,0,1,NULL),(3624,101,30,33,282.000,0,1,NULL),(3625,102,1,27,407.000,0,1,NULL),(3626,102,2,31,255.000,4,1,NULL),(3627,102,3,43,297.000,1,1,NULL),(3628,102,4,143,380.000,2,1,NULL),(3629,102,5,42,364.000,2,1,NULL),(3630,102,6,107,505.000,2,1,NULL),(3631,102,7,58,331.000,1,1,NULL),(3632,102,8,122,258.000,4,1,NULL),(3633,102,9,32,228.000,5,1,NULL),(3634,102,10,109,277.000,2,1,NULL),(3635,102,11,118,256.000,2,1,NULL),(3636,102,12,74,381.000,6,1,NULL),(3637,102,13,44,334.000,6,1,NULL),(3638,102,14,40,294.000,4,1,NULL),(3639,102,15,18,598.000,4,1,NULL),(3640,102,16,34,263.000,4,1,NULL),(3641,102,17,139,575.000,5,1,NULL),(3642,102,18,97,271.000,6,1,NULL),(3643,102,19,100,267.000,5,1,NULL),(3644,102,20,26,539.000,5,1,NULL),(3645,102,21,105,341.000,5,1,NULL),(3646,102,22,22,528.000,6,1,NULL),(3647,102,23,6,136.000,4,1,NULL),(3648,102,24,9,490.000,1,1,NULL),(3649,102,25,123,339.000,2,1,NULL),(3650,102,26,133,350.000,4,1,NULL),(3651,102,27,66,274.000,5,1,NULL),(3652,102,28,91,406.000,1,1,NULL),(3653,102,29,28,355.000,5,1,NULL),(3654,102,30,62,250.000,2,1,NULL),(3655,145,1,37,232.000,5,1,NULL),(3656,145,2,40,583.000,4,1,NULL),(3657,145,3,15,253.000,4,1,NULL),(3658,145,4,2,536.000,2,1,NULL),(3659,145,5,58,546.000,5,1,NULL),(3660,145,6,71,226.000,2,1,NULL),(3661,145,7,76,590.000,6,1,NULL),(3662,145,8,98,192.000,2,1,NULL),(3663,145,9,53,446.000,6,1,NULL),(3664,145,10,138,488.000,6,1,NULL),(3665,145,11,28,511.000,2,1,NULL),(3666,145,12,106,371.000,4,1,NULL),(3667,145,13,33,243.000,6,1,NULL),(3668,145,14,91,535.000,3,1,NULL),(3669,145,15,147,238.000,2,1,NULL),(3670,145,16,85,186.000,3,1,NULL),(3671,145,17,73,169.000,3,1,NULL),(3672,145,18,132,434.000,2,1,NULL),(3673,145,19,42,302.000,3,1,NULL),(3674,145,20,143,362.000,5,1,NULL),(3675,145,21,44,573.000,0,1,NULL),(3676,145,22,39,221.000,5,1,NULL),(3677,145,23,126,392.000,4,1,NULL),(3678,145,24,90,377.000,5,1,NULL),(3679,145,25,110,215.000,4,1,NULL),(3680,145,26,23,544.000,6,1,NULL),(3681,145,27,107,306.000,6,1,NULL),(3682,145,28,27,517.000,6,1,NULL),(3683,145,29,125,146.000,3,1,NULL),(3684,145,30,63,124.000,0,1,NULL),(3685,146,1,137,483.000,1,1,NULL),(3686,146,2,95,412.000,4,1,NULL),(3687,146,3,47,544.000,6,1,NULL),(3688,146,4,100,471.000,0,1,NULL),(3689,146,5,7,379.000,2,1,NULL),(3690,146,6,67,369.000,5,1,NULL),(3691,146,7,38,447.000,3,1,NULL),(3692,146,8,99,438.000,0,1,NULL),(3693,146,9,121,507.000,6,1,NULL),(3694,146,10,17,287.000,1,1,NULL),(3695,146,11,57,347.000,1,1,NULL),(3696,146,12,142,393.000,6,1,NULL),(3697,146,13,21,597.000,2,1,NULL),(3698,146,14,75,140.000,0,1,NULL),(3699,146,15,150,400.000,4,1,NULL),(3700,146,16,102,267.000,3,1,NULL),(3701,146,17,146,431.000,1,1,NULL),(3702,146,18,105,313.000,3,1,NULL),(3703,146,19,31,145.000,5,1,NULL),(3704,146,20,101,320.000,0,1,NULL),(3705,146,21,48,600.000,6,1,NULL),(3706,146,22,20,281.000,6,1,NULL),(3707,146,23,109,330.000,3,1,NULL),(3708,146,24,84,206.000,5,1,NULL),(3709,146,25,108,213.000,3,1,NULL),(3710,146,26,35,368.000,2,1,NULL),(3711,146,27,92,182.000,1,1,NULL),(3712,146,28,30,241.000,3,1,NULL),(3713,146,29,86,387.000,5,1,NULL),(3714,146,30,111,434.000,3,1,NULL),(3715,133,1,3,414.000,6,1,NULL),(3716,133,2,10,131.000,4,1,NULL),(3717,133,3,66,563.000,0,1,NULL),(3718,133,4,35,284.000,2,1,NULL),(3719,133,5,68,179.000,0,1,NULL),(3720,133,6,39,189.000,0,1,NULL),(3721,133,7,69,377.000,3,1,NULL),(3722,133,8,50,448.000,7,1,NULL),(3723,133,9,116,313.000,5,1,NULL),(3724,133,10,119,344.000,3,1,NULL),(3725,133,11,130,238.000,5,1,NULL),(3726,133,12,58,276.000,2,1,NULL),(3727,133,13,134,217.000,4,1,NULL),(3728,133,14,146,583.000,5,1,NULL),(3729,133,15,110,384.000,5,1,NULL),(3730,133,16,16,546.000,3,1,NULL),(3731,133,17,87,362.000,5,1,NULL),(3732,133,18,59,522.000,1,1,NULL),(3733,133,19,145,161.000,7,1,NULL),(3734,133,20,80,120.000,3,1,NULL),(3735,133,21,17,199.000,6,1,NULL),(3736,133,22,8,553.000,0,1,NULL),(3737,133,23,137,268.000,2,1,NULL),(3738,133,24,31,324.000,3,1,NULL),(3739,133,25,105,534.000,4,1,NULL),(3740,133,26,99,504.000,0,1,NULL),(3741,133,27,5,542.000,0,1,NULL),(3742,133,28,57,222.000,5,1,NULL),(3743,133,29,38,559.000,5,1,NULL),(3744,133,30,93,212.000,6,1,NULL),(3745,134,1,84,442.000,6,1,NULL),(3746,134,2,103,139.000,3,1,NULL),(3747,134,3,124,401.000,4,1,NULL),(3748,134,4,45,413.000,2,1,NULL),(3749,134,5,141,478.000,0,1,NULL),(3750,134,6,144,331.000,7,1,NULL),(3751,134,7,126,384.000,3,1,NULL),(3752,134,8,73,367.000,2,1,NULL),(3753,134,9,104,212.000,2,1,NULL),(3754,134,10,111,241.000,5,1,NULL),(3755,134,11,82,343.000,6,1,NULL),(3756,134,12,26,178.000,4,1,NULL),(3757,134,13,11,201.000,2,1,NULL),(3758,134,14,136,239.000,8,1,NULL),(3759,134,15,60,260.000,2,1,NULL),(3760,134,16,63,357.000,3,1,NULL),(3761,134,17,19,463.000,8,1,NULL),(3762,134,18,24,286.000,5,1,NULL),(3763,134,19,71,493.000,1,1,NULL),(3764,134,20,129,226.000,2,1,NULL),(3765,134,21,143,392.000,4,1,NULL),(3766,134,22,27,595.000,1,1,NULL),(3767,134,23,62,468.000,1,1,NULL),(3768,134,24,61,178.000,1,1,NULL),(3769,134,25,109,505.000,8,1,NULL),(3770,134,26,102,324.000,4,1,NULL),(3771,134,27,72,564.000,1,1,NULL),(3772,134,28,150,233.000,1,1,NULL),(3773,134,29,127,149.000,5,1,NULL),(3774,134,30,79,497.000,7,1,NULL),(3775,147,1,21,277.000,0,1,NULL),(3776,147,2,147,182.000,7,1,NULL),(3777,147,3,123,361.000,2,1,NULL),(3778,147,4,125,310.000,8,1,NULL),(3779,147,5,46,383.000,1,1,NULL),(3780,147,6,50,307.000,5,1,NULL),(3781,147,7,81,219.000,6,1,NULL),(3782,147,8,61,558.000,5,1,NULL),(3783,147,9,148,422.000,0,1,NULL),(3784,147,10,3,460.000,7,1,NULL),(3785,147,11,24,184.000,7,1,NULL),(3786,147,12,73,470.000,8,1,NULL),(3787,147,13,102,352.000,4,1,NULL),(3788,147,14,130,238.000,8,1,NULL),(3789,147,15,74,178.000,7,1,NULL),(3790,147,16,43,194.000,4,1,NULL),(3791,147,17,58,224.000,1,1,NULL),(3792,147,18,4,253.000,7,1,NULL),(3793,147,19,25,567.000,0,1,NULL),(3794,147,20,54,332.000,2,1,NULL),(3795,147,21,38,440.000,4,1,NULL),(3796,147,22,109,571.000,0,1,NULL),(3797,147,23,35,532.000,5,1,NULL),(3798,147,24,133,196.000,0,1,NULL),(3799,147,25,47,258.000,8,1,NULL),(3800,147,26,62,527.000,4,1,NULL),(3801,147,27,122,241.000,5,1,NULL),(3802,147,28,146,552.000,0,1,NULL),(3803,147,29,51,515.000,1,1,NULL),(3804,147,30,118,376.000,4,1,NULL),(3805,148,1,33,545.000,7,1,NULL),(3806,148,2,52,477.000,7,1,NULL),(3807,148,3,29,458.000,3,1,NULL),(3808,148,4,78,594.000,3,1,NULL),(3809,148,5,15,427.000,6,1,NULL),(3810,148,6,45,512.000,8,1,NULL),(3811,148,7,132,435.000,1,1,NULL),(3812,148,8,49,585.000,3,1,NULL),(3813,148,9,65,586.000,4,1,NULL),(3814,148,10,114,120.000,4,1,NULL),(3815,148,11,120,465.000,8,1,NULL),(3816,148,12,93,282.000,2,1,NULL),(3817,148,13,107,540.000,7,1,NULL),(3818,148,14,121,544.000,1,1,NULL),(3819,148,15,77,440.000,7,1,NULL),(3820,148,16,117,568.000,0,1,NULL),(3821,148,17,112,555.000,8,1,NULL),(3822,148,18,1,190.000,0,1,NULL),(3823,148,19,32,317.000,1,1,NULL),(3824,148,20,105,595.000,5,1,NULL),(3825,148,21,28,584.000,4,1,NULL),(3826,148,22,127,319.000,6,1,NULL),(3827,148,23,95,397.000,8,1,NULL),(3828,148,24,98,464.000,4,1,NULL),(3829,148,25,80,306.000,2,1,NULL),(3830,148,26,48,251.000,6,1,NULL),(3831,148,27,42,159.000,0,1,NULL),(3832,148,28,69,454.000,0,1,NULL),(3833,148,29,17,439.000,2,1,NULL),(3834,148,30,63,485.000,2,1,NULL),(3835,135,1,61,520.000,4,1,NULL),(3836,135,2,93,446.000,1,1,NULL),(3837,135,3,108,442.000,5,1,NULL),(3838,135,4,41,274.000,0,1,NULL),(3839,135,5,44,466.000,5,1,NULL),(3840,135,6,127,579.000,1,1,NULL),(3841,135,7,21,597.000,2,1,NULL),(3842,135,8,115,209.000,5,1,NULL),(3843,135,9,150,290.000,1,1,NULL),(3844,135,10,23,446.000,3,1,NULL),(3845,135,11,88,449.000,3,1,NULL),(3846,135,12,120,582.000,4,1,NULL),(3847,135,13,95,280.000,3,1,NULL),(3848,135,14,71,455.000,6,1,NULL),(3849,135,15,112,120.000,4,1,NULL),(3850,135,16,25,256.000,4,1,NULL),(3851,135,17,101,447.000,6,1,NULL),(3852,135,18,123,520.000,0,1,NULL),(3853,135,19,105,580.000,6,1,NULL),(3854,135,20,59,378.000,1,1,NULL),(3855,135,21,2,384.000,6,1,NULL),(3856,135,22,34,146.000,2,1,NULL),(3857,135,23,64,186.000,5,1,NULL),(3858,135,24,100,527.000,2,1,NULL),(3859,135,25,142,564.000,3,1,NULL),(3860,135,26,126,467.000,5,1,NULL),(3861,135,27,15,427.000,5,1,NULL),(3862,135,28,109,448.000,6,1,NULL),(3863,135,29,17,514.000,4,1,NULL),(3864,135,30,94,314.000,1,1,NULL),(3865,136,1,139,225.000,4,1,NULL),(3866,136,2,148,253.000,4,1,NULL),(3867,136,3,131,586.000,2,1,NULL),(3868,136,4,48,164.000,0,1,NULL),(3869,136,5,24,312.000,6,1,NULL),(3870,136,6,1,373.000,6,1,NULL),(3871,136,7,42,520.000,5,1,NULL),(3872,136,8,149,231.000,2,1,NULL),(3873,136,9,103,363.000,3,1,NULL),(3874,136,10,62,141.000,2,1,NULL),(3875,136,11,4,383.000,4,1,NULL),(3876,136,12,121,153.000,6,1,NULL),(3877,136,13,33,275.000,1,1,NULL),(3878,136,14,81,589.000,3,1,NULL),(3879,136,15,143,148.000,5,1,NULL),(3880,136,16,38,287.000,2,1,NULL),(3881,136,17,73,532.000,0,1,NULL),(3882,136,18,46,307.000,2,1,NULL),(3883,136,19,66,167.000,2,1,NULL),(3884,136,20,8,442.000,2,1,NULL),(3885,136,21,27,168.000,3,1,NULL),(3886,136,22,26,334.000,6,1,NULL),(3887,136,23,130,526.000,3,1,NULL),(3888,136,24,114,158.000,5,1,NULL),(3889,136,25,80,436.000,2,1,NULL),(3890,136,26,68,449.000,7,1,NULL),(3891,136,27,20,499.000,4,1,NULL),(3892,136,28,147,349.000,5,1,NULL),(3893,136,29,107,185.000,1,1,NULL),(3894,136,30,90,137.000,3,1,NULL),(3895,149,1,109,246.000,5,1,NULL),(3896,149,2,6,480.000,2,1,NULL),(3897,149,3,4,281.000,4,1,NULL),(3898,149,4,113,578.000,5,1,NULL),(3899,149,5,117,247.000,4,1,NULL),(3900,149,6,81,263.000,2,1,NULL),(3901,149,7,13,516.000,3,1,NULL),(3902,149,8,136,190.000,7,1,NULL),(3903,149,9,88,443.000,6,1,NULL),(3904,149,10,132,382.000,2,1,NULL),(3905,149,11,40,299.000,5,1,NULL),(3906,149,12,147,491.000,7,1,NULL),(3907,149,13,100,165.000,0,1,NULL),(3908,149,14,2,241.000,7,1,NULL),(3909,149,15,131,538.000,5,1,NULL),(3910,149,16,91,535.000,0,1,NULL),(3911,149,17,68,129.000,4,1,NULL),(3912,149,18,31,358.000,6,1,NULL),(3913,149,19,94,527.000,7,1,NULL),(3914,149,20,20,375.000,5,1,NULL),(3915,149,21,129,500.000,7,1,NULL),(3916,149,22,80,175.000,6,1,NULL),(3917,149,23,38,534.000,5,1,NULL),(3918,149,24,115,495.000,4,1,NULL),(3919,149,25,49,576.000,6,1,NULL),(3920,149,26,70,238.000,0,1,NULL),(3921,149,27,11,380.000,3,1,NULL),(3922,149,28,107,304.000,6,1,NULL),(3923,149,29,145,149.000,2,1,NULL),(3924,149,30,34,200.000,6,1,NULL),(3925,150,1,9,436.000,2,1,NULL),(3926,150,2,14,181.000,0,1,NULL),(3927,150,3,87,287.000,6,1,NULL),(3928,150,4,124,534.000,6,1,NULL),(3929,150,5,61,398.000,4,1,NULL),(3930,150,6,32,302.000,5,1,NULL),(3931,150,7,27,131.000,5,1,NULL),(3932,150,8,19,539.000,3,1,NULL),(3933,150,9,122,399.000,6,1,NULL),(3934,150,10,55,488.000,2,1,NULL),(3935,150,11,111,155.000,5,1,NULL),(3936,150,12,5,146.000,5,1,NULL),(3937,150,13,41,329.000,5,1,NULL),(3938,150,14,69,501.000,1,1,NULL),(3939,150,15,134,307.000,5,1,NULL),(3940,150,16,110,207.000,3,1,NULL),(3941,150,17,143,182.000,0,1,NULL),(3942,150,18,108,430.000,3,1,NULL),(3943,150,19,90,574.000,1,1,NULL),(3944,150,20,77,435.000,3,1,NULL),(3945,150,21,48,319.000,0,1,NULL),(3946,150,22,17,354.000,3,1,NULL),(3947,150,23,74,341.000,1,1,NULL),(3948,150,24,66,515.000,4,1,NULL),(3949,150,25,127,224.000,4,1,NULL),(3950,150,26,22,421.000,5,1,NULL),(3951,150,27,45,432.000,4,1,NULL),(3952,150,28,119,200.000,4,1,NULL),(3953,150,29,63,248.000,3,1,NULL),(3954,150,30,140,514.000,5,1,NULL),(3955,129,1,5,295.000,3,1,NULL),(3956,129,2,149,445.000,3,1,NULL),(3957,129,3,48,355.000,6,1,NULL),(3958,129,4,121,402.000,7,1,NULL),(3959,129,5,18,459.000,7,1,NULL),(3960,129,6,36,400.000,5,1,NULL),(3961,129,7,142,564.000,1,1,NULL),(3962,129,8,38,148.000,5,1,NULL),(3963,129,9,19,311.000,2,1,NULL),(3964,129,10,75,366.000,6,1,NULL),(3965,129,11,105,142.000,7,1,NULL),(3966,129,12,150,541.000,2,1,NULL),(3967,129,13,56,472.000,4,1,NULL),(3968,129,14,26,177.000,4,1,NULL),(3969,129,15,6,368.000,2,1,NULL),(3970,129,16,35,218.000,1,1,NULL),(3971,129,17,69,304.000,1,1,NULL),(3972,129,18,46,469.000,7,1,NULL),(3973,129,19,22,127.000,3,1,NULL),(3974,129,20,61,563.000,5,1,NULL),(3975,129,21,134,387.000,4,1,NULL),(3976,129,22,144,231.000,3,1,NULL),(3977,129,23,67,174.000,6,1,NULL),(3978,129,24,141,477.000,2,1,NULL),(3979,129,25,130,590.000,4,1,NULL),(3980,129,26,62,472.000,4,1,NULL),(3981,129,27,71,182.000,2,1,NULL),(3982,129,28,145,522.000,4,1,NULL),(3983,129,29,116,468.000,2,1,NULL),(3984,129,30,114,508.000,1,1,NULL),(3985,130,1,63,450.000,4,1,NULL),(3986,130,2,15,326.000,3,1,NULL),(3987,130,3,125,569.000,5,1,NULL),(3988,130,4,99,492.000,6,1,NULL),(3989,130,5,94,148.000,3,1,NULL),(3990,130,6,50,240.000,7,1,NULL),(3991,130,7,89,137.000,4,1,NULL),(3992,130,8,97,565.000,7,1,NULL),(3993,130,9,30,401.000,6,1,NULL),(3994,130,10,40,447.000,1,1,NULL),(3995,130,11,91,129.000,6,1,NULL),(3996,130,12,85,517.000,2,1,NULL),(3997,130,13,37,265.000,7,1,NULL),(3998,130,14,115,338.000,5,1,NULL),(3999,130,15,32,427.000,6,1,NULL),(4000,130,16,128,467.000,4,1,NULL),(4001,130,17,133,258.000,6,1,NULL),(4002,130,18,31,299.000,1,1,NULL),(4003,130,19,76,435.000,7,1,NULL),(4004,130,20,98,370.000,5,1,NULL),(4005,130,21,52,512.000,5,1,NULL),(4006,130,22,8,150.000,7,1,NULL),(4007,130,23,119,190.000,5,1,NULL),(4008,130,24,20,584.000,1,1,NULL),(4009,130,25,68,198.000,1,1,NULL),(4010,130,26,148,345.000,1,1,NULL),(4011,130,27,78,271.000,1,1,NULL),(4012,130,28,55,236.000,7,1,NULL),(4013,130,29,93,263.000,6,1,NULL),(4014,130,30,109,412.000,3,1,NULL),(4015,139,1,50,579.000,6,1,NULL),(4016,139,2,58,498.000,2,1,NULL),(4017,139,3,136,359.000,3,1,NULL),(4018,139,4,7,477.000,1,1,NULL),(4019,139,5,3,422.000,4,1,NULL),(4020,139,6,19,213.000,2,1,NULL),(4021,139,7,89,507.000,0,1,NULL),(4022,139,8,33,359.000,6,1,NULL),(4023,139,9,146,300.000,5,1,NULL),(4024,139,10,14,394.000,3,1,NULL),(4025,139,11,2,229.000,0,1,NULL),(4026,139,12,44,366.000,1,1,NULL),(4027,139,13,87,286.000,0,1,NULL),(4028,139,14,48,510.000,6,1,NULL),(4029,139,15,10,497.000,2,1,NULL),(4030,139,16,103,187.000,1,1,NULL),(4031,139,17,112,246.000,2,1,NULL),(4032,139,18,126,208.000,6,1,NULL),(4033,139,19,133,556.000,4,1,NULL),(4034,139,20,118,180.000,4,1,NULL),(4035,139,21,35,550.000,2,1,NULL),(4036,139,22,49,252.000,0,1,NULL),(4037,139,23,17,214.000,4,1,NULL),(4038,139,24,82,286.000,1,1,NULL),(4039,139,25,73,462.000,4,1,NULL),(4040,139,26,1,364.000,0,1,NULL),(4041,139,27,18,373.000,4,1,NULL),(4042,139,28,12,539.000,5,1,NULL),(4043,139,29,75,598.000,5,1,NULL),(4044,139,30,8,526.000,0,1,NULL),(4045,140,1,117,512.000,3,1,NULL),(4046,140,2,101,291.000,1,1,NULL),(4047,140,3,134,223.000,5,1,NULL),(4048,140,4,129,314.000,2,1,NULL),(4049,140,5,40,497.000,1,1,NULL),(4050,140,6,144,452.000,3,1,NULL),(4051,140,7,72,211.000,4,1,NULL),(4052,140,8,37,351.000,5,1,NULL),(4053,140,9,21,144.000,5,1,NULL),(4054,140,10,36,189.000,4,1,NULL),(4055,140,11,5,408.000,3,1,NULL),(4056,140,12,80,237.000,0,1,NULL),(4057,140,13,107,589.000,2,1,NULL),(4058,140,14,147,436.000,5,1,NULL),(4059,140,15,29,241.000,1,1,NULL),(4060,140,16,68,245.000,6,1,NULL),(4061,140,17,116,243.000,0,1,NULL),(4062,140,18,140,251.000,6,1,NULL),(4063,140,19,57,388.000,4,1,NULL),(4064,140,20,125,294.000,5,1,NULL),(4065,140,21,124,170.000,2,1,NULL),(4066,140,22,42,409.000,4,1,NULL),(4067,140,23,135,519.000,1,1,NULL),(4068,140,24,127,168.000,3,1,NULL),(4069,140,25,77,401.000,6,1,NULL),(4070,140,26,130,478.000,3,1,NULL),(4071,140,27,99,203.000,5,1,NULL),(4072,140,28,100,530.000,2,1,NULL),(4073,140,29,104,496.000,6,1,NULL),(4074,140,30,123,272.000,3,1,NULL),(4075,127,1,105,324.000,7,1,NULL),(4076,127,2,96,576.000,6,1,NULL),(4077,127,3,28,248.000,8,1,NULL),(4078,127,4,87,441.000,0,1,NULL),(4079,127,5,2,591.000,2,1,NULL),(4080,127,6,17,526.000,0,1,NULL),(4081,127,7,63,275.000,1,1,NULL),(4082,127,8,93,158.000,3,1,NULL),(4083,127,9,25,305.000,3,1,NULL),(4084,127,10,52,411.000,1,1,NULL),(4085,127,11,95,576.000,1,1,NULL),(4086,127,12,136,539.000,2,1,NULL),(4087,127,13,18,487.000,3,1,NULL),(4088,127,14,121,209.000,3,1,NULL),(4089,127,15,76,574.000,6,1,NULL),(4090,127,16,100,437.000,4,1,NULL),(4091,127,17,123,583.000,2,1,NULL),(4092,127,18,111,591.000,3,1,NULL),(4093,127,19,120,198.000,2,1,NULL),(4094,127,20,85,452.000,0,1,NULL),(4095,127,21,65,178.000,0,1,NULL),(4096,127,22,88,387.000,1,1,NULL),(4097,127,23,20,151.000,8,1,NULL),(4098,127,24,27,460.000,8,1,NULL),(4099,127,25,101,163.000,6,1,NULL),(4100,127,26,116,126.000,5,1,NULL),(4101,127,27,143,360.000,1,1,NULL),(4102,127,28,141,189.000,8,1,NULL),(4103,127,29,30,185.000,5,1,NULL),(4104,127,30,80,256.000,6,1,NULL),(4105,128,1,16,297.000,3,1,NULL),(4106,128,2,54,223.000,2,1,NULL),(4107,128,3,33,231.000,5,1,NULL),(4108,128,4,83,512.000,7,1,NULL),(4109,128,5,129,277.000,7,1,NULL),(4110,128,6,103,318.000,6,1,NULL),(4111,128,7,37,454.000,6,1,NULL),(4112,128,8,147,462.000,2,1,NULL),(4113,128,9,60,392.000,7,1,NULL),(4114,128,10,12,122.000,1,1,NULL),(4115,128,11,82,190.000,1,1,NULL),(4116,128,12,47,584.000,4,1,NULL),(4117,128,13,92,398.000,1,1,NULL),(4118,128,14,97,551.000,6,1,NULL),(4119,128,15,7,318.000,8,1,NULL),(4120,128,16,36,175.000,6,1,NULL),(4121,128,17,142,248.000,4,1,NULL),(4122,128,18,3,573.000,0,1,NULL),(4123,128,19,10,225.000,7,1,NULL),(4124,128,20,24,245.000,6,1,NULL),(4125,128,21,38,500.000,0,1,NULL),(4126,128,22,122,475.000,4,1,NULL),(4127,128,23,102,563.000,4,1,NULL),(4128,128,24,6,545.000,4,1,NULL),(4129,128,25,131,553.000,6,1,NULL),(4130,128,26,64,473.000,0,1,NULL),(4131,128,27,4,242.000,4,1,NULL),(4132,128,28,98,409.000,0,1,NULL),(4133,128,29,94,509.000,0,1,NULL),(4134,128,30,42,243.000,7,1,NULL),(4135,141,1,87,186.000,0,1,NULL),(4136,141,2,1,300.000,1,1,NULL),(4137,141,3,64,401.000,0,1,NULL),(4138,141,4,82,224.000,5,1,NULL),(4139,141,5,139,380.000,2,1,NULL),(4140,141,6,47,321.000,4,1,NULL),(4141,141,7,68,415.000,5,1,NULL),(4142,141,8,38,266.000,2,1,NULL),(4143,141,9,114,569.000,2,1,NULL),(4144,141,10,62,456.000,2,1,NULL),(4145,141,11,144,597.000,5,1,NULL),(4146,141,12,71,443.000,3,1,NULL),(4147,141,13,5,374.000,1,1,NULL),(4148,141,14,15,137.000,4,1,NULL),(4149,141,15,78,206.000,6,1,NULL),(4150,141,16,26,520.000,0,1,NULL),(4151,141,17,21,267.000,2,1,NULL),(4152,141,18,41,370.000,4,1,NULL),(4153,141,19,145,162.000,6,1,NULL),(4154,141,20,32,218.000,5,1,NULL),(4155,141,21,120,148.000,0,1,NULL),(4156,141,22,74,262.000,2,1,NULL),(4157,141,23,23,269.000,1,1,NULL),(4158,141,24,8,439.000,5,1,NULL),(4159,141,25,95,518.000,4,1,NULL),(4160,141,26,16,229.000,1,1,NULL),(4161,141,27,138,343.000,2,1,NULL),(4162,141,28,9,357.000,4,1,NULL),(4163,141,29,102,456.000,6,1,NULL),(4164,141,30,34,267.000,3,1,NULL),(4165,142,1,12,466.000,5,1,NULL),(4166,142,2,89,222.000,0,1,NULL),(4167,142,3,127,252.000,3,1,NULL),(4168,142,4,43,584.000,7,1,NULL),(4169,142,5,45,525.000,6,1,NULL),(4170,142,6,18,342.000,5,1,NULL),(4171,142,7,130,474.000,3,1,NULL),(4172,142,8,13,511.000,2,1,NULL),(4173,142,9,61,252.000,1,1,NULL),(4174,142,10,59,510.000,1,1,NULL),(4175,142,11,123,136.000,4,1,NULL),(4176,142,12,115,447.000,3,1,NULL),(4177,142,13,33,533.000,7,1,NULL),(4178,142,14,73,479.000,4,1,NULL),(4179,142,15,118,465.000,0,1,NULL),(4180,142,16,88,431.000,2,1,NULL),(4181,142,17,29,581.000,3,1,NULL),(4182,142,18,100,343.000,1,1,NULL),(4183,142,19,36,581.000,5,1,NULL),(4184,142,20,14,317.000,0,1,NULL),(4185,142,21,124,599.000,6,1,NULL),(4186,142,22,70,570.000,7,1,NULL),(4187,142,23,53,125.000,0,1,NULL),(4188,142,24,83,194.000,0,1,NULL),(4189,142,25,80,393.000,5,1,NULL),(4190,142,26,109,232.000,5,1,NULL),(4191,142,27,65,142.000,4,1,NULL),(4192,142,28,86,338.000,1,1,NULL),(4193,142,29,149,353.000,2,1,NULL),(4194,142,30,129,555.000,1,1,NULL),(4195,151,1,150,334.000,8,1,NULL),(4196,151,2,13,583.000,6,1,NULL),(4197,151,3,2,187.000,5,1,NULL),(4198,151,4,138,334.000,4,1,NULL),(4199,151,5,21,184.000,2,1,NULL),(4200,151,6,70,356.000,6,1,NULL),(4201,151,7,11,453.000,3,1,NULL),(4202,151,8,111,392.000,4,1,NULL),(4203,151,9,43,542.000,1,1,NULL),(4204,151,10,65,146.000,4,1,NULL),(4205,151,11,71,347.000,2,1,NULL),(4206,151,12,9,291.000,0,1,NULL),(4207,151,13,33,248.000,5,1,NULL),(4208,151,14,127,246.000,2,1,NULL),(4209,151,15,79,499.000,8,1,NULL),(4210,151,16,45,135.000,1,1,NULL),(4211,151,17,148,439.000,8,1,NULL),(4212,151,18,15,533.000,7,1,NULL),(4213,151,19,78,551.000,6,1,NULL),(4214,151,20,34,309.000,5,1,NULL),(4215,151,21,105,551.000,3,1,NULL),(4216,151,22,77,524.000,8,1,NULL),(4217,151,23,131,566.000,1,1,NULL),(4218,151,24,112,580.000,1,1,NULL),(4219,151,25,6,168.000,4,1,NULL),(4220,151,26,22,515.000,6,1,NULL),(4221,151,27,3,578.000,6,1,NULL),(4222,151,28,17,470.000,5,1,NULL),(4223,151,29,141,236.000,1,1,NULL),(4224,151,30,83,344.000,1,1,NULL),(4225,152,1,39,408.000,7,1,NULL),(4226,152,2,137,456.000,1,1,NULL),(4227,152,3,67,279.000,2,1,NULL),(4228,152,4,66,145.000,6,1,NULL),(4229,152,5,107,205.000,5,1,NULL),(4230,152,6,16,307.000,1,1,NULL),(4231,152,7,58,185.000,8,1,NULL),(4232,152,8,97,409.000,7,1,NULL),(4233,152,9,149,589.000,5,1,NULL),(4234,152,10,128,516.000,1,1,NULL),(4235,152,11,85,353.000,3,1,NULL),(4236,152,12,61,544.000,7,1,NULL),(4237,152,13,14,209.000,7,1,NULL),(4238,152,14,10,207.000,1,1,NULL),(4239,152,15,89,442.000,0,1,NULL),(4240,152,16,146,237.000,5,1,NULL),(4241,152,17,87,265.000,7,1,NULL),(4242,152,18,120,448.000,0,1,NULL),(4243,152,19,28,434.000,7,1,NULL),(4244,152,20,26,322.000,8,1,NULL),(4245,152,21,36,283.000,6,1,NULL),(4246,152,22,122,420.000,2,1,NULL),(4247,152,23,57,448.000,2,1,NULL),(4248,152,24,1,297.000,4,1,NULL),(4249,152,25,147,484.000,2,1,NULL),(4250,152,26,91,368.000,3,1,NULL),(4251,152,27,64,319.000,8,1,NULL),(4252,152,28,100,585.000,6,1,NULL),(4253,152,29,4,567.000,7,1,NULL),(4254,152,30,72,189.000,6,1,NULL),(4255,143,1,36,206.000,0,1,NULL),(4256,143,2,147,500.000,6,1,NULL),(4257,143,3,75,365.000,3,1,NULL),(4258,143,4,26,284.000,3,1,NULL),(4259,143,5,67,170.000,0,1,NULL),(4260,143,6,11,290.000,5,1,NULL),(4261,143,7,100,317.000,6,1,NULL),(4262,143,8,66,335.000,1,1,NULL),(4263,143,9,38,315.000,6,1,NULL),(4264,143,10,145,419.000,1,1,NULL),(4265,143,11,74,317.000,1,1,NULL),(4266,143,12,8,203.000,5,1,NULL),(4267,143,13,40,578.000,4,1,NULL),(4268,143,14,105,218.000,0,1,NULL),(4269,143,15,131,293.000,2,1,NULL),(4270,143,16,28,331.000,6,1,NULL),(4271,143,17,118,357.000,0,1,NULL),(4272,143,18,30,566.000,6,1,NULL),(4273,143,19,15,258.000,1,1,NULL),(4274,143,20,47,441.000,4,1,NULL),(4275,143,21,88,551.000,3,1,NULL),(4276,143,22,87,181.000,2,1,NULL),(4277,143,23,22,460.000,0,1,NULL),(4278,143,24,25,147.000,4,1,NULL),(4279,143,25,6,266.000,3,1,NULL),(4280,143,26,124,418.000,0,1,NULL),(4281,143,27,62,501.000,5,1,NULL),(4282,143,28,136,330.000,5,1,NULL),(4283,143,29,79,460.000,3,1,NULL),(4284,143,30,34,506.000,4,1,NULL),(4285,144,1,98,399.000,6,1,NULL),(4286,144,2,4,342.000,1,1,NULL),(4287,144,3,7,230.000,2,1,NULL),(4288,144,4,41,258.000,4,1,NULL),(4289,144,5,32,218.000,1,1,NULL),(4290,144,6,129,168.000,1,1,NULL),(4291,144,7,92,162.000,5,1,NULL),(4292,144,8,139,483.000,6,1,NULL),(4293,144,9,44,334.000,1,1,NULL),(4294,144,10,135,412.000,5,1,NULL),(4295,144,11,82,567.000,5,1,NULL),(4296,144,12,31,208.000,5,1,NULL),(4297,144,13,55,351.000,4,1,NULL),(4298,144,14,128,520.000,1,1,NULL),(4299,144,15,23,494.000,4,1,NULL),(4300,144,16,60,291.000,2,1,NULL),(4301,144,17,122,212.000,3,1,NULL),(4302,144,18,133,224.000,6,1,NULL),(4303,144,19,97,360.000,0,1,NULL),(4304,144,20,13,405.000,3,1,NULL),(4305,144,21,121,371.000,4,1,NULL),(4306,144,22,18,495.000,1,1,NULL),(4307,144,23,53,132.000,3,1,NULL),(4308,144,24,130,295.000,3,1,NULL),(4309,144,25,2,245.000,3,1,NULL),(4310,144,26,103,260.000,4,1,NULL),(4311,144,27,65,286.000,3,1,NULL),(4312,144,28,125,215.000,0,1,NULL),(4313,144,29,137,208.000,4,1,NULL),(4314,144,30,29,439.000,5,1,NULL),(4315,153,1,127,271.000,1,1,NULL),(4316,153,2,82,506.000,0,1,NULL),(4317,153,3,7,480.000,0,1,NULL),(4318,153,4,8,269.000,6,1,NULL),(4319,153,5,76,230.000,3,1,NULL),(4320,153,6,137,499.000,2,1,NULL),(4321,153,7,33,590.000,6,1,NULL),(4322,153,8,106,558.000,7,1,NULL),(4323,153,9,78,362.000,0,1,NULL),(4324,153,10,54,210.000,6,1,NULL),(4325,153,11,32,331.000,8,1,NULL),(4326,153,12,29,250.000,1,1,NULL),(4327,153,13,12,312.000,3,1,NULL),(4328,153,14,39,260.000,5,1,NULL),(4329,153,15,16,148.000,7,1,NULL),(4330,153,16,74,476.000,7,1,NULL),(4331,153,17,112,594.000,0,1,NULL),(4332,153,18,3,470.000,8,1,NULL),(4333,153,19,68,511.000,1,1,NULL),(4334,153,20,71,543.000,4,1,NULL),(4335,154,1,100,569.000,7,1,NULL),(4336,154,2,41,520.000,7,1,NULL),(4337,154,3,61,270.000,3,1,NULL),(4338,154,4,23,409.000,7,1,NULL),(4339,154,5,142,121.000,3,1,NULL),(4340,154,6,37,573.000,3,1,NULL),(4341,154,7,19,562.000,6,1,NULL),(4342,154,8,148,324.000,4,1,NULL),(4343,154,9,80,478.000,2,1,NULL),(4344,154,10,79,156.000,2,1,NULL),(4345,154,11,139,142.000,0,1,NULL),(4346,154,12,14,550.000,6,1,NULL),(4347,154,13,17,246.000,0,1,NULL),(4348,154,14,31,467.000,7,1,NULL),(4349,154,15,45,174.000,2,1,NULL),(4350,154,16,97,540.000,6,1,NULL),(4351,154,17,46,420.000,0,1,NULL),(4352,154,18,84,242.000,3,1,NULL),(4353,154,19,117,522.000,0,1,NULL),(4354,154,20,124,202.000,2,1,NULL),(4355,131,1,28,509.000,0,1,NULL),(4356,131,2,135,529.000,2,1,NULL),(4357,131,3,119,483.000,0,1,NULL),(4358,131,4,54,332.000,4,1,NULL),(4359,131,5,56,516.000,3,1,NULL),(4360,131,6,116,382.000,3,1,NULL),(4361,131,7,55,581.000,4,1,NULL),(4362,131,8,90,536.000,7,1,NULL),(4363,131,9,86,334.000,2,1,NULL),(4364,131,10,23,414.000,6,1,NULL),(4365,131,11,104,374.000,1,1,NULL),(4366,131,12,46,176.000,2,1,NULL),(4367,131,13,5,204.000,1,1,NULL),(4368,131,14,136,192.000,3,1,NULL),(4369,131,15,101,305.000,0,1,NULL),(4370,131,16,29,186.000,1,1,NULL),(4371,131,17,17,479.000,2,1,NULL),(4372,131,18,42,547.000,3,1,NULL),(4373,131,19,148,234.000,6,1,NULL),(4374,131,20,15,506.000,5,1,NULL),(4375,131,21,108,269.000,6,1,NULL),(4376,131,22,21,176.000,6,1,NULL),(4377,131,23,102,433.000,7,1,NULL),(4378,131,24,147,340.000,6,1,NULL),(4379,131,25,7,141.000,4,1,NULL),(4380,131,26,83,168.000,1,1,NULL),(4381,132,1,57,216.000,1,1,NULL),(4382,132,2,34,430.000,3,1,NULL),(4383,132,3,140,493.000,1,1,NULL),(4384,132,4,10,212.000,6,1,NULL),(4385,132,5,143,452.000,7,1,NULL),(4386,132,6,128,174.000,2,1,NULL),(4387,132,7,125,433.000,4,1,NULL),(4388,132,8,31,516.000,1,1,NULL),(4389,132,9,70,523.000,7,1,NULL),(4390,132,10,126,142.000,4,1,NULL),(4391,132,11,92,542.000,5,1,NULL),(4392,132,12,97,252.000,5,1,NULL),(4393,132,13,120,394.000,2,1,NULL),(4394,132,14,144,584.000,2,1,NULL),(4395,132,15,59,446.000,6,1,NULL),(4396,132,16,88,557.000,1,1,NULL),(4397,132,17,122,507.000,1,1,NULL),(4398,132,18,37,302.000,2,1,NULL),(4399,132,19,100,336.000,2,1,NULL),(4400,132,20,14,204.000,4,1,NULL),(4401,132,21,113,195.000,6,1,NULL),(4402,132,22,81,339.000,2,1,NULL),(4403,132,23,67,418.000,6,1,NULL),(4404,132,24,110,130.000,7,1,NULL),(4405,132,25,139,404.000,2,1,NULL),(4406,137,1,145,599.000,8,1,NULL),(4407,137,2,3,211.000,7,1,NULL),(4408,137,3,9,323.000,5,1,NULL),(4409,137,4,12,258.000,4,1,NULL),(4410,137,5,78,452.000,3,1,NULL),(4411,137,6,57,250.000,8,1,NULL),(4412,137,7,137,218.000,3,1,NULL),(4413,137,8,117,435.000,8,1,NULL),(4414,137,9,114,480.000,2,1,NULL),(4415,137,10,61,305.000,6,1,NULL),(4416,137,11,88,263.000,2,1,NULL),(4417,137,12,112,395.000,7,1,NULL),(4418,137,13,91,283.000,0,1,NULL),(4419,137,14,131,482.000,5,1,NULL),(4420,137,15,73,225.000,0,1,NULL),(4421,137,16,96,453.000,5,1,NULL),(4422,137,17,21,559.000,4,1,NULL),(4423,137,18,69,222.000,1,1,NULL),(4424,137,19,132,290.000,2,1,NULL),(4425,137,20,140,371.000,8,1,NULL),(4426,137,21,42,457.000,4,1,NULL),(4427,137,22,94,230.000,7,1,NULL),(4428,137,23,90,258.000,1,1,NULL),(4429,137,24,108,491.000,1,1,NULL),(4430,137,25,144,296.000,5,1,NULL),(4431,137,26,64,485.000,2,1,NULL),(4432,137,27,139,161.000,8,1,NULL),(4433,137,28,40,144.000,5,1,NULL),(4434,138,1,77,379.000,1,1,NULL),(4435,138,2,142,426.000,3,1,NULL),(4436,138,3,147,224.000,6,1,NULL),(4437,138,4,28,239.000,5,1,NULL),(4438,138,5,110,368.000,4,1,NULL),(4439,138,6,109,159.000,2,1,NULL),(4440,138,7,138,386.000,6,1,NULL),(4441,138,8,70,295.000,4,1,NULL),(4442,138,9,4,511.000,0,1,NULL),(4443,138,10,39,122.000,3,1,NULL),(4444,138,11,122,364.000,6,1,NULL),(4445,138,12,58,589.000,0,1,NULL),(4446,138,13,31,451.000,4,1,NULL),(4447,138,14,120,479.000,3,1,NULL),(4448,138,15,7,424.000,1,1,NULL),(4449,138,16,14,282.000,2,1,NULL),(4450,138,17,2,216.000,2,1,NULL),(4451,138,18,17,311.000,5,1,NULL),(4452,138,19,11,244.000,4,1,NULL),(4453,138,20,1,436.000,5,1,NULL),(4454,138,21,41,184.000,1,1,NULL),(4455,138,22,84,423.000,0,1,NULL),(4456,138,23,87,163.000,2,1,NULL),(4457,138,24,130,406.000,5,1,NULL),(4458,138,25,125,506.000,4,1,NULL),(4459,138,26,141,385.000,0,1,NULL),(4460,138,27,98,539.000,3,1,NULL),(4461,168,1,15,126.000,4,1,NULL),(4462,168,2,73,449.000,0,1,NULL),(4463,168,3,85,538.000,0,1,NULL),(4464,168,4,110,393.000,7,1,NULL),(4465,168,5,138,352.000,7,1,NULL),(4466,168,6,150,155.000,2,1,NULL),(4467,168,7,39,291.000,7,1,NULL),(4468,168,8,76,346.000,6,1,NULL),(4469,168,9,23,142.000,7,1,NULL),(4470,168,10,84,321.000,6,1,NULL),(4471,168,11,126,586.000,0,1,NULL),(4472,168,12,121,416.000,6,1,NULL),(4473,168,13,67,128.000,1,1,NULL),(4474,168,14,143,539.000,0,1,NULL),(4475,168,15,33,483.000,1,1,NULL),(4476,168,16,142,305.000,5,1,NULL),(4477,168,17,108,237.000,6,1,NULL),(4478,168,18,58,520.000,0,1,NULL),(4479,168,19,125,569.000,3,1,NULL),(4480,168,20,20,348.000,2,1,NULL),(4481,168,21,107,324.000,5,1,NULL),(4482,168,22,48,224.000,4,1,NULL),(4483,168,23,106,250.000,7,1,NULL),(4484,168,24,53,478.000,2,1,NULL),(4485,168,25,90,360.000,2,1,NULL),(4486,168,26,27,248.000,6,1,NULL),(4487,168,27,86,580.000,4,1,NULL),(4488,168,28,37,362.000,0,1,NULL),(4489,168,29,47,536.000,7,1,NULL),(4490,168,30,31,591.000,4,1,NULL),(4491,161,1,26,345.000,7,1,NULL),(4492,161,2,3,447.000,0,1,NULL),(4493,161,3,82,437.000,3,1,NULL),(4494,161,4,10,224.000,4,1,NULL),(4495,161,5,24,554.000,2,1,NULL),(4496,161,6,102,343.000,2,1,NULL),(4497,161,7,110,410.000,4,1,NULL),(4498,161,8,134,173.000,8,1,NULL),(4499,161,9,143,510.000,5,1,NULL),(4500,161,10,136,236.000,7,1,NULL),(4501,161,11,146,471.000,8,1,NULL),(4502,161,12,93,256.000,0,1,NULL),(4503,161,13,130,410.000,0,1,NULL),(4504,161,14,124,136.000,8,1,NULL),(4505,161,15,103,541.000,8,1,NULL),(4506,161,16,50,475.000,1,1,NULL),(4507,161,17,109,300.000,3,1,NULL),(4508,161,18,38,153.000,7,1,NULL),(4509,161,19,144,343.000,5,1,NULL),(4510,161,20,87,593.000,7,1,NULL),(4511,161,21,19,281.000,6,1,NULL),(4512,161,22,17,126.000,5,1,NULL),(4513,161,23,80,454.000,8,1,NULL),(4514,161,24,57,534.000,4,1,NULL),(4515,161,25,84,483.000,7,1,NULL),(4516,161,26,79,319.000,7,1,NULL),(4517,161,27,127,352.000,0,1,NULL),(4518,161,28,145,260.000,5,1,NULL),(4519,161,29,111,552.000,8,1,NULL),(4520,161,30,116,383.000,3,1,NULL),(4521,169,1,15,598.000,1,1,NULL),(4522,169,2,107,218.000,1,1,NULL),(4523,169,3,118,592.000,3,1,NULL),(4524,169,4,147,158.000,1,1,NULL),(4525,169,5,73,389.000,2,1,NULL),(4526,169,6,52,302.000,2,1,NULL),(4527,169,7,122,491.000,6,1,NULL),(4528,169,8,112,560.000,2,1,NULL),(4529,169,9,61,558.000,5,1,NULL),(4530,169,10,77,455.000,4,1,NULL),(4531,169,11,120,587.000,2,1,NULL),(4532,169,12,95,548.000,6,1,NULL),(4533,169,13,50,458.000,2,1,NULL),(4534,169,14,43,234.000,1,1,NULL),(4535,169,15,81,347.000,3,1,NULL),(4536,169,16,45,520.000,1,1,NULL),(4537,169,17,127,477.000,2,1,NULL),(4538,169,18,48,346.000,3,1,NULL),(4539,169,19,3,496.000,1,1,NULL),(4540,169,20,125,252.000,3,1,NULL),(4541,169,21,47,550.000,6,1,NULL),(4542,169,22,74,226.000,6,1,NULL),(4543,169,23,24,408.000,5,1,NULL),(4544,169,24,114,368.000,1,1,NULL),(4545,169,25,105,543.000,2,1,NULL),(4546,169,26,4,465.000,5,1,NULL),(4547,169,27,130,316.000,6,1,NULL),(4548,169,28,102,281.000,6,1,NULL),(4549,169,29,35,388.000,0,1,NULL),(4550,169,30,33,598.000,5,1,NULL),(4551,162,1,2,447.000,2,1,NULL),(4552,162,2,126,136.000,6,1,NULL),(4553,162,3,1,194.000,3,1,NULL),(4554,162,4,34,130.000,3,1,NULL),(4555,162,5,17,417.000,1,1,NULL),(4556,162,6,42,134.000,0,1,NULL),(4557,162,7,95,585.000,1,1,NULL),(4558,162,8,44,321.000,5,1,NULL),(4559,162,9,101,247.000,1,1,NULL),(4560,162,10,64,516.000,1,1,NULL),(4561,162,11,121,322.000,2,1,NULL),(4562,162,12,24,247.000,6,1,NULL),(4563,162,13,71,238.000,4,1,NULL),(4564,162,14,143,417.000,5,1,NULL),(4565,162,15,114,359.000,6,1,NULL),(4566,162,16,108,501.000,3,1,NULL),(4567,162,17,25,126.000,2,1,NULL),(4568,162,18,139,582.000,5,1,NULL),(4569,162,19,105,142.000,3,1,NULL),(4570,162,20,26,133.000,5,1,NULL),(4571,162,21,15,154.000,0,1,NULL),(4572,162,22,115,478.000,3,1,NULL),(4573,162,23,61,596.000,1,1,NULL),(4574,162,24,148,430.000,5,1,NULL),(4575,162,25,109,524.000,2,1,NULL),(4576,162,26,90,225.000,5,1,NULL),(4577,162,27,68,556.000,4,1,NULL),(4578,162,28,27,433.000,2,1,NULL),(4579,162,29,112,422.000,1,1,NULL),(4580,162,30,147,168.000,5,1,NULL),(4581,170,1,32,547.000,5,1,NULL),(4582,170,2,140,534.000,8,1,NULL),(4583,170,3,107,542.000,6,1,NULL),(4584,170,4,49,289.000,1,1,NULL),(4585,170,5,68,599.000,3,1,NULL),(4586,170,6,136,176.000,4,1,NULL),(4587,170,7,111,239.000,5,1,NULL),(4588,170,8,124,599.000,1,1,NULL),(4589,170,9,40,419.000,2,1,NULL),(4590,170,10,31,543.000,0,1,NULL),(4591,170,11,27,241.000,0,1,NULL),(4592,170,12,5,358.000,0,1,NULL),(4593,170,13,41,476.000,1,1,NULL),(4594,170,14,34,436.000,4,1,NULL),(4595,170,15,87,547.000,4,1,NULL),(4596,170,16,147,375.000,0,1,NULL),(4597,170,17,110,479.000,7,1,NULL),(4598,170,18,127,369.000,3,1,NULL),(4599,170,19,94,134.000,7,1,NULL),(4600,170,20,129,441.000,8,1,NULL),(4601,170,21,22,504.000,6,1,NULL),(4602,170,22,2,501.000,1,1,NULL),(4603,170,23,134,280.000,8,1,NULL),(4604,170,24,20,298.000,3,1,NULL),(4605,170,25,80,452.000,3,1,NULL),(4606,170,26,88,135.000,3,1,NULL),(4607,170,27,61,406.000,0,1,NULL),(4608,170,28,119,435.000,5,1,NULL),(4609,170,29,122,475.000,4,1,NULL),(4610,170,30,109,220.000,6,1,NULL),(4611,159,1,93,267.000,3,1,NULL),(4612,159,2,8,325.000,6,1,NULL),(4613,159,3,75,262.000,6,1,NULL),(4614,159,4,94,315.000,0,1,NULL),(4615,159,5,18,291.000,6,1,NULL),(4616,159,6,91,424.000,3,1,NULL),(4617,159,7,32,500.000,4,1,NULL),(4618,159,8,67,502.000,4,1,NULL),(4619,159,9,105,224.000,1,1,NULL),(4620,159,10,76,299.000,5,1,NULL),(4621,159,11,48,200.000,5,1,NULL),(4622,159,12,52,273.000,4,1,NULL),(4623,159,13,89,597.000,4,1,NULL),(4624,159,14,37,451.000,5,1,NULL),(4625,159,15,119,416.000,1,1,NULL),(4626,159,16,121,549.000,6,1,NULL),(4627,159,17,22,262.000,0,1,NULL),(4628,159,18,98,283.000,2,1,NULL),(4629,159,19,61,540.000,1,1,NULL),(4630,159,20,46,148.000,6,1,NULL),(4631,159,21,50,277.000,4,1,NULL),(4632,159,22,26,438.000,1,1,NULL),(4633,159,23,30,141.000,5,1,NULL),(4634,159,24,36,457.000,3,1,NULL),(4635,159,25,38,422.000,2,1,NULL),(4636,159,26,97,599.000,1,1,NULL),(4637,159,27,99,219.000,5,1,NULL),(4638,159,28,55,375.000,4,1,NULL),(4639,159,29,115,283.000,4,1,NULL),(4640,159,30,133,484.000,2,1,NULL),(4641,164,1,118,539.000,0,1,NULL),(4642,164,2,17,534.000,5,1,NULL),(4643,164,3,124,396.000,1,1,NULL),(4644,164,4,126,444.000,6,1,NULL),(4645,164,5,77,459.000,4,1,NULL),(4646,164,6,57,158.000,0,1,NULL),(4647,164,7,12,460.000,0,1,NULL),(4648,164,8,18,599.000,1,1,NULL),(4649,164,9,73,210.000,3,1,NULL),(4650,164,10,33,216.000,2,1,NULL),(4651,164,11,3,289.000,8,1,NULL),(4652,164,12,104,531.000,6,1,NULL),(4653,164,13,136,581.000,0,1,NULL),(4654,164,14,21,130.000,4,1,NULL),(4655,164,15,134,294.000,1,1,NULL),(4656,164,16,125,516.000,8,1,NULL),(4657,164,17,72,326.000,3,1,NULL),(4658,164,18,99,224.000,3,1,NULL),(4659,164,19,68,539.000,7,1,NULL),(4660,164,20,50,446.000,7,1,NULL),(4661,164,21,147,263.000,8,1,NULL),(4662,164,22,48,127.000,2,1,NULL),(4663,164,23,36,514.000,8,1,NULL),(4664,164,24,146,267.000,1,1,NULL),(4665,164,25,127,199.000,2,1,NULL),(4666,164,26,123,311.000,7,1,NULL),(4667,164,27,42,248.000,1,1,NULL),(4668,164,28,75,542.000,5,1,NULL),(4669,164,29,37,577.000,3,1,NULL),(4670,164,30,140,128.000,5,1,NULL),(4671,157,1,20,142.000,7,1,NULL),(4672,157,2,4,524.000,2,1,NULL),(4673,157,3,93,414.000,5,1,NULL),(4674,157,4,97,513.000,4,1,NULL),(4675,157,5,33,261.000,4,1,NULL),(4676,157,6,121,178.000,5,1,NULL),(4677,157,7,116,485.000,7,1,NULL),(4678,157,8,24,503.000,8,1,NULL),(4679,157,9,142,208.000,2,1,NULL),(4680,157,10,129,465.000,4,1,NULL),(4681,157,11,96,468.000,1,1,NULL),(4682,157,12,36,294.000,3,1,NULL),(4683,157,13,83,472.000,7,1,NULL),(4684,157,14,10,460.000,1,1,NULL),(4685,157,15,101,583.000,3,1,NULL),(4686,157,16,28,273.000,6,1,NULL),(4687,157,17,80,436.000,1,1,NULL),(4688,157,18,30,365.000,2,1,NULL),(4689,157,19,37,552.000,3,1,NULL),(4690,157,20,60,375.000,8,1,NULL),(4691,157,21,122,242.000,1,1,NULL),(4692,157,22,27,441.000,5,1,NULL),(4693,157,23,103,255.000,1,1,NULL),(4694,157,24,76,269.000,3,1,NULL),(4695,157,25,141,541.000,6,1,NULL),(4696,157,26,100,541.000,5,1,NULL),(4697,157,27,7,229.000,7,1,NULL),(4698,157,28,105,379.000,3,1,NULL),(4699,157,29,131,321.000,1,1,NULL),(4700,157,30,42,463.000,1,1,NULL),(4701,165,1,38,501.000,5,1,NULL),(4702,165,2,144,454.000,1,1,NULL),(4703,165,3,12,362.000,3,1,NULL),(4704,165,4,70,338.000,2,1,NULL),(4705,165,5,18,200.000,7,1,NULL),(4706,165,6,71,190.000,4,1,NULL),(4707,165,7,47,526.000,2,1,NULL),(4708,165,8,127,130.000,0,1,NULL),(4709,165,9,123,356.000,0,1,NULL),(4710,165,10,33,124.000,0,1,NULL),(4711,165,11,34,519.000,5,1,NULL),(4712,165,12,45,509.000,6,1,NULL),(4713,165,13,82,260.000,0,1,NULL),(4714,165,14,41,199.000,6,1,NULL),(4715,165,15,9,241.000,3,1,NULL),(4716,165,16,109,150.000,2,1,NULL),(4717,165,17,32,431.000,3,1,NULL),(4718,165,18,95,566.000,1,1,NULL),(4719,165,19,65,461.000,1,1,NULL),(4720,165,20,15,355.000,7,1,NULL),(4721,165,21,124,588.000,7,1,NULL),(4722,165,22,36,166.000,7,1,NULL),(4723,165,23,43,358.000,6,1,NULL),(4724,165,24,80,451.000,4,1,NULL),(4725,165,25,78,307.000,2,1,NULL),(4726,165,26,74,447.000,2,1,NULL),(4727,165,27,8,453.000,4,1,NULL),(4728,165,28,145,458.000,6,1,NULL),(4729,165,29,102,504.000,5,1,NULL),(4730,165,30,68,408.000,0,1,NULL),(4731,155,1,34,449.000,2,1,NULL),(4732,155,2,26,592.000,1,1,NULL),(4733,155,3,79,448.000,7,1,NULL),(4734,155,4,64,143.000,7,1,NULL),(4735,155,5,28,548.000,3,1,NULL),(4736,155,6,66,120.000,7,1,NULL),(4737,155,7,65,358.000,7,1,NULL),(4738,155,8,61,353.000,3,1,NULL),(4739,155,9,72,151.000,3,1,NULL),(4740,155,10,13,437.000,5,1,NULL),(4741,155,11,33,507.000,7,1,NULL),(4742,155,12,150,125.000,7,1,NULL),(4743,155,13,87,239.000,8,1,NULL),(4744,155,14,97,324.000,0,1,NULL),(4745,155,15,36,356.000,3,1,NULL),(4746,155,16,148,511.000,5,1,NULL),(4747,155,17,78,442.000,7,1,NULL),(4748,155,18,6,439.000,7,1,NULL),(4749,155,19,14,372.000,6,1,NULL),(4750,155,20,107,503.000,2,1,NULL),(4751,155,21,4,282.000,3,1,NULL),(4752,155,22,39,315.000,5,1,NULL),(4753,155,23,146,282.000,4,1,NULL),(4754,155,24,77,332.000,1,1,NULL),(4755,155,25,2,550.000,2,1,NULL),(4756,155,26,15,276.000,2,1,NULL),(4757,155,27,58,495.000,6,1,NULL),(4758,155,28,70,269.000,3,1,NULL),(4759,155,29,3,459.000,2,1,NULL),(4760,155,30,22,272.000,1,1,NULL),(4761,158,1,5,312.000,5,1,NULL),(4762,158,2,15,221.000,6,1,NULL),(4763,158,3,46,454.000,2,1,NULL),(4764,158,4,144,445.000,1,1,NULL),(4765,158,5,62,250.000,1,1,NULL),(4766,158,6,83,142.000,1,1,NULL),(4767,158,7,66,543.000,5,1,NULL),(4768,166,1,103,530.000,0,1,NULL),(4769,166,2,62,158.000,0,1,NULL),(4770,166,3,137,316.000,2,1,NULL),(4771,166,4,121,122.000,5,1,NULL),(4772,166,5,13,235.000,5,1,NULL),(4773,166,6,23,576.000,6,1,NULL),(4774,166,7,100,493.000,4,1,NULL),(4775,166,8,11,549.000,1,1,NULL),(4776,166,9,139,182.000,1,1,NULL),(4777,166,10,122,390.000,2,1,NULL),(4778,166,11,53,180.000,1,1,NULL),(4779,166,12,38,402.000,0,1,NULL),(4780,166,13,29,396.000,5,1,NULL),(4781,166,14,147,228.000,6,1,NULL),(4782,166,15,136,247.000,2,1,NULL),(4783,166,16,41,544.000,1,1,NULL),(4784,166,17,8,148.000,2,1,NULL),(4785,166,18,133,399.000,4,1,NULL),(4786,166,19,130,346.000,6,1,NULL),(4787,166,20,2,267.000,1,1,NULL),(4788,166,21,25,413.000,5,1,NULL),(4789,166,22,55,433.000,3,1,NULL),(4790,166,23,92,374.000,6,1,NULL),(4791,166,24,30,421.000,0,1,NULL),(4792,166,25,82,522.000,6,1,NULL),(4793,166,26,65,516.000,0,1,NULL),(4794,166,27,135,254.000,4,1,NULL),(4795,166,28,98,569.000,3,1,NULL),(4796,166,29,31,417.000,0,1,NULL),(4797,166,30,28,409.000,4,1,NULL),(4798,167,1,46,516.000,0,1,NULL),(4799,167,2,114,481.000,5,1,NULL),(4800,167,3,17,349.000,1,1,NULL),(4801,167,4,141,247.000,3,1,NULL),(4802,167,5,18,536.000,2,1,NULL),(4803,167,6,111,334.000,1,1,NULL),(4804,167,7,129,522.000,0,1,NULL),(4805,167,8,137,475.000,5,1,NULL),(4806,167,9,61,411.000,0,1,NULL),(4807,167,10,7,175.000,5,1,NULL),(4808,167,11,110,148.000,2,1,NULL),(4809,167,12,8,502.000,5,1,NULL),(4810,167,13,34,408.000,7,1,NULL),(4811,167,14,23,318.000,3,1,NULL),(4812,167,15,112,376.000,2,1,NULL),(4813,167,16,109,139.000,3,1,NULL),(4814,167,17,146,375.000,7,1,NULL),(4815,167,18,10,137.000,5,1,NULL),(4816,167,19,143,414.000,0,1,NULL),(4817,167,20,99,148.000,1,1,NULL),(4818,167,21,140,307.000,1,1,NULL),(4819,167,22,105,187.000,4,1,NULL),(4820,167,23,19,497.000,5,1,NULL),(4821,167,24,149,341.000,4,1,NULL),(4822,167,25,74,345.000,5,1,NULL),(4823,167,26,68,534.000,4,1,NULL),(4824,167,27,117,383.000,5,1,NULL),(4825,156,1,17,476.000,5,1,NULL),(4826,156,2,84,361.000,2,1,NULL),(4827,156,3,32,587.000,2,1,NULL),(4828,156,4,76,558.000,6,1,NULL),(4829,156,5,8,238.000,0,1,NULL),(4830,156,6,71,591.000,2,1,NULL),(4831,156,7,79,404.000,0,1,NULL),(4832,156,8,45,191.000,0,1,NULL),(4833,156,9,3,278.000,1,1,NULL),(4834,156,10,124,191.000,3,1,NULL),(4835,156,11,142,453.000,1,1,NULL),(4836,156,12,148,260.000,3,1,NULL),(4837,156,13,54,500.000,0,1,NULL),(4838,156,14,19,432.000,1,1,NULL),(4839,156,15,41,238.000,2,1,NULL),(4840,156,16,33,382.000,0,1,NULL),(4841,156,17,23,222.000,6,1,NULL),(4842,156,18,16,356.000,3,1,NULL),(4843,156,19,14,449.000,6,1,NULL),(4844,156,20,37,415.000,2,1,NULL),(4845,156,21,74,130.000,3,1,NULL),(4846,156,22,106,539.000,6,1,NULL),(4847,156,23,80,150.000,0,1,NULL),(4848,156,24,97,340.000,2,1,NULL),(4849,156,25,100,470.000,4,1,NULL),(4850,156,26,31,146.000,4,1,NULL),(4851,156,27,139,423.000,6,1,NULL),(4852,156,28,39,462.000,5,1,NULL),(4853,156,29,12,324.000,2,1,NULL),(4854,156,30,61,360.000,2,1,NULL),(4855,160,1,97,165.000,2,1,NULL),(4856,160,2,110,350.000,3,1,NULL),(4857,160,3,108,463.000,6,1,NULL),(4858,160,4,59,155.000,2,1,NULL),(4859,160,5,143,146.000,3,1,NULL),(4860,160,6,67,276.000,4,1,NULL),(4861,160,7,70,255.000,2,1,NULL),(4862,160,8,148,559.000,4,1,NULL),(4863,160,9,90,359.000,5,1,NULL),(4864,160,10,15,193.000,2,1,NULL),(4865,160,11,102,245.000,5,1,NULL),(4866,160,12,10,286.000,5,1,NULL),(4867,160,13,46,143.000,3,1,NULL),(4868,160,14,113,524.000,5,1,NULL),(4869,160,15,37,318.000,2,1,NULL),(4870,160,16,55,405.000,0,1,NULL),(4871,160,17,34,527.000,3,1,NULL),(4872,160,18,92,361.000,0,1,NULL),(4873,160,19,23,425.000,6,1,NULL),(4874,160,20,126,580.000,1,1,NULL),(4875,160,21,54,548.000,1,1,NULL),(4876,160,22,116,484.000,1,1,NULL),(4877,160,23,125,337.000,0,1,NULL),(4878,160,24,14,458.000,0,1,NULL),(4879,160,25,128,297.000,0,1,NULL),(4880,160,26,86,177.000,3,1,NULL),(4881,160,27,136,130.000,0,1,NULL),(4882,160,28,21,529.000,6,1,NULL),(4883,160,29,7,593.000,6,1,NULL),(4884,160,30,147,594.000,1,1,NULL),(4885,163,1,94,321.000,0,1,NULL),(4886,163,2,142,505.000,0,1,NULL),(4887,163,3,3,291.000,0,1,NULL),(4888,163,4,109,390.000,1,1,NULL),(4889,163,5,125,286.000,5,1,NULL),(4890,163,6,145,341.000,1,1,NULL),(4891,163,7,144,436.000,1,1,NULL),(4892,163,8,61,316.000,0,1,NULL),(4893,163,9,28,218.000,2,1,NULL),(4894,163,10,110,592.000,4,1,NULL),(4895,163,11,117,125.000,1,1,NULL),(4896,163,12,87,352.000,6,1,NULL),(4897,163,13,147,165.000,0,1,NULL),(4898,163,14,139,412.000,1,1,NULL),(4899,163,15,130,250.000,4,1,NULL),(4900,163,16,40,355.000,6,1,NULL),(4901,163,17,1,225.000,4,1,NULL),(4902,163,18,17,138.000,3,1,NULL),(4903,163,19,2,140.000,2,1,NULL),(4904,163,20,31,292.000,6,1,NULL),(4905,163,21,70,504.000,5,1,NULL),(4906,163,22,11,537.000,5,1,NULL),(4907,163,23,140,201.000,6,1,NULL),(4908,163,24,12,183.000,2,1,NULL),(4909,163,25,112,538.000,6,1,NULL),(4910,163,26,57,504.000,3,1,NULL),(4911,163,27,122,279.000,2,1,NULL),(4912,163,28,39,385.000,3,1,NULL),(4913,163,29,138,534.000,0,1,NULL),(4914,163,30,9,279.000,6,1,NULL);
/*!40000 ALTER TABLE `resultados` ENABLE KEYS */;
UNLOCK TABLES;

--
-- Table structure for table `role_has_permissions`
--

DROP TABLE IF EXISTS `role_has_permissions`;
/*!40101 SET @saved_cs_client     = @@character_set_client */;
/*!50503 SET character_set_client = utf8mb4 */;
CREATE TABLE `role_has_permissions` (
  `permission_id` bigint(20) unsigned NOT NULL,
  `role_id` bigint(20) unsigned NOT NULL,
  PRIMARY KEY (`permission_id`,`role_id`),
  KEY `role_has_permissions_role_id_foreign` (`role_id`),
  CONSTRAINT `role_has_permissions_permission_id_foreign` FOREIGN KEY (`permission_id`) REFERENCES `permissions` (`id`) ON DELETE CASCADE,
  CONSTRAINT `role_has_permissions_role_id_foreign` FOREIGN KEY (`role_id`) REFERENCES `roles` (`id`) ON DELETE CASCADE
) ENGINE=InnoDB DEFAULT CHARSET=utf8mb4 COLLATE=utf8mb4_unicode_ci;
/*!40101 SET character_set_client = @saved_cs_client */;

--
-- Dumping data for table `role_has_permissions`
--

LOCK TABLES `role_has_permissions` WRITE;
/*!40000 ALTER TABLE `role_has_permissions` DISABLE KEYS */;
/*!40000 ALTER TABLE `role_has_permissions` ENABLE KEYS */;
UNLOCK TABLES;

--
-- Table structure for table `roles`
--

DROP TABLE IF EXISTS `roles`;
/*!40101 SET @saved_cs_client     = @@character_set_client */;
/*!50503 SET character_set_client = utf8mb4 */;
CREATE TABLE `roles` (
  `id` bigint(20) unsigned NOT NULL AUTO_INCREMENT,
  `name` varchar(255) NOT NULL,
  `guard_name` varchar(255) NOT NULL,
  `created_at` timestamp NULL DEFAULT NULL,
  `updated_at` timestamp NULL DEFAULT NULL,
  PRIMARY KEY (`id`),
  UNIQUE KEY `roles_name_guard_name_unique` (`name`,`guard_name`)
) ENGINE=InnoDB AUTO_INCREMENT=4 DEFAULT CHARSET=utf8mb4 COLLATE=utf8mb4_unicode_ci;
/*!40101 SET character_set_client = @saved_cs_client */;

--
-- Dumping data for table `roles`
--

LOCK TABLES `roles` WRITE;
/*!40000 ALTER TABLE `roles` DISABLE KEYS */;
INSERT INTO `roles` VALUES (1,'admin','web','2025-03-28 11:07:18','2025-03-28 11:07:18'),(2,'juez','web','2025-03-28 11:07:18','2025-03-28 11:07:18'),(3,'participante','web','2025-03-28 11:07:18','2025-03-28 11:07:18');
/*!40000 ALTER TABLE `roles` ENABLE KEYS */;
UNLOCK TABLES;

--
-- Table structure for table `rondas`
--

DROP TABLE IF EXISTS `rondas`;
/*!40101 SET @saved_cs_client     = @@character_set_client */;
/*!50503 SET character_set_client = utf8mb4 */;
CREATE TABLE `rondas` (
  `id` bigint(20) unsigned NOT NULL AUTO_INCREMENT,
  `nombre` varchar(100) DEFAULT NULL,
  PRIMARY KEY (`id`)
) ENGINE=InnoDB AUTO_INCREMENT=5 DEFAULT CHARSET=utf8mb4 COLLATE=utf8mb4_unicode_ci;
/*!40101 SET character_set_client = @saved_cs_client */;

--
-- Dumping data for table `rondas`
--

LOCK TABLES `rondas` WRITE;
/*!40000 ALTER TABLE `rondas` DISABLE KEYS */;
INSERT INTO `rondas` VALUES (1,'Clasificación'),(2,'Cuartos de final'),(3,'Semifinales'),(4,'Final');
/*!40000 ALTER TABLE `rondas` ENABLE KEYS */;
UNLOCK TABLES;

--
-- Table structure for table `rondas_competiciones`
--

DROP TABLE IF EXISTS `rondas_competiciones`;
/*!40101 SET @saved_cs_client     = @@character_set_client */;
/*!50503 SET character_set_client = utf8mb4 */;
CREATE TABLE `rondas_competiciones` (
  `id` bigint(20) unsigned NOT NULL AUTO_INCREMENT,
  `competicion_id` bigint(20) unsigned NOT NULL,
  `ronda_id` bigint(20) unsigned NOT NULL,
  `orden` int(11) NOT NULL,
  `doble_heat` tinyint(1) NOT NULL DEFAULT 0,
  `activa` tinyint(1) NOT NULL DEFAULT 0,
  PRIMARY KEY (`id`),
  KEY `rondas_competiciones_competicion_id_foreign` (`competicion_id`),
  KEY `rondas_competiciones_ronda_id_foreign` (`ronda_id`),
  CONSTRAINT `rondas_competiciones_competicion_id_foreign` FOREIGN KEY (`competicion_id`) REFERENCES `competiciones` (`id`) ON DELETE CASCADE,
  CONSTRAINT `rondas_competiciones_ronda_id_foreign` FOREIGN KEY (`ronda_id`) REFERENCES `rondas` (`id`) ON DELETE CASCADE
) ENGINE=InnoDB AUTO_INCREMENT=49 DEFAULT CHARSET=utf8mb4 COLLATE=utf8mb4_unicode_ci;
/*!40101 SET character_set_client = @saved_cs_client */;

--
-- Dumping data for table `rondas_competiciones`
--

LOCK TABLES `rondas_competiciones` WRITE;
/*!40000 ALTER TABLE `rondas_competiciones` DISABLE KEYS */;
INSERT INTO `rondas_competiciones` VALUES (1,1,2,3,1,0),(2,1,3,2,0,0),(3,1,4,1,0,0),(4,2,1,4,1,0),(5,2,2,3,0,0),(6,2,3,2,0,0),(7,2,4,1,0,0),(8,3,1,4,1,0),(9,3,2,3,0,0),(10,3,3,2,0,0),(11,3,4,1,0,0),(12,4,1,4,1,0),(13,4,2,3,0,0),(14,4,3,2,0,0),(15,4,4,1,0,0),(16,5,1,4,1,0),(17,5,2,3,0,0),(18,5,3,2,0,0),(19,5,4,1,0,0),(20,6,2,3,1,0),(21,6,3,2,0,0),(22,6,4,1,0,0),(23,7,2,3,1,0),(24,7,3,2,0,0),(25,7,4,1,0,0),(26,8,1,4,1,0),(27,8,2,3,0,0),(28,8,3,2,0,0),(29,8,4,1,0,0),(30,9,1,4,1,0),(31,9,2,3,0,0),(32,9,3,2,0,0),(33,9,4,1,0,0),(34,10,2,3,1,0),(35,10,3,2,0,0),(36,10,4,1,0,0),(37,11,4,1,0,0),(38,12,1,4,1,0),(39,12,2,3,0,0),(40,12,3,2,0,0),(41,12,4,1,0,0),(42,13,4,1,0,0),(43,14,3,2,0,0),(44,14,4,1,0,0),(45,15,3,2,0,0),(46,15,4,1,0,0),(47,16,3,2,0,0),(48,16,4,1,0,0);
/*!40000 ALTER TABLE `rondas_competiciones` ENABLE KEYS */;
UNLOCK TABLES;

--
-- Table structure for table `sessions`
--

DROP TABLE IF EXISTS `sessions`;
/*!40101 SET @saved_cs_client     = @@character_set_client */;
/*!50503 SET character_set_client = utf8mb4 */;
CREATE TABLE `sessions` (
  `id` varchar(255) NOT NULL,
  `user_id` bigint(20) unsigned DEFAULT NULL,
  `ip_address` varchar(45) DEFAULT NULL,
  `user_agent` text DEFAULT NULL,
  `payload` longtext NOT NULL,
  `last_activity` int(11) NOT NULL,
  PRIMARY KEY (`id`),
  KEY `sessions_user_id_index` (`user_id`),
  KEY `sessions_last_activity_index` (`last_activity`)
) ENGINE=InnoDB DEFAULT CHARSET=utf8mb4 COLLATE=utf8mb4_unicode_ci;
/*!40101 SET character_set_client = @saved_cs_client */;

--
-- Dumping data for table `sessions`
--

LOCK TABLES `sessions` WRITE;
/*!40000 ALTER TABLE `sessions` DISABLE KEYS */;
INSERT INTO `sessions` VALUES ('x1C0T8H5bYbo3jJPncsBftLvlJENOesZv9TqqUwc',NULL,'127.0.0.1','Mozilla/5.0 (Windows NT 10.0; Win64; x64) AppleWebKit/537.36 (KHTML, like Gecko) Chrome/134.0.0.0 Safari/537.36','YTozOntzOjY6Il90b2tlbiI7czo0MDoiVkFNUVB4S1pBMTNtNk5NemJNV0xDTEFJcFZXWllwdkk2MnJ3clVmVSI7czo5OiJfcHJldmlvdXMiO2E6MTp7czozOiJ1cmwiO3M6MjE6Imh0dHA6Ly8xMjcuMC4wLjE6ODAwMCI7fXM6NjoiX2ZsYXNoIjthOjI6e3M6Mzoib2xkIjthOjA6e31zOjM6Im5ldyI7YTowOnt9fX0=',1743193165);
/*!40000 ALTER TABLE `sessions` ENABLE KEYS */;
UNLOCK TABLES;

--
-- Table structure for table `tags`
--

DROP TABLE IF EXISTS `tags`;
/*!40101 SET @saved_cs_client     = @@character_set_client */;
/*!50503 SET character_set_client = utf8mb4 */;
CREATE TABLE `tags` (
  `id` bigint(20) unsigned NOT NULL AUTO_INCREMENT,
  `nombre` varchar(100) NOT NULL,
  `slug` varchar(100) NOT NULL,
  PRIMARY KEY (`id`),
  UNIQUE KEY `tags_nombre_unique` (`nombre`),
  UNIQUE KEY `tags_slug_unique` (`slug`)
) ENGINE=InnoDB DEFAULT CHARSET=utf8mb4 COLLATE=utf8mb4_unicode_ci;
/*!40101 SET character_set_client = @saved_cs_client */;

--
-- Dumping data for table `tags`
--

LOCK TABLES `tags` WRITE;
/*!40000 ALTER TABLE `tags` DISABLE KEYS */;
/*!40000 ALTER TABLE `tags` ENABLE KEYS */;
UNLOCK TABLES;

--
-- Table structure for table `tandas`
--

DROP TABLE IF EXISTS `tandas`;
/*!40101 SET @saved_cs_client     = @@character_set_client */;
/*!50503 SET character_set_client = utf8mb4 */;
CREATE TABLE `tandas` (
  `id` bigint(20) unsigned NOT NULL AUTO_INCREMENT,
  `ronda_id` bigint(20) unsigned NOT NULL,
  `subheat` enum('A','B') DEFAULT NULL,
  `numero_competidores` int(11) NOT NULL DEFAULT 30,
  `numero_pepitas` int(11) DEFAULT NULL,
  `patrocinador_id` bigint(20) unsigned DEFAULT NULL,
  `valida` tinyint(1) NOT NULL DEFAULT 1,
  `publicada` tinyint(1) NOT NULL DEFAULT 0,
  PRIMARY KEY (`id`),
  KEY `tandas_ronda_id_foreign` (`ronda_id`),
  KEY `tandas_patrocinador_id_foreign` (`patrocinador_id`),
  CONSTRAINT `tandas_patrocinador_id_foreign` FOREIGN KEY (`patrocinador_id`) REFERENCES `patrocinadores` (`id`) ON DELETE CASCADE,
  CONSTRAINT `tandas_ronda_id_foreign` FOREIGN KEY (`ronda_id`) REFERENCES `rondas_competiciones` (`id`) ON DELETE CASCADE
) ENGINE=InnoDB AUTO_INCREMENT=171 DEFAULT CHARSET=utf8mb4 COLLATE=utf8mb4_unicode_ci;
/*!40101 SET character_set_client = @saved_cs_client */;

--
-- Dumping data for table `tandas`
--

LOCK TABLES `tandas` WRITE;
/*!40000 ALTER TABLE `tandas` DISABLE KEYS */;
INSERT INTO `tandas` VALUES (1,4,'A',30,8,3,1,1),(2,4,'B',30,8,4,1,1),(3,4,'A',30,7,4,1,1),(4,4,'B',30,7,5,1,1),(5,4,'A',30,6,3,1,1),(6,4,'B',30,6,5,1,1),(7,4,'A',30,7,2,1,1),(8,4,'B',30,8,4,1,1),(9,4,'A',30,8,4,1,1),(10,4,'B',30,6,4,1,1),(11,12,'A',30,8,1,1,1),(12,12,'B',30,7,1,1,1),(13,12,'A',30,8,2,1,1),(14,12,'B',30,8,6,1,1),(15,12,'A',30,7,3,1,1),(16,12,'B',30,6,6,1,1),(17,12,'A',30,6,5,1,1),(18,12,'B',30,8,2,1,1),(19,12,'A',30,8,5,1,1),(20,12,'B',30,8,2,1,1),(21,30,'A',30,6,6,1,1),(22,30,'B',30,8,2,1,1),(23,30,'A',30,6,2,1,1),(24,30,'B',30,7,1,1,1),(25,30,'A',30,7,3,1,1),(26,30,'B',30,7,5,1,1),(27,30,'A',30,8,1,1,1),(28,30,'B',30,8,6,1,1),(29,30,'A',30,6,4,1,1),(30,30,'B',30,8,4,1,1),(31,38,'A',30,7,6,1,1),(32,38,'B',30,8,5,1,1),(33,38,'A',30,6,3,1,1),(34,38,'B',30,8,1,1,1),(35,38,'A',30,8,1,1,1),(36,38,'B',30,7,2,1,1),(37,38,'A',30,6,1,1,1),(38,38,'B',30,8,1,1,1),(39,38,'A',30,8,2,1,1),(40,38,'B',30,6,4,1,1),(41,8,'A',30,8,6,1,1),(42,8,'B',30,7,2,1,1),(43,8,'A',30,6,3,1,1),(44,8,'B',30,6,2,1,1),(45,8,'A',30,6,3,1,1),(46,8,'B',30,6,3,1,1),(47,8,'A',30,8,3,1,1),(48,8,'B',30,6,5,1,1),(49,8,'A',30,6,4,1,1),(50,8,'B',30,8,1,1,1),(51,16,'A',29,7,2,1,1),(52,16,'B',29,7,3,1,1),(53,16,'A',29,7,2,1,1),(54,16,'B',29,8,3,1,1),(55,16,'A',29,7,6,1,1),(56,16,'B',29,7,2,1,1),(57,16,'A',28,8,1,1,1),(58,16,'B',28,6,1,1,1),(59,16,'A',28,8,2,1,1),(60,16,'B',28,8,3,1,1),(61,26,'A',30,6,1,1,1),(62,26,'B',30,7,6,1,1),(63,26,'A',30,6,6,1,1),(64,26,'B',30,7,1,1,1),(65,26,'A',30,8,4,1,1),(66,26,'B',30,7,1,1,1),(67,26,'A',30,6,6,1,1),(68,26,'B',30,8,6,1,1),(69,26,'A',30,6,5,1,1),(70,26,'B',30,8,1,1,1),(71,20,'A',24,8,2,1,1),(72,20,'B',24,6,4,1,1),(73,20,'A',24,7,1,1,1),(74,20,'B',24,6,1,1,1),(75,20,'A',24,7,3,1,1),(76,20,'B',24,6,4,1,1),(77,20,'A',23,7,4,1,1),(78,20,'B',23,8,4,1,1),(79,5,'A',30,6,3,1,1),(80,5,'A',30,6,2,1,1),(81,5,'A',30,6,3,1,1),(82,5,'A',30,6,2,1,1),(83,13,'A',30,8,4,1,1),(84,13,'A',30,7,6,1,1),(85,13,'A',30,8,3,1,1),(86,13,'A',30,7,1,1,1),(87,23,'A',27,8,1,1,1),(88,23,'B',27,8,2,1,1),(89,23,'A',27,6,1,1,1),(90,23,'B',27,7,1,1,1),(91,23,'A',26,7,4,1,1),(92,23,'B',26,7,3,1,1),(93,23,'A',26,8,5,1,1),(94,23,'B',26,7,5,1,1),(95,31,'A',30,8,4,1,1),(96,31,'A',30,7,5,1,1),(97,31,'A',30,7,6,1,1),(98,31,'A',30,7,1,1,1),(99,39,'A',30,8,1,1,1),(100,39,'A',30,8,3,1,1),(101,39,'A',30,6,3,1,1),(102,39,'A',30,6,5,1,1),(103,1,'A',29,8,3,1,1),(104,1,'B',29,8,2,1,1),(105,1,'A',28,6,3,1,1),(106,1,'B',28,6,3,1,1),(107,1,'A',28,7,4,1,1),(108,1,'B',28,8,2,1,1),(109,9,'A',30,6,5,1,1),(110,9,'A',30,7,3,1,1),(111,9,'A',30,6,4,1,1),(112,9,'A',30,7,5,1,1),(113,17,'A',30,7,3,1,1),(114,17,'A',30,6,6,1,1),(115,17,'A',30,7,1,1,1),(116,17,'A',30,6,4,1,1),(117,34,'A',26,6,3,1,1),(118,34,'B',26,6,6,1,1),(119,34,'A',26,6,6,1,1),(120,34,'B',26,6,1,1,1),(121,34,'A',26,7,5,1,1),(122,34,'B',26,8,6,1,1),(123,27,'A',30,6,4,1,1),(124,27,'A',30,8,4,1,1),(125,27,'A',30,8,3,1,1),(126,27,'A',30,7,6,1,1),(127,28,'A',30,8,6,1,1),(128,28,'A',30,8,1,1,1),(129,21,'A',30,7,1,1,1),(130,21,'A',30,7,3,1,1),(131,45,'A',26,7,1,1,1),(132,45,'A',25,7,6,1,1),(133,6,'A',30,8,6,1,1),(134,6,'A',30,8,2,1,1),(135,14,'A',30,6,6,1,1),(136,14,'A',30,7,6,1,1),(137,47,'A',28,8,4,1,1),(138,47,'A',27,6,6,1,1),(139,24,'A',30,6,5,1,1),(140,24,'A',30,6,5,1,1),(141,32,'A',30,6,2,1,1),(142,32,'A',30,7,5,1,1),(143,40,'A',30,7,5,1,1),(144,40,'A',30,6,2,1,1),(145,2,'A',30,6,1,1,1),(146,2,'A',30,6,3,1,1),(147,10,'A',30,8,4,1,1),(148,10,'A',30,8,5,1,1),(149,18,'A',30,7,4,1,1),(150,18,'A',30,6,6,1,1),(151,35,'A',30,8,6,1,1),(152,35,'A',30,8,4,1,1),(153,43,'A',20,8,3,1,1),(154,43,'A',20,7,1,1,1),(155,36,'A',30,8,4,1,1),(156,44,'A',30,6,4,1,1),(157,29,'A',30,8,3,1,1),(158,37,'A',7,6,5,1,1),(159,22,'A',30,6,2,1,1),(160,46,'A',30,6,3,1,1),(161,7,'A',30,8,4,1,1),(162,15,'A',30,6,2,1,1),(163,48,'A',30,6,3,1,1),(164,25,'A',30,8,2,1,1),(165,33,'A',30,7,1,1,1),(166,41,'A',30,6,6,1,1),(167,42,'A',27,7,6,1,1),(168,3,'A',30,7,3,1,1),(169,11,'A',30,6,2,1,1),(170,19,'A',30,8,1,1,1);
/*!40000 ALTER TABLE `tandas` ENABLE KEYS */;
UNLOCK TABLES;

--
-- Table structure for table `users`
--

DROP TABLE IF EXISTS `users`;
/*!40101 SET @saved_cs_client     = @@character_set_client */;
/*!50503 SET character_set_client = utf8mb4 */;
CREATE TABLE `users` (
  `id` bigint(20) unsigned NOT NULL AUTO_INCREMENT,
  `name` varchar(255) NOT NULL,
  `email` varchar(255) NOT NULL,
  `email_verified_at` timestamp NULL DEFAULT NULL,
  `password` varchar(255) NOT NULL,
  `remember_token` varchar(100) DEFAULT NULL,
  `created_at` timestamp NULL DEFAULT NULL,
  `updated_at` timestamp NULL DEFAULT NULL,
  PRIMARY KEY (`id`),
  UNIQUE KEY `users_email_unique` (`email`)
) ENGINE=InnoDB DEFAULT CHARSET=utf8mb4 COLLATE=utf8mb4_unicode_ci;
/*!40101 SET character_set_client = @saved_cs_client */;

--
-- Dumping data for table `users`
--

LOCK TABLES `users` WRITE;
/*!40000 ALTER TABLE `users` DISABLE KEYS */;
/*!40000 ALTER TABLE `users` ENABLE KEYS */;
UNLOCK TABLES;

--
-- Table structure for table `usuarios`
--

DROP TABLE IF EXISTS `usuarios`;
/*!40101 SET @saved_cs_client     = @@character_set_client */;
/*!50503 SET character_set_client = utf8mb4 */;
CREATE TABLE `usuarios` (
  `id` bigint(20) unsigned NOT NULL AUTO_INCREMENT,
  `nombre` varchar(255) NOT NULL,
  `apellidos` varchar(255) DEFAULT NULL,
  `username` varchar(255) DEFAULT NULL,
  `direccion` varchar(255) DEFAULT NULL,
  `codigo_postal` varchar(255) DEFAULT NULL,
  `localidad` varchar(255) DEFAULT NULL,
  `provincia` varchar(255) DEFAULT NULL,
  `pais` varchar(255) DEFAULT NULL,
  `telefono` varchar(255) NOT NULL,
  `email` varchar(255) NOT NULL,
  `email_verified_at` timestamp NULL DEFAULT NULL,
  `password` varchar(255) NOT NULL,
  `password_reset` tinyint(1) NOT NULL DEFAULT 0,
  `remember_token` varchar(100) DEFAULT NULL,
  PRIMARY KEY (`id`)
) ENGINE=InnoDB AUTO_INCREMENT=353 DEFAULT CHARSET=utf8mb4 COLLATE=utf8mb4_unicode_ci;
/*!40101 SET character_set_client = @saved_cs_client */;

--
-- Dumping data for table `usuarios`
--

LOCK TABLES `usuarios` WRITE;
/*!40000 ALTER TABLE `usuarios` DISABLE KEYS */;
INSERT INTO `usuarios` VALUES (1,'admin','',NULL,'Praza Pelayo, 449, 58º A, 69901, Los Peres del Puerto','37149','El Manzanares','Illes Balears','Liberia','+34 927 87 7346','admin@panaurum.com','2025-03-28 11:07:18','$2y$12$vkFLptrofhO198Rk4fV/fOIdb/rEAoNtqjUINNoCyym.5kWIwRHjW',0,'bnQHgnt3F9'),(2,'juez1','',NULL,'Camino Martina, 619, 99º E, 57439, San Brito','39616','El Lucero','Badajoz','Laos','944-096690','juez1@panaurum.com','2025-03-28 11:07:18','$2y$12$T9yb1pVY6kVr40rzS6xIKeBiMCDRoX2KTdn5gqbYaSWbDHfbjNdq.',0,'jpDs1jOjVp'),(3,'juez2','',NULL,'Ronda Fernando, 4, 08º C, 67440, Os Pedroza','75899','Villa Soliz del Mirador','Las Palmas','Tayikistán','+34 971444418','juez2@panaurum.com','2025-03-28 11:07:19','$2y$12$9zaPGz28tWPHZcxNccBFIeyxT0vi/dk5ldKFZaDCKGonbyZ3wTSnW',0,'QVbe3ZCXqg'),(4,'juez3','',NULL,'Travesía Becerra, 707, 87º 5º, 50130, Los Lomeli','69544','El Echevarría de Arriba','Castellón','Libia','+34 966838305','juez3@panaurum.com','2025-03-28 11:07:19','$2y$12$jwCj3/Qt91shXAbjPWkyLOqm5LRheSTkfSVeyUiRgWYolgCphBgWO',0,'u3dky4EV5u'),(5,'juez4','',NULL,'Avinguda Ariadna, 83, 4º E, 31152, La Vega del Barco','87763','Os Reyes del Barco','La Rioja','Panamá','+34 912 552876','juez4@panaurum.com','2025-03-28 11:07:19','$2y$12$EzFApGe1mKe9tFO4SrMkBuRMZCkEb4TILlwxSIIYW75P0nlz.jhce',0,'nbDDyoHCxu'),(6,'juez5','',NULL,'Passeig Marroquín, 397, 38º 6º, 51281, Sotelo Medio','15608','A Acosta','Vizcaya','Países Bajos','982 675175','juez5@panaurum.com','2025-03-28 11:07:19','$2y$12$he3m8h3mYJcdl5wCiblSIOCyUbaw5koGNnyur5FnPJXsL9bPJq3gO',0,'KAJUngrWFn'),(7,'participante1','',NULL,'Carrer Nil, 41, 4º D, 00768, As Barajas de Lemos','41893','Casado del Bages','Castellón','Granada','+34 901273441','participante1@panaurum.com','2025-03-28 11:07:19','$2y$12$Bvd/D/gEXVyEpn2CpNblLugMV9QXNmDt.cpXsuQzhDKRp4K9kBufu',0,'vUD0oMQyjj'),(8,'participante2','',NULL,'Plaça Varela, 5, 8º D, 98759, Rivas del Vallès','41366','Suárez Medio','Soria','Honduras','953 268133','participante2@panaurum.com','2025-03-28 11:07:20','$2y$12$C7IdyZqH7xMQr/58I680veATshZmyGl08BFi0VmuDTN41mBHqHTOG',0,'7LKCIcfaM7'),(9,'participante3','',NULL,'Avenida Pabón, 678, 30º A, 21666, L\' Gaitán','27874','L\' Rivero','Castellón','Liechtenstein','+34 902 02 0272','participante3@panaurum.com','2025-03-28 11:07:20','$2y$12$p/AQRCwudOvJnkarnY4nzOY49Gla.o2Cc0C7kPJV55OiJ9bQv.1f2',0,'7z7qbiOpbQ'),(10,'participante4','',NULL,'Camiño Collazo, 750, 88º B, 43188, Gallardo del Mirador','33657','Los Galarza del Vallès','Burgos','Suiza','954996560','participante4@panaurum.com','2025-03-28 11:07:20','$2y$12$on71Kz3xq.BabFTPC9hH3uI8NHkmchQeSxo8QCiP7kZVgMgdFTXi6',0,'2qfTZwjLRh'),(11,'participante5','',NULL,'Camino Cortés, 644, 42º A, 32968, Os Collado','96070','L\' Espinoza del Mirador','Barcelona','El Salvador','+34 946-066502','participante5@panaurum.com','2025-03-28 11:07:20','$2y$12$q.Kno0a1SebvYianHA/XwuwGYTsBVFDeRKL.mcjS9bHoFezAvC6r6',0,'bBmh7lU3dk'),(12,'participante6','',NULL,'Plaza Sola, 97, 2º F, 64163, Vall Gastélum de Arriba','73574','L\' Mena','Cáceres','Camboya','+34 921-300775','participante6@panaurum.com','2025-03-28 11:07:20','$2y$12$xRium1znaChVZE7Ob8aQ/O6Dygf.Jz1nS1zBBDHJYW5Ed/FTFzZs6',0,'7a5uJk87cv'),(13,'participante7','',NULL,'Praza Fernando, 336, Ático 2º, 82367, L\' Escudero del Pozo','11790','Los Bernal','Guipuzkoa','Colombia','+34 917 305465','participante7@panaurum.com','2025-03-28 11:07:21','$2y$12$xAsMXY/FsuSKYfQ81jIaF.jd/VZWNcjl4XciZsWHrIMiWhN9HEicq',0,'mFDihaFFXB'),(14,'participante8','',NULL,'Praza Pineda, 8, Ático 6º, 37234, Vall Ybarra de Lemos','57424','Sánchez de Arriba','Valencia','Sri Lanka','955 22 0360','participante8@panaurum.com','2025-03-28 11:07:21','$2y$12$O4F3tUDXOqmP7rV/aGPcP.OnBcupuLqbZoVn6Rd6bdI8xe3tPz6Qe',0,'Y5OcFakiIn'),(15,'participante9','',NULL,'Travessera Naia, 798, 74º A, 00167, L\' Tórrez de la Sierra','45885','Olivo de las Torres','Santa Cruz de Tenerife','México','+34 921 80 9161','participante9@panaurum.com','2025-03-28 11:07:21','$2y$12$ysmtMR47OUl7Rnb9JwG73OXtM11swIxZ75Lfq6mWhvmfG8rMVlV46',0,'D0Jx3PuJOK'),(16,'participante10','',NULL,'Camiño Regalado, 73, 5º, 81314, O Méndez del Vallès','47005','San Benavídez del Vallès','Cantabria','Rumanía','+34 995 39 6795','participante10@panaurum.com','2025-03-28 11:07:21','$2y$12$Aa4PSvC2sUM/XZhmQOo1rOj0w9cZocEAlZE2LXeGMp/zyjZQC2Ns6',0,'jjBnSt6s2n'),(17,'participante11','',NULL,'Ruela Clara, 9, 0º 5º, 53815, Villa Caballero','85873','O Correa del Pozo','Burgos','Eritrea','+34 973-576747','participante11@panaurum.com','2025-03-28 11:07:21','$2y$12$mM1V4bNlwGmCup3Kl4QeVuMI.98Af.V1xvO68XiHuXhnQneKVPK.C',0,'mor5PrnwZn'),(18,'participante12','',NULL,'Ruela Isaac, 69, 74º D, 20996, Villa Aguayo Alta','58786','Barajas del Barco','Cuenca','Brunéi Darusalam','+34 935 432852','participante12@panaurum.com','2025-03-28 11:07:22','$2y$12$GfqGem1tpxrUghV.vhCQI.SqyqrToBHM2LVh0Xgfo9gO7NEt3EMPG',0,'BH9Wuf0vfU'),(19,'participante13','',NULL,'Avenida Zoe, 842, 1º F, 01641, O Abreu','81388','Lázaro del Mirador','Valladolid','Kenia','+34 999 63 8584','participante13@panaurum.com','2025-03-28 11:07:22','$2y$12$Mn0WRPUmcAt5pKUam/0Vm.i6fh5aJDqiirhP/z.xekmybsjXqnVyG',0,'zF5tPjkl6L'),(20,'participante14','',NULL,'Travesía Silva, 8, 47º D, 75296, Vall Ballesteros','70962','Vall Mares','La Rioja','Tailandia','+34 966355392','participante14@panaurum.com','2025-03-28 11:07:22','$2y$12$qr4r1IiRmL6dF29tz4vZWuFjFhDCgxaDZ4UpsYkVyJo0Bs.oezk9S',0,'3a9u63Q61m'),(21,'participante15','',NULL,'Camino Palacios, 801, 18º F, 62179, Lerma Baja','99436','As Expósito del Puerto','Huesca','Mauritania','966-502108','participante15@panaurum.com','2025-03-28 11:07:22','$2y$12$I/UG50EWXmyPd7y/eU4.TeGeGzk0DSpYjO7AgaAWZlL79PQgeyzm.',0,'ehZloma5h1'),(22,'participante16','',NULL,'Ronda Sotelo, 713, 69º 7º, 86644, Las Heredia','05474','Soto Alta','Almería','Francia','953 91 6531','participante16@panaurum.com','2025-03-28 11:07:22','$2y$12$04h1zP8nvh62XfB3F2E8jOer9bBhxKhP0W2XQHRJ6qeY9yoTh4QNO',0,'RupYudCZVt'),(23,'participante17','',NULL,'Travesía Giménez, 7, 12º A, 59125, Vall Alcántar Baja','18410','Gonzáles de las Torres','Palencia','Uruguay','977 192983','participante17@panaurum.com','2025-03-28 11:07:23','$2y$12$Uf5.jI9mdhsbQ7b.vKGycuB8yzSYX4FO6UIalg81rBJugN6B/G0/6',0,'528tYnnATM'),(24,'participante18','',NULL,'Praza Vaca, 9, 99º B, 03380, Farías de Ulla','71925','Barrientos del Penedès','A Coruña','Egipto','985 53 2229','participante18@panaurum.com','2025-03-28 11:07:23','$2y$12$4Bujg3E4AT7KZrNddAdZWuBsnzhBDWDWmKOCKkhPf9MDS6JrXeOAC',0,'9CtghoJRdl'),(25,'participante19','',NULL,'Rúa Joel, 358, 4º 3º, 43162, Os Armijo','36215','La Cordero del Pozo','Ourense','Eslovenia','921 097351','participante19@panaurum.com','2025-03-28 11:07:23','$2y$12$9OOrft8EUBINA9d2DynWy.7UZxcgzfj2k1cAscM9Br1/DU4fraKWu',0,'B6dIxSJByM'),(26,'participante20','',NULL,'Camino Partida, 527, Bajo 9º, 29729, Vall Barela del Pozo','73297','As Villagómez','Lugo','Líbano','958-974728','participante20@panaurum.com','2025-03-28 11:07:23','$2y$12$WzTiLpUp4yt.7tEv42IuW.vBzEsSSRETnWKKdCK7KuU8gPk1XaF4i',0,'O9uqaiSd1g'),(27,'participante21','',NULL,'Plaza Murillo, 357, Bajos, 66522, Bernal del Vallès','38148','As Izquierdo del Puerto','Almería','Austria','+34 915-16-4902','participante21@panaurum.com','2025-03-28 11:07:23','$2y$12$K5ZkND88Jj4AtR/1mI5hjePVgXP/hR0fj3/4GxMWb9dYGyrVXEDk6',0,'EpDaV4leCj'),(28,'participante22','',NULL,'Avenida Alanis, 629, 59º F, 70127, Montemayor Medio','92822','Los Contreras del Barco','A Coruña','Tanzania','980143430','participante22@panaurum.com','2025-03-28 11:07:24','$2y$12$l2QJnCmJ.N5JJ/97M6c8uutBpq8DBOjpJ0DIjAxMfRT2kcgl5H4ja',0,'NqbSXtP3WY'),(29,'participante23','',NULL,'Camino Asier, 6, Ático 9º, 56075, As Macias del Puerto','37311','Lara de las Torres','Madrid','Namibia','+34 950 29 1431','participante23@panaurum.com','2025-03-28 11:07:24','$2y$12$oaFwtKhICQvUR4hHPgGBSOu4zCJ8p8YNU2ej6BqJhx0oBmcy4VCMq',0,'rN9e4nTeWR'),(30,'participante24','',NULL,'Passeig Celia, 92, 9º E, 56900, Vall Miguel Alta','26163','As Jurado de las Torres','Santa Cruz de Tenerife','Mozambique','+34 918 76 1961','participante24@panaurum.com','2025-03-28 11:07:24','$2y$12$pmuK0f2E4p8x8ghQF5/taeduq0sCRZxe9aFua.YfXI.gIwSHd5nq2',0,'Vhs0MlXEQ7'),(31,'participante25','',NULL,'Calle Chávez, 61, 37º E, 48798, Villa Arteaga de Ulla','41182','La Saucedo del Barco','Madrid','Maldivas','981 159440','participante25@panaurum.com','2025-03-28 11:07:24','$2y$12$uDqubn0C3anKnbVVFIsLf.Be7CkvW8Ljy.09XDKy/.sBQ55m3Uuke',0,'Sr9pwnmmir'),(32,'participante26','',NULL,'Praza Carretero, 991, 3º, 11090, Los Cárdenas','57973','Os Polo','Melilla','Uganda','985126231','participante26@panaurum.com','2025-03-28 11:07:24','$2y$12$O//6PY1szzoIav9fmMv83.Wb6n0us86nsToqDidbEKLtxzCzg5oGa',0,'Iuzb83yQ1v'),(33,'participante27','',NULL,'Avinguda Riera, 119, Bajo 5º, 94319, Téllez del Puerto','50240','Las Rivas','Ciudad Real','Tayikistán','950-01-8915','participante27@panaurum.com','2025-03-28 11:07:25','$2y$12$SL/1vZKDlRlr.utb8thNdeEOCCp.5pgFZMnYAiXpZdG7hdXgXUfJS',0,'KMHeYvNe7o'),(34,'participante28','',NULL,'Avenida Fátima, 1, Entre suelo 3º, 74455, Ontiveros del Bages','14185','San Simón Medio','Murcia','Mali','+34 935 019893','participante28@panaurum.com','2025-03-28 11:07:25','$2y$12$NRtJeM/7bpIU9NH4EUJJAusJEVF9TRgjI0aFCE8ztB8VQU9ltrIZm',0,'lgCC36bAXp'),(35,'participante29','',NULL,'Rúa Vergara, 356, Entre suelo 7º, 44901, La Díaz','56740','Negrete del Pozo','Valencia','Camerún','956-19-7656','participante29@panaurum.com','2025-03-28 11:07:25','$2y$12$LDuoL/V/Z5RCL61Nq.dnZeqwSeHDn06vLzwIoW3UmefUKZIxDDU.2',0,'iJo3u11Txw'),(36,'participante30','',NULL,'Travessera Juan José, 267, 15º C, 40333, Vall Banda de las Torres','65255','As Ruiz','Lleida','Perú','937-11-5700','participante30@panaurum.com','2025-03-28 11:07:25','$2y$12$sDoMjfuRaUzs.hYyMDo2sewYwMYtEd4tmIlLZsK7hjuTwKbpE0Nja',0,'aFQ7WTevQE'),(37,'participante31','',NULL,'Paseo Lorenzo, 36, 3º C, 81489, Venegas de Lemos','06895','Os Negrón','Guipuzkoa','Jamaica','965-01-2948','participante31@panaurum.com','2025-03-28 11:07:25','$2y$12$aXnEKRVNoXRdV6Twfj6w1eFTbV36B2bnTtIPpDgPsV3dbYtAcNW1C',0,'LhnXfXNyto'),(38,'participante32','',NULL,'Plaza Martín, 47, 6º A, 41153, O Romo de la Sierra','29694','Vall Castillo Medio','Ávila','Catar','972 308725','participante32@panaurum.com','2025-03-28 11:07:26','$2y$12$nZ83AUx9/4Xkeh3wzNX15.N4D63NzqzesK/wwoFINpvzXRxrXdtXq',0,'9nqqUoGsty'),(39,'participante33','',NULL,'Travesía Nicolás, 773, 90º B, 51840, O Andrés del Vallès','60657','A Castañeda Alta','Valladolid','República Centroafricana','+34 924 600207','participante33@panaurum.com','2025-03-28 11:07:26','$2y$12$P3Clt7bmACWjiqdCIp8av.2cdvRlly45sOA34/8t2OdoXjEgRRdPu',0,'tnzY8Pda37'),(40,'participante34','',NULL,'Passeig Antonia, 2, 5º 7º, 53693, Galván Medio','83487','Santana del Puerto','Burgos','Catar','+34 971 057673','participante34@panaurum.com','2025-03-28 11:07:26','$2y$12$x3484a/VU8.oS4DdXOEyOu.WvN.7cbwpGhDPZ8vdoBrOS7ei4bJAq',0,'uRkgxGViIA'),(41,'participante35','',NULL,'Passeig Armas, 7, Bajo 0º, 61086, A Carreón del Pozo','68278','Cotto de San Pedro','Córdoba','Samoa','+34 904-049470','participante35@panaurum.com','2025-03-28 11:07:26','$2y$12$ydHPxLmcwy3TkcyCE0t1SeQWTdBVDHKdG3WAKLir4GNs7eCYfcoW6',0,'TrQr6m9wE2'),(42,'participante36','',NULL,'Ronda Inés, 268, Bajo 7º, 11288, Villa Correa','14696','Os Mateos','Albacete','Albania','964-196504','participante36@panaurum.com','2025-03-28 11:07:26','$2y$12$Oq2EKn8o6VdgbT../6VkRuJR8BTAwiYSNKriS3gQzaE27F28q.Qlq',0,'7fPgOMYDvj'),(43,'participante37','',NULL,'Travessera Guillermo, 2, 8º A, 22842, As De la Cruz del Puerto','77399','Almonte de las Torres','Burgos','Ruanda','+34 917 55 5060','participante37@panaurum.com','2025-03-28 11:07:27','$2y$12$X1WB5OP0CEGNm23wOBVWCed.OyIBGA7P/FjhzlsoHXv0vL07D/BBO',0,'lxmf5avcBe'),(44,'participante38','',NULL,'Avenida Nayara, 231, 3º F, 68162, Cedillo de Ulla','62537','L\' Mata del Barco','Salamanca','Islas Marshall','+34 935 975277','participante38@panaurum.com','2025-03-28 11:07:27','$2y$12$H3e2B497e1c9XtX73dQDyux8enVJ2uZlrN1xuUZdPCOY3qexaZn0e',0,'XKmmB7m6Ek'),(45,'participante39','',NULL,'Ronda Cortés, 533, 1º C, 99930, Arenas de San Pedro','41536','San Ochoa del Mirador','Huesca','Países Bajos','911-62-3261','participante39@panaurum.com','2025-03-28 11:07:27','$2y$12$iKO6QdtYrWY9Q9Gcm9rOKeSH.X18oQOsRyM7iJSp//eSNDDo9DTjq',0,'hm2ONTatz7'),(46,'participante40','',NULL,'Paseo Meza, 417, 38º B, 34831, Os Garibay del Bages','36576','As Garibay de San Pedro','Cuenca','Gambia','903-263869','participante40@panaurum.com','2025-03-28 11:07:27','$2y$12$fYbAlgygNhuh384YCUg.feG.mtQoQrCXh9BPFxGz1xogel0UCTXBG',0,'txnFlYgPKk'),(47,'participante41','',NULL,'Calle Gerard, 99, Bajos, 81144, O Henríquez del Penedès','33623','Oliva del Bages','Cuenca','Lituania','+34 998-90-5657','participante41@panaurum.com','2025-03-28 11:07:27','$2y$12$868/NMYWH08ybx1RaIofMOYJ1cY.OgmrT2gSnBVEgxwgyG/i5Q412',0,'PV5Pmr9wtD'),(48,'participante42','',NULL,'Passeig Paz, 51, 95º E, 18453, Esteve del Bages','78219','La Olvera','Navarra','Austria','+34 982 027648','participante42@panaurum.com','2025-03-28 11:07:28','$2y$12$69a2YklEmRFgn0.U37/AsO/D7Rv6iBUD5dVsJgbgNSrNZUeqZjrr2',0,'utaIryAcBX'),(49,'participante43','',NULL,'Avinguda Ferrer, 95, 21º F, 29537, L\' Rueda Alta','22775','O De Jesús del Pozo','Madrid','Brunéi Darusalam','+34 974-38-6271','participante43@panaurum.com','2025-03-28 11:07:28','$2y$12$FjEVnyKX/wxHTnshlyMLb.ATJjRA7/RAqv9UrdczBTOrYZMj.mtFi',0,'WlqsOzB0yI'),(50,'participante44','',NULL,'Calle Carbajal, 371, 4º C, 74148, Villanueva de San Pedro','31485','Villa Loya','Illes Balears','Santa Lucía','+34 917-350440','participante44@panaurum.com','2025-03-28 11:07:28','$2y$12$6ltxCCm/TlK/qi73f7q7ceC/Knj72MAKAgF8wCNJ9Y24ZpbFSqmPO',0,'Yhja2jageD'),(51,'participante45','',NULL,'Travessera Miguel Ángel, 56, 09º 6º, 74596, O Salinas del Bages','06351','L\' Tórrez','Alicante','Guinea-Bisáu','917 41 6826','participante45@panaurum.com','2025-03-28 11:07:28','$2y$12$aCcZR8/2USGjgTcsXY8kUuIVKWq0jh/T1B8/ZGI7GC/WOk8m3pUhC',0,'Nm98hiIuLK'),(52,'participante46','',NULL,'Calle Erik, 787, 4º F, 36151, La Herrero de San Pedro','46082','Las Cabello Medio','Teruel','China','939 17 3837','participante46@panaurum.com','2025-03-28 11:07:28','$2y$12$9Pryhvca0nU8NObMQGdBV.F2sfaaGmIxT3i0rAL4iL59CTBmgCc2i',0,'OTWH5YHnVV'),(53,'participante47','',NULL,'Avinguda Jaime, 30, 7º F, 64920, Las Esquibel del Puerto','43726','Estévez del Bages','Cádiz','Singapur','945-51-8406','participante47@panaurum.com','2025-03-28 11:07:29','$2y$12$wR6MKXLECkQAVGapqI4yy.8elvuXZCB5CyDbjlOLYd2yuZ6G1YS1i',0,'HpQuFDU50I'),(54,'participante48','',NULL,'Camino Nayara, 9, 26º E, 29129, Ureña de Arriba','45701','Villa Arias del Pozo','Melilla','Irán','968549394','participante48@panaurum.com','2025-03-28 11:07:29','$2y$12$/BDOBjYulbZAc3DDmeVYWuy7RFKJh6kND6FUczuI/.OVBKq6/e/CW',0,'UZQD30BDZd'),(55,'participante49','',NULL,'Plaza Segovia, 4, 10º C, 38739, Las Lira','56493','Os Castro de Lemos','Burgos','Surinam','+34 917-342719','participante49@panaurum.com','2025-03-28 11:07:29','$2y$12$Nw6c.xqQnyzX2UyLVHAr.u3V6gXwBJiX6n03hAnjqvnGMqtX/yoRi',0,'VGCjIjQeNb'),(56,'participante50','',NULL,'Camiño Hugo, 57, 19º C, 95159, Vélez de la Sierra','62985','Valdés del Mirador','La Rioja','Bangladés','954-28-9788','participante50@panaurum.com','2025-03-28 11:07:29','$2y$12$DIQfNEmuov9n9oAmXNb88OHd4y.1.31QOEUKiVlxC.tINtDc6mCIO',0,'9aEzT3xIpo'),(57,'participante51','',NULL,'Travessera José, 51, Ático 8º, 13620, Los Magaña','43154','San Saavedra de Ulla','Madrid','Brunéi Darusalam','+34 957 990683','participante51@panaurum.com','2025-03-28 11:07:29','$2y$12$Fdy/npNBX1G042u1Rhyen.VGRw4nCwqrDlFFDMankJMUu2ggGZqfu',0,'0Jpob1YAqC'),(58,'participante52','',NULL,'Camiño Alonso, 4, 34º D, 10513, San Berríos Alta','41982','Vall Vallejo del Vallès','Lleida','Mali','972-544909','participante52@panaurum.com','2025-03-28 11:07:30','$2y$12$b0Fg.luDjgEcRJu79NqXCO2lSSnvUxH1un3H2khi/9IC4kWMEK2Ry',0,'f8goNrfp9F'),(59,'participante53','',NULL,'Avenida Esteve, 5, 2º D, 90482, L\' Quintero Medio','46924','San Domínguez de San Pedro','Ciudad Real','Egipto','+34 966373645','participante53@panaurum.com','2025-03-28 11:07:30','$2y$12$LPMtBOJSremmvfcOZgWYVOY6JFM9F7bXY0mrWc5QrkyMw55FoEM/2',0,'T6leXSkFQq'),(60,'participante54','',NULL,'Ruela Ruíz, 1, 3º F, 53291, L\' Valadez del Pozo','00489','Vanegas Medio','Cantabria','Belice','+34 983-697534','participante54@panaurum.com','2025-03-28 11:07:30','$2y$12$IaNK/6J6YP0BT/sets5s6ORVuMN0jZMQOBcEF2NcnFuyOqeyUQca.',0,'kJZXBHkJco'),(61,'participante55','',NULL,'Travessera Francisco Javier, 99, Bajos, 39573, Jaime del Puerto','83542','L\' Sevilla de Arriba','Murcia','Sierra Leona','+34 997-046786','participante55@panaurum.com','2025-03-28 11:07:30','$2y$12$KNUhz8oB62SuN1W1EK0L5.kjkTZfJWOx7EeL6MNHPjHx27c6LzSU.',0,'BJMBmNVGrL'),(62,'participante56','',NULL,'Travessera Oriol, 67, 3º E, 74478, Olmos del Barco','69306','Galván de Lemos','Álava','Kenia','941143901','participante56@panaurum.com','2025-03-28 11:07:30','$2y$12$am2r..fyM5w7j9SD8kyauOBguCrJu1tXZSJZ1qbsLS10szFKYjUzO',0,'Ui1aWLpPu4'),(63,'participante57','',NULL,'Avenida Paula, 1, 2º A, 51093, Cortez de San Pedro','84400','O Aranda','Barcelona','Jordania','964557682','participante57@panaurum.com','2025-03-28 11:07:31','$2y$12$4beMdxWnyAmTxxlLlFInk.z7tsaYdzHy80lAADjVMKjeJuafHL09W',0,'Xb1Jx9sSnf'),(64,'participante58','',NULL,'Calle Gabriela, 243, 9º C, 81508, San Lira','98650','Amaya de las Torres','Segovia','Letonia','+34 970 777045','participante58@panaurum.com','2025-03-28 11:07:31','$2y$12$8M245ETUNWCXoXpp4.Vayuc4.X665BrMVsHr3xvmoGcP.AXHwqzlu',0,'4zivLJXwpo'),(65,'participante59','',NULL,'Camiño Raúl, 822, 6º, 89381, Los Archuleta','41127','Benavídez del Pozo','Soria','Tayikistán','+34 942 93 6224','participante59@panaurum.com','2025-03-28 11:07:31','$2y$12$g48fKP5Aezm7GU0bqXpYLOYcaxyxKhAYsFycT2fUAQD8OoZrxNRoa',0,'O82TaXft3B'),(66,'participante60','',NULL,'Ronda Navas, 22, 52º D, 65435, Vaca Baja','65655','Castillo del Puerto','Burgos','Surinam','950251887','participante60@panaurum.com','2025-03-28 11:07:31','$2y$12$Maz5.x6YGNST4HB.weeE1OJ33MeVW2Z.pHz5R0aABz/.V.nwMBfNO',0,'df9ejzRAII'),(67,'participante61','',NULL,'Travessera Clara, 22, 2º, 31647, Mascareñas Baja','70293','Villa Ávila','Guipuzkoa','Samoa','+34 948 383460','participante61@panaurum.com','2025-03-28 11:07:31','$2y$12$QtztvSCsYiSH6Y9XTV6Ng.53K8LxrF5MF3xCCCRwqRaBfU476raeC',0,'zE214zCkD9'),(68,'participante62','',NULL,'Camino Jan, 84, 48º D, 98409, Montenegro del Vallès','81992','La Zayas de San Pedro','Málaga','Bélgica','985-52-9802','participante62@panaurum.com','2025-03-28 11:07:32','$2y$12$eG6vxVbKimj1bEPUsc2Vc.4ajw6hl9DPK69GxKmyG4w1E/JWuE/Da',0,'lWrOKdcjbQ'),(69,'participante63','',NULL,'Passeig Andrés, 88, 1º 6º, 32850, As Salcido','05016','Las Cabrera','Barcelona','Islas Salomón','958-353670','participante63@panaurum.com','2025-03-28 11:07:32','$2y$12$Bd3SusMNVn8ZGjRmuC2rCO..O1pKGEKM5kdpuHDxTdm4z5fi/VoY6',0,'a6LO44w6DD'),(70,'participante64','',NULL,'Camino Montalvo, 859, 5º B, 11526, La Nevárez de Ulla','66219','Portillo de las Torres','Asturias','Seychelles','982-749509','participante64@panaurum.com','2025-03-28 11:07:32','$2y$12$SDUUiHJ6H5grcADBFQ1O2OwZaj/7oECf1VUXSErSIXmbKnDt9fKIS',0,'8ruLzqRaNE'),(71,'participante65','',NULL,'Camino Alba, 85, 0º C, 53895, Vall Barajas','06853','El Rosado','Illes Balears','Lituania','+34 938 72 5817','participante65@panaurum.com','2025-03-28 11:07:32','$2y$12$6T1KoL792tRp529l8BFZWOOKDYo2.8huWE3VSFJYvjtYx3jvvmXNK',0,'Ly5IQqfuJO'),(72,'participante66','',NULL,'Calle Moreno, 8, 0º A, 09118, San Muñiz','25346','Sanz del Puerto','Burgos','Laos','934-75-8944','participante66@panaurum.com','2025-03-28 11:07:32','$2y$12$n08Ugs2wQxdprKf0tJ4RvO0WzatuF9k754GHat1oVTySgAe7mfzn.',0,'ptd4t5GyZ1'),(73,'participante67','',NULL,'Avinguda Ainara, 57, 69º 4º, 39311, Vall Tejeda','38434','Brito del Bages','Guadalajara','Baréin','+34 909-659975','participante67@panaurum.com','2025-03-28 11:07:33','$2y$12$VA5RrUDOolAy6zeWro6W7eL3G2AaMzwuGrFE9erc6Xxyq.94VrPw2',0,'HLod5Oq2IQ'),(74,'participante68','',NULL,'Carrer Báez, 23, 7º F, 29127, Moya de la Sierra','35610','As Medina','Málaga','Comoras','942-47-9585','participante68@panaurum.com','2025-03-28 11:07:33','$2y$12$v1OXjSm1/R.ddEJJycmlWeUzTJ6Lt1UTdJIqIgUoUttciF2CcnfEO',0,'6DhP8cE7e6'),(75,'participante69','',NULL,'Camiño Roybal, 142, 95º B, 51749, Os García de Ulla','43016','Vall Mojica','Málaga','Catar','902 43 6516','participante69@panaurum.com','2025-03-28 11:07:33','$2y$12$B8ON1H98vIe5va/CVnvtZOGbFqkuPhGzCz.CQGio5j.6D4dZnHBj6',0,'v2HZrzsuND'),(76,'participante70','',NULL,'Paseo Tovar, 827, 1º D, 56367, Sotelo Medio','02232','Concepción de Lemos','Lleida','Indonesia','+34 927 15 0420','participante70@panaurum.com','2025-03-28 11:07:33','$2y$12$zp85ugWzeJn4Pjhpz4z4vezGJ8/Tg7r3C24quhdTMx5aYVVuwmggK',0,'beTv7j0Xnb'),(77,'participante71','',NULL,'Plaza Rocío, 985, 46º A, 63384, Sarabia de la Sierra','92971','Os Alonzo del Barco','La Rioja','Indonesia','990-34-6001','participante71@panaurum.com','2025-03-28 11:07:33','$2y$12$0.Q96suyCXoOcWQdI9eYyexhlr/yZAjoDQhExuZJJ.KmMQjvHTG5i',0,'b96rszqB3Y'),(78,'participante72','',NULL,'Calle Raúl, 4, 4º F, 31483, Os Urrutia','97229','L\' Zavala','A Coruña','Costa Rica','+34 917 739314','participante72@panaurum.com','2025-03-28 11:07:34','$2y$12$JFdexQXK9MsGk91UrFfDy.mgnAkOoeyIxnIJMvpufhvtzANmyNz3a',0,'DqyGjtqTaK'),(79,'participante73','',NULL,'Travesía Nerea, 237, 5º 7º, 81528, Las Puig del Penedès','81387','Moral Medio','Palencia','Arabia Saudí','981 11 9925','participante73@panaurum.com','2025-03-28 11:07:34','$2y$12$sbCaZ.U2WJi09JRiij6JMuXb7hHS/sOcA3yLICeev7aiNLd8nm8Tq',0,'q9bVMzZZD2'),(80,'participante74','',NULL,'Carrer Jesús, 63, 41º 3º, 57347, L\' Álvarez','57974','L\' Olivera','Castellón','Reino Unido de Gran Bretaña e Irlanda del Norte','925918542','participante74@panaurum.com','2025-03-28 11:07:34','$2y$12$7uIYyNG6Ta9h2VJknjgVEOhMNm1Tt3N9GvsTCNMQwp/SDAszc5a.W',0,'blltdHNgZO'),(81,'participante75','',NULL,'Praza Verónica, 958, 17º D, 37502, Pizarro de Arriba','70310','O Toro','Granada','Islandia','+34 979-92-6768','participante75@panaurum.com','2025-03-28 11:07:34','$2y$12$DIRd3ga0jBsl.t9EL17deu9..w/FjKTPibjges2dKvrEBTfA7EPqG',0,'16NsX2vcpu'),(82,'participante76','',NULL,'Calle Alonso, 89, 9º 7º, 21738, De Anda del Puerto','17191','Carbonell del Penedès','Zaragoza','Ruanda','+34 975-377107','participante76@panaurum.com','2025-03-28 11:07:34','$2y$12$HKiLpsl6uCglPgv35.xhte5XEl5C34mc4WjjFjcyWEnYlrVFBRj3O',0,'cd1TU8YJdf'),(83,'participante77','',NULL,'Carrer María Ángeles, 7, Bajo 2º, 28898, Villa Loya de Arriba','08578','Villa Solorio de Ulla','Pontevedra','Botsuana','+34 926 970889','participante77@panaurum.com','2025-03-28 11:07:35','$2y$12$czAGxeXLg1klldPNeo5hZOH7wZ1MQvy4rDJj9jA.ys9nzlNoKmAse',0,'GYstt8iyx9'),(84,'participante78','',NULL,'Travessera Antonio, 1, 8º B, 31115, Las Sarabia','43664','O Sepúlveda','León','Ciudad del Vaticano','+34 947-053603','participante78@panaurum.com','2025-03-28 11:07:35','$2y$12$V1UwRHKxCLjImX5.8CqZ6eVtBokBY7nIGXJ1jwKiZGbzMaLes14Qq',0,'d3jjbdI5Pu'),(85,'participante79','',NULL,'Plaça David, 7, 60º B, 12430, A Mondragón del Bages','99273','As Zamora','Cuenca','Polonia','+34 920-492656','participante79@panaurum.com','2025-03-28 11:07:35','$2y$12$2Z5xpWdHKaNnsbGnMQHSPOQizBvfXKQLw8ffzsG2j33dj.zO2GR1C',0,'ZdHwQ6KUjH'),(86,'participante80','',NULL,'Paseo Miguel, 97, Entre suelo 9º, 21446, O Robles','15892','A Valdés','Albacete','México','903 394797','participante80@panaurum.com','2025-03-28 11:07:35','$2y$12$HZeOgWjhP75y8yar.3uXd.CGBuunO1FDXlU5rym3GPENHXe0B.GBC',0,'15P9wLSwry'),(87,'participante81','',NULL,'Camiño Arias, 832, Bajo 4º, 00908, O Mascareñas','61584','Vall Cortez Medio','Girona','Sudán','941 844202','participante81@panaurum.com','2025-03-28 11:07:35','$2y$12$BsalR2X7O3nG7pYLu4sRqen2aDpw8VfwmH9ntuhOcmxpjldXRCD26',0,'OKd9i2dkkD'),(88,'participante82','',NULL,'Praza Sonia, 9, Ático 0º, 26124, Garica de San Pedro','13435','San Sandoval','Vizcaya','Italia','958-704742','participante82@panaurum.com','2025-03-28 11:07:35','$2y$12$TgQIHxA8J0R93nt5XDN18OHXwWw4Bv16OFHZ9Ejh/zh5KbT0dyoka',0,'5P7IrbpObu'),(89,'participante83','',NULL,'Travesía Mario, 44, Bajo 7º, 52109, Vall Velasco','23957','La Betancourt del Vallès','Segovia','Irán','953863342','participante83@panaurum.com','2025-03-28 11:07:36','$2y$12$OlzDlbsaMZor5GOdZ3VNceAW2KST1bvB7RGdrZxGfmVQJtfUSaHZa',0,'TdgomlGitf'),(90,'participante84','',NULL,'Ruela Delatorre, 897, Bajos, 07956, Cazares de las Torres','83791','Tovar del Penedès','Salamanca','Túnez','991538657','participante84@panaurum.com','2025-03-28 11:07:36','$2y$12$HfDCi6hGxFb2wrYmcD2F4uifBsj6BCpNRUQIinaX2Pz4HJNXLI4pC',0,'wcUULZ2Pjs'),(91,'participante85','',NULL,'Ronda Luisa, 99, Ático 1º, 94730, Vall Blanco','90044','Los Sedillo','Melilla','Birmania','+34 938 79 2002','participante85@panaurum.com','2025-03-28 11:07:36','$2y$12$dmr9svXnfbNr2mq3KtD9NOFAQpDyk18PXJ41K4OuXOemQEyPMceHq',0,'m3kG12f6Rt'),(92,'participante86','',NULL,'Rúa Mateo, 1, Ático 0º, 09273, L\' Pulido de las Torres','13277','Villa Barrientos del Penedès','Navarra','República Checa','+34 908-364036','participante86@panaurum.com','2025-03-28 11:07:36','$2y$12$cMc05c4jZROvZpki9Kicruz/fQhvjHCbZyfYfJw2XbBi2NOzcRgU.',0,'u6gZKbsohu'),(93,'participante87','',NULL,'Avinguda Roybal, 6, Ático 6º, 79572, Os Delrío','56434','A Lucero','Málaga','Israel','946-84-9772','participante87@panaurum.com','2025-03-28 11:07:37','$2y$12$0sGBVwolLqD9cFDL5StgLe4p3AnIb9zofJQ0DRqsjo2nrLzsokhh.',0,'Dg937Yp8kw'),(94,'participante88','',NULL,'Plaza Lucio, 1, 59º 5º, 96453, Las Garica','65074','Villa Ordóñez','Lugo','Chile','905 19 4032','participante88@panaurum.com','2025-03-28 11:07:37','$2y$12$8G26dG5FN6T8HvLQRrS7guo/f0vTPY9eIttVFBQJIiCxO7mfckJW6',0,'MLj77tIYO6'),(95,'participante89','',NULL,'Travessera Francisco, 26, 74º A, 94755, San Martín del Vallès','81385','Os Muñiz de Arriba','Lugo','Haití','914-813056','participante89@panaurum.com','2025-03-28 11:07:37','$2y$12$KadN4I1PR0ynppNLh0vHYO1guy6qRb3pCbaFSB08kOuec42JKu0ey',0,'v6SqF8nGd5'),(96,'participante90','',NULL,'Ruela Carlota, 9, 09º 8º, 18880, Vall Araña','10301','Castillo de Arriba','La Rioja','Senegal','955 07 1229','participante90@panaurum.com','2025-03-28 11:07:37','$2y$12$zVl/7kWq99nYpOHIjzRsC.u2ru4JWDzWi7FWhQp1BPslGOxbeZBlq',0,'eSHwpGxun9'),(97,'participante91','',NULL,'Paseo Polo, 839, 3º B, 51882, A Pastor','41964','Berríos del Barco','Pontevedra','Corea del Sur','930-325697','participante91@panaurum.com','2025-03-28 11:07:37','$2y$12$Ni40652dITk4/.wMDfrel.axH..uySe7gKpuFgpUfVPFjO3NRJlXq',0,'BinydImmgk'),(98,'participante92','',NULL,'Travesía Sedillo, 29, 36º 2º, 24049, Quintanilla Alta','42113','Villa Palomo de las Torres','Melilla','Congo','938 90 4579','participante92@panaurum.com','2025-03-28 11:07:38','$2y$12$R42WcqlBB0Cng6AuG8NEY.RQLZKaoi17EwqkS86V5hoOwKgmg54yS',0,'2MJtTR4b7l'),(99,'participante93','',NULL,'Carrer Arce, 58, Entre suelo 7º, 02938, Los Vásquez de San Pedro','99238','Escobedo Alta','Cáceres','España','920088448','participante93@panaurum.com','2025-03-28 11:07:38','$2y$12$S4.h3e1XKKgsLJt/HmaEcuPGinimBcTsSrtsJlmCi066p.jUSSSn6',0,'6VzdDreVbv'),(100,'participante94','',NULL,'Camino Nil, 5, 78º B, 77511, Os Terán','45789','As Orta de Ulla','Salamanca','Botsuana','+34 975-944167','participante94@panaurum.com','2025-03-28 11:07:38','$2y$12$W3YtlMB7Y8UTGkg5hMvSU.TYCKRkZ37HTp8dKuO0S/Ua3sVmI9OUq',0,'kS9VvTVVI7'),(101,'participante95','',NULL,'Camiño Rivero, 448, 48º 4º, 97751, El Escudero','98821','Os Valles de las Torres','Soria','Australia','933361026','participante95@panaurum.com','2025-03-28 11:07:38','$2y$12$sAy5AJ/meW4Gcc3.JjKz7.lC2RAMJ1nLYc0Xsmn1fwnG3gmz31Ioa',0,'glUZ4H10ig'),(102,'participante96','',NULL,'Paseo Jan, 23, 3º F, 04408, Alonzo de la Sierra','90214','Os Menchaca del Pozo','León','Azerbaiyán','+34 902 61 5430','participante96@panaurum.com','2025-03-28 11:07:38','$2y$12$ai7pnPOT.nzZvgXxB8SiI.5yYfFMmVEEmvLLaecZovh0VsFeAC.sa',0,'nQ1X7Y9jHA'),(103,'participante97','',NULL,'Rúa Miguel Ángel, 40, 0º C, 72432, Os Villalba del Pozo','52752','As Montañez','Almería','Baréin','961275508','participante97@panaurum.com','2025-03-28 11:07:39','$2y$12$X5ut0qTKOAkD3aPOTTl0e.6IXtFdLLqMZfPtlaRWJGhwq4rvpjSFK',0,'e6QyO31i90'),(104,'participante98','',NULL,'Travessera Bañuelos, 8, 6º C, 22251, Las Lozada','00573','A Hernando de la Sierra','Murcia','Bahamas','940 53 8562','participante98@panaurum.com','2025-03-28 11:07:39','$2y$12$Zx3Jvid71Vw0FrVqgpxpseHlR/eqXjpyqYoFPyYhMbHutdKsDMc.a',0,'wbvSN6N4pD'),(105,'participante99','',NULL,'Camino Acevedo, 124, 87º F, 41542, A Alanis del Mirador','99120','L\' Solano','Huelva','Nauru','946780983','participante99@panaurum.com','2025-03-28 11:07:39','$2y$12$kIoDSu/6VpL0D38WRVTi3u8cvH3WoxclNhDcoQX1DDSF030S1/pyu',0,'2tZ2lW7ObH'),(106,'participante100','',NULL,'Camiño Marta, 7, 2º D, 88349, L\' Jaimes del Vallès','19919','San Agosto Baja','Cuenca','Canadá','+34 979 353955','participante100@panaurum.com','2025-03-28 11:07:39','$2y$12$myVRwtaR553BnKdu3Bau7.3qQX9RhofqD9NrWODubQvJKe4wtr4wi',0,'jVgrNoj6AI'),(107,'participante101','',NULL,'Avenida Miriam, 5, 3º D, 23762, Feliciano de San Pedro','69303','Espinoza de San Pedro','Castellón','Hungría','+34 935970621','participante101@panaurum.com','2025-03-28 11:07:39','$2y$12$A2vUDwWh9feRhrt7M7kW.eR9dvPbtOVwI19WOMzHIWcvHvDuped76',0,'51AiOj6tXy'),(108,'participante102','',NULL,'Plaza Ignacio, 74, 4º D, 76803, Vall Olvera del Barco','51997','L\' Rosa','Melilla','Tuvalu','+34 982 036842','participante102@panaurum.com','2025-03-28 11:07:40','$2y$12$vArYaOqP77tCzOUlRInKUOOjUwtoztbDQBF15QC1mb8huixBaqUfi',0,'EpjK09an4z'),(109,'participante103','',NULL,'Avenida Irene, 98, Bajo 3º, 73531, Os Medrano de la Sierra','76951','L\' Roca','Ourense','Guinea Ecuatorial','969 502916','participante103@panaurum.com','2025-03-28 11:07:40','$2y$12$owzy.3SNMC4weA2hbQFZG.ElIa16lb0MBK1rEKVF5b.dAVCT.1Cnu',0,'LhFeeWUO2H'),(110,'participante104','',NULL,'Avenida Vanegas, 6, 99º B, 56788, As Tirado','61060','Os Casares del Penedès','Granada','México','980 310778','participante104@panaurum.com','2025-03-28 11:07:40','$2y$12$RZpDJo/mmeIo0ZYjYrvffOwnT63/xWkpDne8Y/SyNk3XcUS/R167C',0,'8a67gzbk7u'),(111,'participante105','',NULL,'Ruela Luis, 355, 3º E, 18030, Ballesteros del Bages','24967','San Rivas del Penedès','Valladolid','Brasil','+34 968 21 9626','participante105@panaurum.com','2025-03-28 11:07:40','$2y$12$5R1s5kaqdn3ixR7ZTHkzA.tKoEdxo3vIHLHORerj2ZleAqLu9ILoC',0,'h3XGQm41k5'),(112,'participante106','',NULL,'Carrer Laureano, 779, Entre suelo 5º, 59241, San Ibarra','19114','Los Leiva','Córdoba','San Vicente y las Granadinas','987691212','participante106@panaurum.com','2025-03-28 11:07:40','$2y$12$8Hyys3LgsvDjzwtOcuurTe57CP/pH1rkJq8rMQ4TMkJJcPHKqNfhu',0,'22T7RmdrjL'),(113,'participante107','',NULL,'Plaça Iván, 2, 9º A, 33826, Rosales Alta','90552','Las Alonso','Ávila','Botsuana','+34 942-42-0984','participante107@panaurum.com','2025-03-28 11:07:41','$2y$12$zVaQYmSCcLxHxq6uWsmdxO8iuLJnax2TaUF1Gzx5jVTyPaVVOr1jG',0,'T22MPqkf6z'),(114,'participante108','',NULL,'Camiño Eduardo, 1, 3º B, 90584, Pérez de Arriba','59998','Ortíz Medio','Girona','Malta','914-781767','participante108@panaurum.com','2025-03-28 11:07:41','$2y$12$i2ikn.o7Q3PhNcZS23tU3.hmp0KPo/6llZNMdiG/n/2k6ateTgyTe',0,'CvgN2wQk9K'),(115,'participante109','',NULL,'Passeig Sotelo, 8, 5º A, 70781, Linares del Puerto','90580','As Bustamante','Madrid','Yibuti','+34 917 096873','participante109@panaurum.com','2025-03-28 11:07:41','$2y$12$/QtRSYUR2/gKXiz4zS8fwu.35TysOtQRgs2SOHin90pH2cM22sdOW',0,'KU7xOdNX1w'),(116,'participante110','',NULL,'Calle Arenas, 47, 6º A, 22507, Los Téllez','51439','Rodríquez de Arriba','Cádiz','Vanuatu','+34 987 39 0876','participante110@panaurum.com','2025-03-28 11:07:41','$2y$12$BKpXCitl4DxLjAMcqjmnKOkdGHiKst/4vDkjouNUZ8KAdQvLIQy5O',0,'6TEEWKbxXf'),(117,'participante111','',NULL,'Rúa Ordoñez, 5, 3º A, 68094, Os Duarte','87967','San Blázquez Baja','Navarra','Argentina','+34 917-125579','participante111@panaurum.com','2025-03-28 11:07:41','$2y$12$pM724BdUKtTtWh.13XVHNOXzlBtq/hoOQ0cqp5R5aGJIxagWkf5bO',0,'4RB0NRQQLA'),(118,'participante112','',NULL,'Plaça Mario, 8, 7º A, 27184, Vall Correa de Lemos','21871','Gallegos del Mirador','A Coruña','Belice','+34 910-35-6520','participante112@panaurum.com','2025-03-28 11:07:42','$2y$12$p6XsLrk5.ScOaquEaThWKOmO8hocQKxVclfqNzTK9P.b76GpdPWHG',0,'aPTGMmYtu9'),(119,'participante113','',NULL,'Calle Colunga, 69, 1º, 45008, Perales de Lemos','91270','El Vila Medio','Castellón','Rusia','+34 928 45 2554','participante113@panaurum.com','2025-03-28 11:07:42','$2y$12$ti2YBqYqRdlHGwymMkl2TOnw3tX433fRk4lrW5BFiNb0IJnjRL/n.',0,'eImrbxc2PS'),(120,'participante114','',NULL,'Carrer Pelayo, 4, 77º 6º, 64253, Miramontes del Vallès','16528','Los Saiz','Girona','San Cristóbal y Nieves','921 47 8560','participante114@panaurum.com','2025-03-28 11:07:42','$2y$12$FZmH5/govpMVJ5w9Af.wa.Jpr/QI3gHFFfJlFaFJMd/KpokEOACAe',0,'BD0gtzus5H'),(121,'participante115','',NULL,'Paseo Irene, 29, 5º 7º, 66877, Villa Madrid','52002','Os Loera','Alicante','Portugal','+34 927 54 2931','participante115@panaurum.com','2025-03-28 11:07:42','$2y$12$R0BR6/qX5YmeMtDt/5xRDedTmMdnqp0Rk9PXllDanUcEfJQd.UKiW',0,'elQ1EZIwtr'),(122,'participante116','',NULL,'Avinguda Ornelas, 682, 9º B, 60141, O Orozco','26396','A Cisneros del Vallès','Castellón','Surinam','939-836056','participante116@panaurum.com','2025-03-28 11:07:42','$2y$12$fRrl5A/HwPnZdbMpta609OEbjH2FwTA.g.eoFQaCEtcY7jKmq7Ope',0,'w294iWyAXS'),(123,'participante117','',NULL,'Avinguda Almanza, 89, 0º D, 04800, Almonte de Lemos','97563','Vall Aparicio del Puerto','Granada','Afganistán','922-839951','participante117@panaurum.com','2025-03-28 11:07:43','$2y$12$aa8tFnG0vTOLyXkE/fRGLOHBb7DyRiUWUUo1dQCEvvxjq1.0nsHwe',0,'nUHwET98XT'),(124,'participante118','',NULL,'Ruela Domínguez, 62, 3º E, 99616, Vall Cornejo','27975','San Amador','Castellón','Moldavia','+34 938 84 8688','participante118@panaurum.com','2025-03-28 11:07:43','$2y$12$6g06oLgTC.4ajZeRk.o0SeT24wWj5Rm.RNd9Qw3UVC2y2I.u6EE2a',0,'1awhsQGraB'),(125,'participante119','',NULL,'Avinguda Santiago, 33, 21º 7º, 89417, Hidalgo del Mirador','83866','El Villarreal del Puerto','Valencia','Palaos','+34 919 24 9587','participante119@panaurum.com','2025-03-28 11:07:43','$2y$12$o.UKUS9Znhjmn3PD4RmwBux7SiaXF3hrLz2j6SuA/abLnyKD9.JDm',0,'5JdJNoNaRv'),(126,'participante120','',NULL,'Camino Ángela, 89, 87º C, 83950, Los Zamudio','01590','O Rojo','Álava','Andorra','+34 936 75 9174','participante120@panaurum.com','2025-03-28 11:07:43','$2y$12$i0qImws5l5aAOEQR63QhnOw6tOp0qU6RoNARthOz1SxiNKb2NcyXS',0,'MIVxSA6WKB'),(127,'participante121','',NULL,'Ruela Montalvo, 639, 93º C, 56002, L\' Martos','73739','Ramírez de San Pedro','Toledo','República Dominicana','981 132048','participante121@panaurum.com','2025-03-28 11:07:43','$2y$12$MdOxxZ8sDqqxT7YEawMjSevz50VoXCiGmDJD85WXSR2hSo5pRHAOK',0,'HyMjMotdPS'),(128,'participante122','',NULL,'Plaza Ceja, 24, 4º C, 38211, El Godínez','85199','Navarrete de las Torres','Ourense','Turquía','+34 912-56-4892','participante122@panaurum.com','2025-03-28 11:07:44','$2y$12$O0ftbREPW.pAoYeXqE6uKeOzRd6WnGXkU9XXmtfYAK6Lg6PMUuH76',0,'z8E7WNkMd7'),(129,'participante123','',NULL,'Calle Pol, 2, 62º 6º, 84759, Rincón de Arriba','75106','Puga Alta','Cuenca','Omán','+34 917-388113','participante123@panaurum.com','2025-03-28 11:07:44','$2y$12$tYht62DJLy.9B71S2P.TbuetcS8hYlic5i80QJIcohqqitgV98gUm',0,'C5kbS8JndT'),(130,'participante124','',NULL,'Rúa Encarnación, 376, 74º A, 95738, As Echevarría de Ulla','63860','Terrazas del Vallès','Guadalajara','España','933 51 9327','participante124@panaurum.com','2025-03-28 11:07:44','$2y$12$ZwQn/JLmHq1LZaSXUTd9wuHWnhj3twb9WCak3ua16TMOpO1rBQg6G',0,'KZnFeKzJxi'),(131,'participante125','',NULL,'Camino Terán, 79, 22º E, 86863, Ortega del Mirador','05428','L\' Soliz Alta','Guadalajara','Filipinas','+34 903-560123','participante125@panaurum.com','2025-03-28 11:07:44','$2y$12$f4btG5bAKuXq1EDyueAZT.1iYDlE2IFPKpU1.6FRQHK/hRl0lixpa',0,'39Zd75IKuv'),(132,'participante126','',NULL,'Ruela Sara, 2, 67º A, 94427, O Escalante','35938','Las Rosales','Valencia','Austria','901551602','participante126@panaurum.com','2025-03-28 11:07:44','$2y$12$hgd85gGYYGfLYdup0lprkuz/d2D.8v7jw9nREC88YeMqe5TA4CnBu',0,'nJ98IKER19'),(133,'participante127','',NULL,'Plaza Cabán, 44, 9º E, 95263, Os Tamez de Ulla','51125','Alanis Alta','Málaga','Guinea-Bisáu','998507405','participante127@panaurum.com','2025-03-28 11:07:45','$2y$12$5gW/DuWFLT4W0HTmICIU/Ov35iVngy3oCWUWY5ESbnQnnaqu9s3eW',0,'DlERD6F8AO'),(134,'participante128','',NULL,'Ronda Elsa, 9, 11º F, 81574, Las Acevedo','62246','Vall Luján','Burgos','Turkmenistán','+34 942-056029','participante128@panaurum.com','2025-03-28 11:07:45','$2y$12$zbZPaLYbRYxvoU1CH5SNse3pgOq1QGCCtWzTmTb353JKg.wrgdh4O',0,'fdXDOGFoKJ'),(135,'participante129','',NULL,'Travessera Alaniz, 373, 5º B, 43135, Villa Aranda del Puerto','70259','Los Carballo','Huelva','Tailandia','945052174','participante129@panaurum.com','2025-03-28 11:07:45','$2y$12$WU8KF0IPmgyQlfvkjFC7Nut8wSlSYhRpZ2mjacYvDuWOrf3R1mYj6',0,'s7RzuN5qWp'),(136,'participante130','',NULL,'Paseo Valdés, 788, 97º B, 59664, Las Ornelas','25245','Cobo Alta','Murcia','Islas Marshall','947244630','participante130@panaurum.com','2025-03-28 11:07:45','$2y$12$VG3nr5u5m23Cq9GbHBufZedUIFmvsev3U3PrpGZa8kIKTR9FKWO.6',0,'yz4Seizu2g'),(137,'participante131','',NULL,'Ronda Gabriela, 2, 6º F, 44650, La Jiménez','38430','Los Noriega Baja','Navarra','Islas Marshall','+34 959-03-0858','participante131@panaurum.com','2025-03-28 11:07:45','$2y$12$P7y02E2KU9JhIbzeIiEJleJcfDaLQ5QMnXx6Kf8vh2uTBjyRLDuQC',0,'kCJ3jI9au3'),(138,'participante132','',NULL,'Carrer Segovia, 23, 7º D, 14368, A Carrión','16896','A Oliver del Bages','La Rioja','Bután','+34 906 330229','participante132@panaurum.com','2025-03-28 11:07:46','$2y$12$6EhU0tW6ds28mBBhSqWTrOveKq9tNombN2de3rFuV/BtIs1MJ5UAe',0,'VZFFEPKRRs'),(139,'participante133','',NULL,'Camiño Margarita, 6, 39º 5º, 04803, Elizondo de Ulla','13176','L\' Anaya','Vizcaya','Afganistán','+34 936-01-7081','participante133@panaurum.com','2025-03-28 11:07:46','$2y$12$4NeNHdEj0/kEzMFt2ODxNuSMVOWhADMdusLr4y.4Fycbor9R6dt7G',0,'n1UBlHA56e'),(140,'participante134','',NULL,'Rúa Negrete, 8, 08º F, 70857, La Fernández','08840','Muñoz del Barco','Illes Balears','Etiopía','+34 920-686415','participante134@panaurum.com','2025-03-28 11:07:46','$2y$12$HIZV5KXSS8cRzywVMdK4PusHkzGslCZe51tPmw69eciKgohJaRujK',0,'uHFsN3pR1v'),(141,'participante135','',NULL,'Plaza Porras, 80, 75º E, 78967, La Tórrez del Bages','04516','Los Luis del Penedès','Jaén','Macedonia','950326287','participante135@panaurum.com','2025-03-28 11:07:46','$2y$12$zOsUeiooV9SMLNLruRtwxOZN/Up8eA3W61kmTqz/p3FLrAgmbc2Ba',0,'Vyto7tTl6p'),(142,'participante136','',NULL,'Travesía Leyva, 4, 2º F, 83639, Os Manzano Baja','84947','Las Jaimes de Arriba','Madrid','Albania','977832961','participante136@panaurum.com','2025-03-28 11:07:46','$2y$12$f0TnXHOqT8hDThPq87KqFe.JCZGzhaowoZOHX0Vniw1pUKMaHDjXu',0,'GEyADaVPny'),(143,'participante137','',NULL,'Ruela Báez, 6, 09º A, 32306, Loera del Puerto','36836','A Plaza','Granada','Togo','+34 996-03-9682','participante137@panaurum.com','2025-03-28 11:07:47','$2y$12$/4EzpqyiAQ0ncCFk2TB/BOLqU1Ee70ctcESvkJ25BIj7Mv/VdRy02',0,'saVsLnuoc0'),(144,'participante138','',NULL,'Camino Daniel, 2, 70º C, 09170, El Piña','02258','As Santamaría','León','Bulgaria','+34 994 46 0305','participante138@panaurum.com','2025-03-28 11:07:47','$2y$12$idEwVktbaEc/PF9fd/fsQ.z.nUUT6iwWEsz3/t/Qx1GXAM6soygrS',0,'gYqF1FuZUB'),(145,'participante139','',NULL,'Avinguda Carla, 48, 47º E, 81219, Negrón del Penedès','70539','Carrera del Bages','Lleida','Kazajistán','+34 981-681501','participante139@panaurum.com','2025-03-28 11:07:47','$2y$12$.8v5VfkzPRNt8vQD/CbLSelo8BKdQhNloYqBfiMC1.T/SuqnSpQny',0,'6ENwTRaLRY'),(146,'participante140','',NULL,'Travessera Expósito, 246, 1º, 37234, As Saavedra','48166','Las Moya','Cáceres','Rumanía','981344066','participante140@panaurum.com','2025-03-28 11:07:47','$2y$12$7JoGuAA0dYAthBbnCs8oSO5.bhaloQ1.jptxEPJ9LYJIEm0LHs/mS',0,'2qr9Fvh8yL'),(147,'participante141','',NULL,'Praza María Ángeles, 1, 4º F, 23787, A Ríos de Ulla','98967','L\' Marco','Teruel','Birmania','942-68-8359','participante141@panaurum.com','2025-03-28 11:07:47','$2y$12$dYkdZhjGupTourrC3ASL0uqx9iPE9KGcvlF0NCho7ryQRNEsrJSVG',0,'rm6eyHw1bq'),(148,'participante142','',NULL,'Rúa Roybal, 14, 55º B, 63635, A Ocampo del Puerto','65480','Portillo de la Sierra','Segovia','Eslovaquia','928121648','participante142@panaurum.com','2025-03-28 11:07:48','$2y$12$1h0kDQnP4EWCGW826GzYgOrZavcAxjDCnFmtWuRb9Qn8P0MCoSai.',0,'8Oh6P8B1sR'),(149,'participante143','',NULL,'Praza Anguiano, 26, Bajos, 24920, Rodríquez de Ulla','26279','La Rodrigo de Arriba','Illes Balears','Liberia','+34 925-56-8440','participante143@panaurum.com','2025-03-28 11:07:48','$2y$12$kfnab3K76vrEa4G78tngRuUDshjFGbzQwj750b6OQFDUdMZ1tjTf.',0,'m5nUMFjFeN'),(150,'participante144','',NULL,'Plaza Reynoso, 984, Ático 7º, 64074, A Verduzco de la Sierra','17746','Los Olvera','Alicante','Namibia','974-32-0240','participante144@panaurum.com','2025-03-28 11:07:48','$2y$12$PCJeuCXHsutOcSQIQz4.o.xknepJbxWK4q2qlPtmQcU29Nb.Hlwmi',0,'XRbgNHTqWE'),(151,'participante145','',NULL,'Travesía Nevárez, 95, 30º D, 16358, Los Valdez de las Torres','01817','El Carreón del Barco','Asturias','Irak','947076021','participante145@panaurum.com','2025-03-28 11:07:48','$2y$12$/MY0LRssnde5A0oTczwO4efuaKQ2duGCnyYqRV3.2kM3CfiH3Z.AO',0,'H8AmtGSR4y'),(152,'participante146','',NULL,'Ronda Encarnación, 2, 70º D, 14392, A Magaña','37577','Vall Ruelas','Zamora','Comoras','+34 994-25-6408','participante146@panaurum.com','2025-03-28 11:07:48','$2y$12$GGum3B801J.9AkkLW1eirOGiyJXAYK8mjJbJ6v1AJIwA451qtKx.u',0,'6qVQlRJ5Xb'),(153,'participante147','',NULL,'Carrer Arroyo, 865, 87º B, 76542, Oquendo Alta','22241','Escudero de Arriba','Illes Balears','Fiyi','949 26 3401','participante147@panaurum.com','2025-03-28 11:07:49','$2y$12$3NGt2i5Go3ldF5aPfjG60uKaJ9FXp3eWTpqFf8d7LkxwtTeauAqHO',0,'6smB7Eyjht'),(154,'participante148','',NULL,'Avenida Castro, 639, 9º A, 84364, Os García','27205','Os Gonzáles Alta','Almería','India','915 839337','participante148@panaurum.com','2025-03-28 11:07:49','$2y$12$bt5e8egbvyNqLKTqVkTYH.aofnDxiw6AMTHJ4TIQkLJyD5VNzpGRG',0,'SSj0hKobcT'),(155,'participante149','',NULL,'Ronda Alma, 1, 3º E, 51224, Verduzco del Mirador','57159','O Rentería del Penedès','Ávila','Alemania','+34 973595799','participante149@panaurum.com','2025-03-28 11:07:49','$2y$12$t4moaPVMoBNXgvDd5j1Foe05npKggVmg8USwJff5YrDQSEtqATUUi',0,'i1HrS5NZSF'),(156,'participante150','',NULL,'Passeig Chacón, 7, 5º, 53439, Villa Riojas','36567','Los Delrío','Huesca','Granada','+34 976-290195','participante150@panaurum.com','2025-03-28 11:07:49','$2y$12$14Dp8kVnjy5wlpwuFdSsbuIxiT2bI3slqnrFhalUzIKcxwn9kJntu',0,'uz94M9j0a1'),(157,'participante151','',NULL,'Travesía Pedroza, 504, Entre suelo 8º, 99669, Carrillo Alta','98618','As Mondragón','Huelva','Yibuti','+34 900 58 9729','participante151@panaurum.com','2025-03-28 11:07:49','$2y$12$SxulmItZSmOmnFvVa99OqO2eI.IfGZ/1isvPVG1AuB/7jD2Kp9m0G',0,'81QywU8DqF'),(158,'participante152','',NULL,'Rúa Lucía, 114, 85º B, 18803, San Rico','77635','San Gil','Asturias','Eslovenia','952-49-5062','participante152@panaurum.com','2025-03-28 11:07:50','$2y$12$58vjsuHsCFyY2T2Ynnnb6uYBU85.ZdWpQ.uky3z4iNbDoD/..tneu',0,'6cvmdvlngC'),(159,'participante153','',NULL,'Calle Rosa, 9, 23º A, 36847, San Sotelo','40654','Sánchez de San Pedro','Cantabria','Zambia','976 166353','participante153@panaurum.com','2025-03-28 11:07:50','$2y$12$sZKizz9rT8OEwC6BmlxkIO9YOQsL6w83e2gSvi0BlyxJLupeMbLYG',0,'7PyhJeTLyE'),(160,'participante154','',NULL,'Carrer Abril, 721, 2º E, 53604, San Barrientos','55114','Padrón de San Pedro','Zaragoza','Santa Lucía','+34 964381548','participante154@panaurum.com','2025-03-28 11:07:50','$2y$12$WEyOUKyZ3uYLFP0OYZnFGexSI02tdiLvnfZLmv8KXAhuXsZnkBHqO',0,'Mjj8vjVCpx'),(161,'participante155','',NULL,'Ronda Márquez, 64, 55º D, 86613, Los Benavídez Medio','56719','Díaz Alta','Illes Balears','España','+34 918 554752','participante155@panaurum.com','2025-03-28 11:07:50','$2y$12$ypcPytN4VGpqabg/qXQPwOfe36Ruks6Pu8bwhQS5tFJEy9mNved1q',0,'8ag6SId2pq'),(162,'participante156','',NULL,'Plaça Meza, 84, 20º F, 01922, Os Guzmán de San Pedro','11659','Os Quiñónez de las Torres','Toledo','Seychelles','925 98 8365','participante156@panaurum.com','2025-03-28 11:07:50','$2y$12$ZsHb6VDISWNKiy1ned9GguJrQNjyZ.xVNXZXrOACJtfqcMUQZlmbS',0,'Al5vKvhDos'),(163,'participante157','',NULL,'Travessera Beltrán, 60, 0º A, 24523, Villa Limón','71611','Las Meraz del Vallès','Santa Cruz de Tenerife','Arabia Saudí','+34 951-740075','participante157@panaurum.com','2025-03-28 11:07:51','$2y$12$uwPGucRClQ9ng2CMsbuHqebRJX6xKxviR2pVMaJ3Rt7MPkUT6CoNe',0,'Fawnztgktk'),(164,'participante158','',NULL,'Avenida Meléndez, 17, 5º F, 12799, L\' Cardona del Puerto','61450','A Salas Medio','Soria','Irak','+34 923-71-5840','participante158@panaurum.com','2025-03-28 11:07:51','$2y$12$oVYsN/auKiaApYrKUeHqEuJ8URPkAqpZq/iziqeXn92OuVeKutnha',0,'chA0q8hxYN'),(165,'participante159','',NULL,'Avinguda Pablo, 896, Ático 2º, 61412, La Amaya Baja','56013','Os Piñeiro de Arriba','Albacete','Vanuatu','932-130747','participante159@panaurum.com','2025-03-28 11:07:51','$2y$12$oNt.dYIuDUnKc.OPrd3pguUsz3/oTFnG4YdVH8eTtBmLTLCMnLCoy',0,'DOgYl9sIBt'),(166,'participante160','',NULL,'Camino Luna, 547, 84º F, 77169, Paredes de San Pedro','49433','Vall Armendáriz','Badajoz','Irán','+34 978224812','participante160@panaurum.com','2025-03-28 11:07:51','$2y$12$488Rsbx22R618R5QrfBjH.o5ir9qWA8ox9fSVp93XB5d77MfmfTvW',0,'YepzwA7jDH'),(167,'participante161','',NULL,'Paseo Alba, 404, 6º E, 57084, A Pastor','65259','El Benavídez Baja','Valladolid','Laos','+34 980-93-0259','participante161@panaurum.com','2025-03-28 11:07:51','$2y$12$jEYylA5i23X.v0hY20MikuRVzR6/rQ7vnUO3T4WoBKGHuW4y3TAhu',0,'vU6HTGZoqb'),(168,'participante162','',NULL,'Camiño Clemente, 17, Bajo 8º, 15787, Medina del Bages','73754','Alvarado del Puerto','Lugo','Zambia','948793164','participante162@panaurum.com','2025-03-28 11:07:52','$2y$12$phtITffIK5/b/nT0WcF9kuI0nDdoVbVWJCcUAigjQZWlowgGOMgAy',0,'qoV0ZmCOuf'),(169,'participante163','',NULL,'Plaza Cavazos, 7, Entre suelo 2º, 39050, El Flórez de Arriba','52315','El Merino de Ulla','Tarragona','Israel','951-41-0131','participante163@panaurum.com','2025-03-28 11:07:52','$2y$12$Rbr9atOiVVo4mN/A4inW6eiqLriWP/aCtD0uB8lj5halHNBFxTIqG',0,'sdEXI6srst'),(170,'participante164','',NULL,'Avinguda Andrés, 78, Ático 2º, 44550, Vall Zamora del Penedès','65982','As Mascareñas de la Sierra','Huelva','Mónaco','965317101','participante164@panaurum.com','2025-03-28 11:07:52','$2y$12$rmjeSVUpKmf.Gkqow7Vx6uA8AEZGQnO7CbEnBIDlbClwiVOs2JFRy',0,'WtQAntQntl'),(171,'participante165','',NULL,'Calle Nieto, 23, Ático 7º, 45487, O Terán','80756','Medina Baja','Burgos','Kenia','961-504765','participante165@panaurum.com','2025-03-28 11:07:52','$2y$12$DOnLRlepkMA3Uq9zuXN4POdd4/.M6NzO8ebBLIWU6kwI6MiAD7Eua',0,'guqWpi6xfv'),(172,'participante166','',NULL,'Paseo Alba, 9, Bajo 8º, 14218, El Polo','82100','La Aponte de Arriba','Asturias','Camboya','990 462170','participante166@panaurum.com','2025-03-28 11:07:52','$2y$12$u8OIg9FJ.o1I8MlAWbHM3./XJZveTfjFyuRxo5AVSsxD834FDnLWu',0,'MxBC0WCZiH'),(173,'participante167','',NULL,'Rúa Moreno, 966, 14º A, 52613, Rendón de Arriba','06687','Lucio de Lemos','Melilla','Catar','931-060904','participante167@panaurum.com','2025-03-28 11:07:53','$2y$12$EF4MZb427/DYm6fzWq1ReOyl3TRVz6IcuY87pS6F6pD2GqnxTn0AS',0,'1hMbXmszwY'),(174,'participante168','',NULL,'Camino Nájera, 57, 8º A, 24416, El Jasso del Puerto','66261','Miranda del Puerto','Badajoz','Tonga','+34 916-943030','participante168@panaurum.com','2025-03-28 11:07:53','$2y$12$WOEL9NdY9YSqD8U4nWEJc.V2yl8tVMrOKbgvoT62z1QUcWm4EItDa',0,'nEk4tNIjGg'),(175,'participante169','',NULL,'Paseo Quiñónez, 5, 6º 9º, 34605, Vall Sotelo del Pozo','27420','Las Matías','Huesca','Vanuatu','+34 942-175908','participante169@panaurum.com','2025-03-28 11:07:53','$2y$12$B1JwkxNFVu17IUrf8Iv3yuw/xBDi7a2p8SS2nZIg7XoCD8wbaHiAW',0,'A9qBqswmXr'),(176,'participante170','',NULL,'Praza Laura, 54, Ático 5º, 74641, Cobo del Bages','77894','Millán de Ulla','Ceuta','Finlandia','+34 940-84-6115','participante170@panaurum.com','2025-03-28 11:07:53','$2y$12$CaXFhiP5ragKkOxz579R3OET88DLGs57fZtroUhzRxNmeKOwt.0aS',0,'6Boo9Resiy'),(177,'participante171','',NULL,'Calle Carmona, 79, 7º F, 20537, Os Grijalva','22513','A Peralta','A Coruña','Tayikistán','+34 920-95-4073','participante171@panaurum.com','2025-03-28 11:07:53','$2y$12$SgMqe.0J7yAxgadX0Pg/3.QnKYTAy.pxGyWa0cXIPXSGbuxCBBfde',0,'hGOCYr93z7'),(178,'participante172','',NULL,'Plaza Nájera, 7, 3º, 40253, Casas del Penedès','83181','Villa López','Sevilla','Marruecos','956-864871','participante172@panaurum.com','2025-03-28 11:07:54','$2y$12$ukDsWorvmBJk14nPWU7E5OzRsa4CPVZRLPljkvVK/zj/4KrwI9Eha',0,'vuH4dpNoDf'),(179,'participante173','',NULL,'Avinguda Téllez, 242, 21º F, 73207, A Peres','91565','Corrales del Mirador','Soria','Japón','+34 957 250706','participante173@panaurum.com','2025-03-28 11:07:54','$2y$12$RNnEXwvmy/Y1sevKU3ldEu5RryjswyGcKoA1DRTvLujop.CIzURuq',0,'lAWSt7B6wn'),(180,'participante174','',NULL,'Avenida Collazo, 2, 6º B, 99870, L\' Santamaría','04133','Pastor del Penedès','Segovia','Libia','990-45-3876','participante174@panaurum.com','2025-03-28 11:07:54','$2y$12$kmXpcjqax6ADeqFJ860OEerPzmkrwsSUukXeD9mFUQGtejyJQQ.kW',0,'vnUtDg0ruQ'),(181,'participante175','',NULL,'Ruela Solano, 36, 3º 1º, 94855, Los Mascareñas','75009','As Amador','Palencia','Bután','988432249','participante175@panaurum.com','2025-03-28 11:07:54','$2y$12$xNsSc2IFhI1UaNRG2lz8b.x.zE7osiQotbewyjMZMCUQN7C4dxMcy',0,'MlfXxHEWbu'),(182,'participante176','',NULL,'Travesía Armendáriz, 8, 68º B, 25550, L\' Requena del Bages','01498','L\' Carvajal de Lemos','Alicante','República Centroafricana','914115495','participante176@panaurum.com','2025-03-28 11:07:54','$2y$12$20bRUA5JJnlmih2imiyX7.PU5/hwP6DU5gVeoHLRzUUkGt3.Apwb2',0,'DeCQ1RAf6W'),(183,'participante177','',NULL,'Travesía Segura, 7, Ático 6º, 73643, Rendón de la Sierra','63023','Las Meléndez del Pozo','Cuenca','Bielorrusia','997 355278','participante177@panaurum.com','2025-03-28 11:07:55','$2y$12$GHflMc5J084UTvmdiC58FuOdWHY6L1fRMqNRwqCLTdYDTC4RiZ/bW',0,'mhhZC78sFl'),(184,'participante178','',NULL,'Ruela Marco, 400, 5º F, 03685, A Casares','10988','Los Elizondo','Burgos','Vanuatu','911 520300','participante178@panaurum.com','2025-03-28 11:07:55','$2y$12$ZPxU.PI2d50vB9ENYgjjJe8eAe48GfKApunYZWy2HXE4tFyqovU0q',0,'SpjePKfBay'),(185,'participante179','',NULL,'Camino Carla, 4, 70º D, 25650, Bonilla de las Torres','94757','L\' Olivo del Vallès','Murcia','Chile','966 812637','participante179@panaurum.com','2025-03-28 11:07:55','$2y$12$5JB76NI3lcS6JRWSfX3mGOlh.vOyiofY0cXt2awlgVLpAH/ceneTO',0,'54fMcDrNHx'),(186,'participante180','',NULL,'Passeig María Pilar, 24, 9º A, 08663, El Cárdenas','74077','A Almaráz de Ulla','Alicante','Bélgica','+34 946-22-1814','participante180@panaurum.com','2025-03-28 11:07:55','$2y$12$wdKSHP8dI71GmvZVg78HSO0cvIBTG.GkrsgVIvmil3Ra2WvKMd53C',0,'Wh6mBRIrht'),(187,'participante181','',NULL,'Travessera Madrid, 9, 18º D, 25934, L\' Vila del Bages','68295','Los Olivares Medio','Tarragona','Somalia','961 384270','participante181@panaurum.com','2025-03-28 11:07:55','$2y$12$gLgCxFSfE7Z44G/hEEnl4OWGBpCoEFQ67xiRHmXdRGl4ukL8IL1dG',0,'WiDg7P1trr'),(188,'participante182','',NULL,'Travessera Ibáñez, 55, 22º F, 13252, Curiel del Vallès','40871','Las Montemayor del Puerto','Palencia','Mongolia','+34 965-216183','participante182@panaurum.com','2025-03-28 11:07:56','$2y$12$TTcBNfdwUohp.CSQfQVyx.7XoyFa0r4ZHzWUYkDiYswUsJbmC23r.',0,'vZPst0CenW'),(189,'participante183','',NULL,'Calle Alejandra, 701, 4º B, 35101, Carretero del Bages','93684','Baca de las Torres','Almería','Surinam','985320499','participante183@panaurum.com','2025-03-28 11:07:56','$2y$12$lNesW8G/QlzquRgiPO2dIecrFgkyLW5rPVsi7dqHqpoDiUWy//kzy',0,'4iyUAbilWD'),(190,'participante184','',NULL,'Ronda Serrano, 3, 0º F, 86218, El Cotto de las Torres','60338','As Cobo','Toledo','Santa Lucía','+34 936-878576','participante184@panaurum.com','2025-03-28 11:07:56','$2y$12$Ur9jkeprWbcwBoinKmGD8OY.EJnhk4u40bCZPXS4nAzWcUCCD0Dw.',0,'w4TF1PfDJM'),(191,'participante185','',NULL,'Plaça Inmaculada, 98, Entre suelo 3º, 70634, Jimínez Alta','50612','Bautista Baja','Zaragoza','Libia','+34 924 27 8570','participante185@panaurum.com','2025-03-28 11:07:56','$2y$12$JObFnuuWpIY1QAfjY.cDkuJBxuHtboYUdkNYDlkMAfje.e8aN6aDy',0,'L3vXwerUId'),(192,'participante186','',NULL,'Camiño Gloria, 278, Ático 5º, 60850, Giménez de las Torres','70310','Díaz del Vallès','Almería','Costa Rica','+34 999127593','participante186@panaurum.com','2025-03-28 11:07:56','$2y$12$s3vfkl3vj.jNMU4e5ym3l.brUqKOm15EbumhoBcFfmudNKLW6PY5S',0,'D2NCpUffEH'),(193,'participante187','',NULL,'Camiño Leiva, 7, 2º F, 64478, Escribano de Lemos','50456','As Aguirre Baja','Ávila','China','+34 983-432868','participante187@panaurum.com','2025-03-28 11:07:57','$2y$12$8iLk800uWbCQsBmHFqb6HegOGT8TLiIkexL2yAEG2YZyO/GtViO9a',0,'XqkZanlAfw'),(194,'participante188','',NULL,'Plaça Rosario, 15, 42º A, 97694, O Tamayo','63360','L\' Valenzuela','Santa Cruz de Tenerife','Etiopía','911-813160','participante188@panaurum.com','2025-03-28 11:07:57','$2y$12$VoF4rCXWe/DbAAhZTXHm4OrZ69vadg2L6.1sn629MGf88w8fBwnW2',0,'zIoTSXVrLO'),(195,'participante189','',NULL,'Passeig Gabriel, 68, 8º A, 60377, Sánchez del Pozo','37872','O Pedraza','Guadalajara','Sri Lanka','+34 905 18 4670','participante189@panaurum.com','2025-03-28 11:07:57','$2y$12$oNc3/yw5rKztsASrfdYMhOfVMtNVTTADkfRhdHebZGd2iYKyNaFp6',0,'olV6F6WK0e'),(196,'participante190','',NULL,'Passeig Luna, 225, 8º, 29944, As Aponte Baja','89227','O Pichardo','Granada','Arabia Saudí','+34 981 84 3794','participante190@panaurum.com','2025-03-28 11:07:57','$2y$12$DXtzvmqZKde3GiHWkdTPZuMgZTf/WnmiF0sa3qsFxo7aXePbX/f0q',0,'soAZluopTN'),(197,'participante191','',NULL,'Camiño Velázquez, 861, 1º 4º, 91894, La Garibay Medio','72691','A Alaniz del Mirador','Pontevedra','Irán','+34 909 18 8113','participante191@panaurum.com','2025-03-28 11:07:57','$2y$12$tFk68El148KwPW1pHDwEb.tWYJeC.bY5avtB8DyVYrMY3a9w.YhvK',0,'cnWCNVZLp3'),(198,'participante192','',NULL,'Praza Martina, 913, 3º B, 75643, Vall Lebrón del Penedès','28020','Castaño de Arriba','Ávila','Jamaica','964-60-9618','participante192@panaurum.com','2025-03-28 11:07:58','$2y$12$8/C5V14ha4XKAiBmuFZ3Uu1fsX.wvWNoXj0/6ugUgrlGyTMibx7Wm',0,'dmvTfhX7Sj'),(199,'participante193','',NULL,'Praza Rosario, 569, 73º C, 23766, Villa Contreras','93009','Godoy Medio','León','Mozambique','+34 947 46 6431','participante193@panaurum.com','2025-03-28 11:07:58','$2y$12$PNA5hRoLWFniE.11GEa1n.vVo8dfPnHLtw28MhxmByWFOVXHyuo/K',0,'A59OJ3YUQw'),(200,'participante194','',NULL,'Carrer Mateo, 6, 66º B, 31378, Girón del Bages','26593','Vanegas del Barco','Jaén','Gambia','+34 913 781424','participante194@panaurum.com','2025-03-28 11:07:58','$2y$12$TtayfRzHBxFgXZrkkOMNv.A8.79LR2Wh/ZxBb1U3ae4JJeDkWIUOC',0,'R6sIvwUTW5'),(201,'participante195','',NULL,'Calle Noelia, 6, Entre suelo 9º, 90495, Villa Hurtado del Pozo','84771','Los Carbonell de la Sierra','Toledo','República Democrática del Congo','900-05-1836','participante195@panaurum.com','2025-03-28 11:07:58','$2y$12$8Qi/oaKFlpaHd/X9QweVn.661OEx5DjgGGs.SeMv/kZT6SuzE02Fq',0,'Kqyv1f0pOu'),(202,'participante196','',NULL,'Travesía Andreu, 6, 92º E, 35805, Cadena del Mirador','82007','San Correa Baja','Pontevedra','Guinea-Bisáu','928-03-5683','participante196@panaurum.com','2025-03-28 11:07:58','$2y$12$e/ojDyDP8cBRi04NhURlmO1RzwEjC5BtRiGOhxVqcu6veLesvr68.',0,'EA9DTovADB'),(203,'participante197','',NULL,'Passeig Adam, 932, 2º B, 93928, Vall Rosas','07128','Calvillo Baja','León','Camerún','+34 921 352885','participante197@panaurum.com','2025-03-28 11:07:59','$2y$12$AY0fAvDYR3dzxDDoam4jtuxWPs56wxgFLHb18.dU6unDhVmqRvC2i',0,'wZBEjjs8Pi'),(204,'participante198','',NULL,'Ruela Ávila, 70, 6º D, 05255, La Gálvez','59767','A Reina del Mirador','Castellón','Kiribati','+34 938 618723','participante198@panaurum.com','2025-03-28 11:07:59','$2y$12$sUdmJSW6nKfA3.BWZrdhXu9GcGmRS36IdKYDByDgzXW0VPK4yyxm.',0,'HCeBf9n0M0'),(205,'participante199','',NULL,'Ronda Lomeli, 8, 1º, 51696, Cuellar de San Pedro','92290','Meza de Lemos','Lugo','Islas Marshall','+34 961 80 9170','participante199@panaurum.com','2025-03-28 11:07:59','$2y$12$AGWQf1euZiRQJKjc42beSuvDhxfBVVu/wjwGqZbcHdsjWou16rY5G',0,'kLEvpkDY8v'),(206,'participante200','',NULL,'Travessera Ian, 1, 3º C, 50464, O Zelaya de Arriba','16149','Solís de San Pedro','Palencia','Santo Tomé y Príncipe','990-943180','participante200@panaurum.com','2025-03-28 11:07:59','$2y$12$xKVkDItyaZbFiWZzdEMhiOJjKccMUGjsB6r/TiKJo6EdlpECF5GqS',0,'eqfH9E0WpA'),(207,'participante201','',NULL,'Ruela Juan, 4, 9º F, 04246, L\' Díez','89404','Piñeiro Baja','Córdoba','Benín','947 148488','participante201@panaurum.com','2025-03-28 11:07:59','$2y$12$eHzjwCo1RDKOUjUvEWu8WOtLGS/Iqj/PbhGQj9OpRU6Z816xnhxsq',0,'XDi1sGvSuR'),(208,'participante202','',NULL,'Plaza Fernández, 230, 5º E, 90468, O Valenzuela de Arriba','03059','Esquibel de Ulla','A Coruña','Uruguay','+34 901202397','participante202@panaurum.com','2025-03-28 11:08:00','$2y$12$pdpWHqa.xCtIiyS0TqzoAOM8h9doNdqb0SG7wPPG5g46ccMtE1aum',0,'OVzAhdqSs9'),(209,'participante203','',NULL,'Ronda Nora, 47, Bajo 5º, 55482, Alfaro del Vallès','02783','Paz Alta','Zaragoza','Eritrea','+34 946 568565','participante203@panaurum.com','2025-03-28 11:08:00','$2y$12$vmuL76BhML18YA4vJX7OTO76uy2kOKqxtnfXU8twUWYNcFIRd9T/S',0,'IQd8XosKx0'),(210,'participante204','',NULL,'Ronda Lozano, 8, 3º A, 16853, Las Uribe','32799','Collado del Barco','Badajoz','Montenegro','931370230','participante204@panaurum.com','2025-03-28 11:08:00','$2y$12$wPl5po9QD5/faTMrkVrWC.A4FH64SfwJfybp4SpjG5E3LWvCjw1WG',0,'hr28Eckqy4'),(211,'participante205','',NULL,'Plaça Alba, 6, 5º C, 02872, Las Bautista','40660','Longoria del Mirador','Córdoba','Chile','949-45-2027','participante205@panaurum.com','2025-03-28 11:08:00','$2y$12$mZrJBXFWf9yYh06WMOLkCOU9miEuDGxF.io/823Qy9SytrcoLglcW',0,'z1lOCpSqli'),(212,'participante206','',NULL,'Rúa Oliva, 17, 9º A, 19505, Los De Anda','78669','San Mondragón Baja','Álava','Cuba','+34 938 44 6144','participante206@panaurum.com','2025-03-28 11:08:00','$2y$12$FiB3ECZGMBXVPko.TfdRYe2xNSsAv9tb3taNQiWaiecs75h34dNXy',0,'b8jHhJTH8Y'),(213,'participante207','',NULL,'Travesía Huerta, 211, 18º A, 41138, As Valle','73015','Rosales del Puerto','Cuenca','Francia','+34 974 55 0782','participante207@panaurum.com','2025-03-28 11:08:01','$2y$12$W4VvPSWaVtt2zK/v4B4iJ.x5uDq/mL6Oq8CmYs.CKQdt5GnlzT6zm',0,'7q8d3gxFHr'),(214,'participante208','',NULL,'Passeig Madrigal, 2, 91º F, 49007, La Espinosa','98669','Vall Lucas','Cantabria','Liechtenstein','957 137551','participante208@panaurum.com','2025-03-28 11:08:01','$2y$12$GQ42WNfTCMM15BKPq.ZS/O/d9rO8u1ilbnH038.bc94elMSYmpMQG',0,'nbICiLIJeX'),(215,'participante209','',NULL,'Camiño Soto, 7, 8º F, 70525, Navarrete Baja','15561','Os Farías','Madrid','Burundi','+34 975831507','participante209@panaurum.com','2025-03-28 11:08:01','$2y$12$kiFsR7TLA7SQcTIYmangROKOiQX3tL4g.LR4BnJJsehKpfOCeyDt2',0,'xctrlYIPej'),(216,'participante210','',NULL,'Avenida Verónica, 895, 59º 6º, 21457, Vall Bautista','92152','O Cortés','Toledo','Costa Rica','971 45 5259','participante210@panaurum.com','2025-03-28 11:08:01','$2y$12$2X7hMJxEAMSkFkA1SZVJf.Ty4IsQWkKu7uCfRzfS1NfaHJ2/MLemK',0,'UiNhMPWmAT'),(217,'participante211','',NULL,'Praza Coronado, 6, 20º E, 72447, Los León','70084','Grijalva del Puerto','Ourense','Timor Oriental','+34 942-603764','participante211@panaurum.com','2025-03-28 11:08:01','$2y$12$eJE5b.ta2nhfFE6nhMfBLekQkjbNLNjUWC2AV1F6fnqcSERlJSPCu',0,'AIV2J2QG7F'),(218,'participante212','',NULL,'Rúa Ángel, 48, 6º A, 89653, Colunga de San Pedro','03742','A Salinas','Pontevedra','Togo','936605593','participante212@panaurum.com','2025-03-28 11:08:02','$2y$12$QL1kGK7mxNwaI1ZddYWwvucoFq2JGz9dt5IYiRzENp8nc7uf2f0UG',0,'4Pf4akVpxF'),(219,'participante213','',NULL,'Camiño Esther, 55, 6º B, 71602, Corona del Bages','43810','Vall Padilla del Penedès','Barcelona','Malasia','+34 967-037579','participante213@panaurum.com','2025-03-28 11:08:02','$2y$12$eMb8CwKGrVmfXT.7YT6fu.D5N1C1ujjNCtbAAZgKoYNzxOKdOfMXW',0,'xSMj3UUBMX'),(220,'participante214','',NULL,'Ruela Carbonell, 9, 77º C, 94478, Cedillo Alta','42240','La Herrero','Barcelona','Surinam','929185155','participante214@panaurum.com','2025-03-28 11:08:02','$2y$12$OnmjIa10kIl0UUWQtlMnb.pIKX5Y0CiueBr1zqozNgMY7sP4cOSGK',0,'VPqfkfsO9t'),(221,'participante215','',NULL,'Plaza Font, 756, 0º, 24132, Sosa Baja','38307','García del Bages','Asturias','Guatemala','966 32 6339','participante215@panaurum.com','2025-03-28 11:08:02','$2y$12$0sD8pgdED9KuI64dreRAXeQaYOpfcwppOdNQ4EDDBRN2wnqRi8CuW',0,'D4ccnwMboS'),(222,'participante216','',NULL,'Avinguda Laureano, 28, 98º B, 01374, El Lira de Arriba','44719','El Reina','Barcelona','Israel','+34 929 23 2166','participante216@panaurum.com','2025-03-28 11:08:02','$2y$12$.GoXcRLyxbCke5XfoL1GGuSY3qb1GXjfaNb1jRtQgdzSO0l5A4EbO',0,'hjv9L9FcNB'),(223,'participante217','',NULL,'Praza Tapia, 375, Entre suelo 6º, 57580, A Saavedra','13540','Aguado del Penedès','Granada','Sri Lanka','931-908829','participante217@panaurum.com','2025-03-28 11:08:03','$2y$12$67iFFmS2GWVxxflmdHUm9uhIlyKrwXcXNs1THTAQC3h63lZVIt7HO',0,'bppkDKqfkM'),(224,'participante218','',NULL,'Ruela Alfaro, 80, 40º D, 95548, Vall Santacruz','22277','Vall Cardona','Palencia','Malaui','932 60 9485','participante218@panaurum.com','2025-03-28 11:08:03','$2y$12$G9KVv7RcibYxC27zYdyPQOl23.SrtMuDdO.pFaAJSEKLtO8ciiRUm',0,'n2tf6C9RJP'),(225,'participante219','',NULL,'Carrer Moreno, 4, 95º 3º, 80028, A Alonso del Puerto','26466','Ponce del Bages','Palencia','Honduras','+34 983 389986','participante219@panaurum.com','2025-03-28 11:08:03','$2y$12$Zp8hVpyAOdKzKo8CbGfZpufzE/NBMjiDjoF1TwxJveDWcfpK47Jca',0,'YKAmMoxb1R'),(226,'participante220','',NULL,'Plaça Ulloa, 6, 68º B, 76560, Los Ozuna','83525','Sierra de las Torres','Teruel','Samoa','942043460','participante220@panaurum.com','2025-03-28 11:08:03','$2y$12$5THZlfQ0cG2QuBL8dVy9z.nf52.yzc8nlOUy.yCzcCBzm7h1X6X4u',0,'2IKKcYU5ia'),(227,'participante221','',NULL,'Calle Ruelas, 92, 43º D, 52038, Vall Olivárez','82401','L\' Casado del Barco','Badajoz','Haití','904-43-3577','participante221@panaurum.com','2025-03-28 11:08:03','$2y$12$RolqUSqdpB5ZqmZeYsJHxOxsyff2SaCwSVY1JZ35tV35UgDUwpvPq',0,'bid8aTDhsB'),(228,'participante222','',NULL,'Ronda Diego, 1, 1º 0º, 34855, Urbina de Lemos','55978','Ceja del Penedès','Badajoz','Mauritania','+34 998 40 6994','participante222@panaurum.com','2025-03-28 11:08:04','$2y$12$F6w8m4vUdZ7V1tQMUHj5beUDKTpbyBwbfZ85j1OIRdTlkRXWKDXhe',0,'qFSFtru9S4'),(229,'participante223','',NULL,'Ruela José Manuel, 555, 45º B, 09188, Vall Clemente','72038','Limón del Penedès','Málaga','Laos','+34 911 659803','participante223@panaurum.com','2025-03-28 11:08:04','$2y$12$tRIdsbYtnMadm4A/r7ddjuKevA0Evqbmg/vOnN.7gvW9zIn.T73fG',0,'hIIAb5ozmI'),(230,'participante224','',NULL,'Calle Silvia, 65, 6º B, 55573, Caraballo de la Sierra','76174','Vall Barroso del Penedès','Guadalajara','Luxemburgo','+34 909 417946','participante224@panaurum.com','2025-03-28 11:08:04','$2y$12$bTD.jNEqJr6VyYxgUqYKRubjDcd/heXzUqubY6iWeVrnVTvkLZ3GK',0,'CEuVgHciTr'),(231,'participante225','',NULL,'Travessera Alicea, 747, 91º C, 17238, El Delarosa','94235','Os Bravo','Ciudad Real','Irlanda','929 671476','participante225@panaurum.com','2025-03-28 11:08:04','$2y$12$YMj9c9N6J2uLk761nW0QP.G0nMsSs8zM1VPK/bCbm6qcPzf8Vue7O',0,'RwHne9wbOc'),(232,'participante226','',NULL,'Avinguda Saldaña, 51, Entre suelo 6º, 52055, Os Medrano','46772','Marroquín de San Pedro','Girona','Kiribati','983 37 1559','participante226@panaurum.com','2025-03-28 11:08:04','$2y$12$qwigdIW4DwVHrd.V0QIynuVfhY3HXnjtud6IAXBm7qYMIAXschj/W',0,'Jc4AEyHGD4'),(233,'participante227','',NULL,'Carrer Barajas, 55, Entre suelo 6º, 82726, Os Arredondo','47105','Los Abrego de las Torres','Tarragona','Islas Marshall','+34 951-006946','participante227@panaurum.com','2025-03-28 11:08:05','$2y$12$kGeUp2h2Ym6tJeKfuMaDS.j/m6UYlrHeFYh/arllrWGx.WOqtUsO2',0,'v298VIqu4D'),(234,'participante228','',NULL,'Paseo Carrero, 833, 8º D, 88908, L\' Acevedo de la Sierra','66364','La Alvarado Alta','Granada','Mongolia','963-372190','participante228@panaurum.com','2025-03-28 11:08:05','$2y$12$AqAlDIURCztLnYB9QCRdNO/ktXGD/d.8igb2HW00QxWGMoGosrmKq',0,'IbHTEtkce1'),(235,'participante229','',NULL,'Ronda Valeria, 2, 3º, 09259, Os Montemayor','77653','Los Borrego','Lleida','Jamaica','+34 961-945582','participante229@panaurum.com','2025-03-28 11:08:05','$2y$12$i6lvKIFcmlfNGy9YnjxCDebnzbvtW15JVizuOYwb7yycWljggiiYW',0,'ijpjppd733'),(236,'participante230','',NULL,'Paseo Yago, 853, Bajos, 06251, Almonte del Mirador','34075','Villa Sánchez','Álava','Irán','973-371479','participante230@panaurum.com','2025-03-28 11:08:05','$2y$12$2PrzPhuQJNfndA9TAbeC0OjxlryXpTvx5iC4pLgenIGMO.sHeLNiG',0,'O7wwPHTu4I'),(237,'participante231','',NULL,'Praza Escribano, 38, 63º C, 52573, El Tello del Vallès','78820','San Valdés Alta','Zamora','Nicaragua','+34 901 640354','participante231@panaurum.com','2025-03-28 11:08:05','$2y$12$Gfc5QvNKSWNurdIS6LlFcOlUUsag.d6o9jf21uodTD/s2g3/PPGHK',0,'6ib0qGX0dj'),(238,'participante232','',NULL,'Avinguda Valladares, 8, 70º D, 08282, Villa Zarate Medio','50096','Os Batista de San Pedro','Illes Balears','Panamá','+34 929 73 5245','participante232@panaurum.com','2025-03-28 11:08:06','$2y$12$zwH1mhcDXex516fF7eazK.v1aMDGbKf/RCea1iuF8DY6ArPH0N06G',0,'o4MgYVOjXb'),(239,'participante233','',NULL,'Plaça Carbonell, 488, 47º C, 46505, Bustamante del Mirador','52224','Los Montez','Segovia','Jamaica','964-192318','participante233@panaurum.com','2025-03-28 11:08:06','$2y$12$uNGQ9zMalCFwdOazPddbjuWFl9xLBcQ9U.amLguUZicPGaZFyoThS',0,'WdLkiAjjb2'),(240,'participante234','',NULL,'Praza Balderas, 55, 1º 4º, 18398, Vall Guzmán','17820','Sisneros Medio','Ourense','Japón','943 247793','participante234@panaurum.com','2025-03-28 11:08:06','$2y$12$4K2DqH9KQ6Y9xxSeif9MEOUwI6Z4i20q.TDHgeEfgzqan48QU.15C',0,'BlfBVdpokE'),(241,'participante235','',NULL,'Camino Aaron, 958, Bajo 2º, 26096, Os Castro del Penedès','62798','San Moreno del Puerto','Murcia','México','+34 910 28 4264','participante235@panaurum.com','2025-03-28 11:08:06','$2y$12$mDhFDFD3L2f4dRNICSnseOdwjir7ppjBnmDXskjfGMAoR9br1q6wK',0,'ZdkvV6La3x'),(242,'participante236','',NULL,'Travesía Aleix, 821, 7º E, 79910, San Puente','15567','A Rivas','Pontevedra','Estonia','+34 948 654214','participante236@panaurum.com','2025-03-28 11:08:06','$2y$12$8miFJZiHTScyZ7S6l9PckecXGb0l53gpAUcRFMKRg2ym0fCcdGuom',0,'VWwlcJRRPD'),(243,'participante237','',NULL,'Calle Pol, 276, 2º A, 21077, A Díaz','79503','Los Piñeiro de San Pedro','Córdoba','Bulgaria','+34 985 954696','participante237@panaurum.com','2025-03-28 11:08:07','$2y$12$qdxlpFE7vOeQxuD3YlWfjeQSXAE2QrZWmVN23.XME8JgNoaQ0gLRm',0,'fWHdyDELhc'),(244,'participante238','',NULL,'Carrer Francisco Javier, 75, 73º D, 26744, Os Santiago del Barco','71859','Los Roldán Baja','Pontevedra','Honduras','+34 963-462418','participante238@panaurum.com','2025-03-28 11:08:07','$2y$12$6D93BZ1y2aT8xjAWLSVWnuzEbpufXKFVbpXkv5owtyR.c4mE4iY8W',0,'cJq5txXKeQ'),(245,'participante239','',NULL,'Paseo Lara, 932, 45º A, 56870, Muñoz Alta','05041','Martí de la Sierra','Soria','Trinidad y Tobago','+34 919919647','participante239@panaurum.com','2025-03-28 11:08:07','$2y$12$xCiqEFzFSpz/GzYWp.cgDuFf.oBX9QoYamS0xq8hWCTBnn.v.Digq',0,'vTpD0pUTxr'),(246,'participante240','',NULL,'Ronda Yago, 744, 82º B, 95277, Vall Rentería de la Sierra','77812','Villa Ayala del Vallès','Alicante','Corea del Sur','+34 937 925939','participante240@panaurum.com','2025-03-28 11:08:07','$2y$12$SRwyEsAuZT0KAic6uF.Np.cuhCWJmDkmALVkDT9W/vQHCIPyHrHrq',0,'IPNu0ahADF'),(247,'participante241','',NULL,'Travessera Diana, 815, 3º C, 88228, L\' Sáenz','89685','Tamez del Pozo','Tarragona','Filipinas','924 44 2992','participante241@panaurum.com','2025-03-28 11:08:07','$2y$12$FGpWEmJ4rj63z8ZfuUa23OPajLEGQ3.awqOWW3mk5TgU9FqPVYrB.',0,'2I3QzECVoy'),(248,'participante242','',NULL,'Praza Alberto, 21, Bajos, 60382, Valles de Arriba','79553','La Méndez','A Coruña','Ghana','+34 938-06-1813','participante242@panaurum.com','2025-03-28 11:08:08','$2y$12$MeQCv6u4guR7tG5fdthfHuK9qq6MK46.2ENvfSH8aI9cj0T5vKyQK',0,'QvSZ5hRABi'),(249,'participante243','',NULL,'Ruela Gaitán, 2, Bajo 2º, 43081, Los Quiñones del Puerto','52692','Cazares de San Pedro','Melilla','Burundi','+34 988136181','participante243@panaurum.com','2025-03-28 11:08:08','$2y$12$d39A8OhXfq9jOKsAHK3ar.VjpuM1OI6GkQYfG.RiIw3Pa1NgUrP2K',0,'BkKSf581Mt'),(250,'participante244','',NULL,'Avenida Carmona, 21, 5º D, 33846, L\' Chávez','05706','Las Requena','Segovia','Argelia','967-35-7517','participante244@panaurum.com','2025-03-28 11:08:08','$2y$12$NDVKbTcjRE7TRrtscTOlfu8ds5c4SwQfPpCMKeoG.Ue9PqfGG4Aau',0,'0kgPLFQLZ2'),(251,'participante245','',NULL,'Praza Rosales, 16, 04º E, 82524, Camacho del Puerto','23345','Los Pantoja del Penedès','Soria','Cuba','+34 934-23-1982','participante245@panaurum.com','2025-03-28 11:08:08','$2y$12$lvPzZ5eZ1cynZIPrvU6L3eqTmTrIb3NjkMfjndj0rcDET1o.EOkP.',0,'OKiiYhU3Oq'),(252,'participante246','',NULL,'Praza Mena, 886, 0º D, 22489, A Yáñez de Arriba','59291','Vall Cervántez','Alicante','Costa de Marfil','+34 909 17 5714','participante246@panaurum.com','2025-03-28 11:08:08','$2y$12$UZsAwvm6guiQ3n3wSwbSIezYRvXP7vXEgue1AtBwK6N6ebbMVh6d.',0,'VvNpUHkCnX'),(253,'participante247','',NULL,'Rúa Cavazos, 98, 76º D, 50682, Vall Benavídez','53266','Armijo Alta','Toledo','Granada','994-650307','participante247@panaurum.com','2025-03-28 11:08:09','$2y$12$yuBobu3JYco1egKt04rGy.u/zjdvTmrP2ntWq6uLT3XQjfO2EVFea',0,'w3qK4LLm4l'),(254,'participante248','',NULL,'Avinguda Alcaráz, 3, 58º E, 50597, A Negrete','88143','Rodríguez del Barco','Cádiz','Uganda','998 415740','participante248@panaurum.com','2025-03-28 11:08:09','$2y$12$WpP0T6s4xgM6CDltHYE/tuLQVJ8JDGZyaGzTqDIbbpYKAUU74tVcG',0,'55c9Xqu040'),(255,'participante249','',NULL,'Carrer Aurora, 534, Bajos, 96316, O Alicea del Penedès','29066','O Oquendo','Ávila','Malta','+34 918 35 0980','participante249@panaurum.com','2025-03-28 11:08:09','$2y$12$NdJi.nIuLycRxnbeWw47VOQRBH8z1NZD.zk8Hm5OhRfBKm.ksc7i.',0,'3k2ltyNPpx'),(256,'participante250','',NULL,'Plaza Martina, 68, 47º A, 09772, Os Cabello del Bages','10757','El Sandoval de San Pedro','Lugo','Malaui','+34 947027844','participante250@panaurum.com','2025-03-28 11:08:09','$2y$12$Hm0r4JPVPlcxmvLCgH777uqmEp3plkhZoABSdg4Q8beInxGWL.ncu',0,'jWnAEh4AlU'),(257,'participante251','',NULL,'Travesía Jesús, 216, Ático 0º, 68925, Las Medina','93731','El Castañeda','Huelva','Líbano','910-14-3295','participante251@panaurum.com','2025-03-28 11:08:09','$2y$12$IA8WrEFwMInCq1VzHvpuau9t.hiWeOwCX02Cpy7ELXM0XfRVgRlQi',0,'HDNWMs9qFE'),(258,'participante252','',NULL,'Avenida Montañez, 7, 36º D, 45126, San Trejo del Mirador','83275','A Valadez del Bages','Alicante','Georgia','+34 962723034','participante252@panaurum.com','2025-03-28 11:08:10','$2y$12$roGJVqlzlPcly9YS1gl1mOiTFEixXw4PsLtIL2LnsBRfnQtLYjweO',0,'oeIagTjst6'),(259,'participante253','',NULL,'Ronda Josefa, 110, Bajos, 91124, El Valentín del Puerto','54278','Los Aguirre Baja','Burgos','Fiyi','+34 974 12 7503','participante253@panaurum.com','2025-03-28 11:08:10','$2y$12$7tjRhieL4XaMA.eZL9pYJOrrPsDPMnqfKIkQj4WO6KKFs.LLbwESG',0,'0Lpy0QB12L'),(260,'participante254','',NULL,'Camino Aragón, 6, 3º B, 59103, San Nava','03854','Las Gutiérrez','Barcelona','Ghana','944-339081','participante254@panaurum.com','2025-03-28 11:08:10','$2y$12$9tOTb0KxB5SRB2arwHsib.LfF4pKmJaeY8LPnmhsbCLk15WQBf.KW',0,'FXcKXMgh1X'),(261,'participante255','',NULL,'Camiño Rodrigo, 1, 26º E, 09748, La Rosas','80305','Córdova del Penedès','León','Bahamas','+34 974 75 0868','participante255@panaurum.com','2025-03-28 11:08:10','$2y$12$fzkzRmOrg12pcULMmjm9Bu6cguZeqHst83Py59/oQlS1/cK6k/Eja',0,'JFcsaSe2qJ'),(262,'participante256','',NULL,'Ronda Ceja, 808, 74º A, 69883, Os González de las Torres','56033','Acuña de Lemos','Asturias','Lituania','+34 963 991269','participante256@panaurum.com','2025-03-28 11:08:10','$2y$12$6IBLtLf2uHCGEinZ5Buyc.ru3uhMlPaDoN0oZLGd2zfe7g9eJeEhK',0,'DfLLR5WHYD'),(263,'participante257','',NULL,'Calle Matos, 4, 4º F, 10401, L\' Carretero del Puerto','28505','Villa Tapia del Mirador','Barcelona','Zimbabue','+34 916 299486','participante257@panaurum.com','2025-03-28 11:08:11','$2y$12$INtUrDvNsP9Yscgn7iIot.7HWEqcRVKG4zebHaA7QpnE6f6cAuCo.',0,'9JzJYDCqkB'),(264,'participante258','',NULL,'Paseo Salma, 59, 68º E, 15758, As Andreu del Puerto','60035','O Ontiveros','Guipuzkoa','Pakistán','+34 935 117413','participante258@panaurum.com','2025-03-28 11:08:11','$2y$12$UWUmhX5gLnibASFNyWuGj.HRoQgs2XEY1szyeeY2jjDEsHAhvCFxS',0,'VVMMJqZXdg'),(265,'participante259','',NULL,'Rúa Rosario, 5, 5º A, 58033, La Tejada del Penedès','35808','Villareal Alta','Ceuta','Mauritania','+34 972-92-7117','participante259@panaurum.com','2025-03-28 11:08:11','$2y$12$cB9tactp4fzaShqOf2vMeuyUuwjVlQICrpvmlIap2nh5bGq1gbbia',0,'u5m5ySvlOf'),(266,'participante260','',NULL,'Camiño Dueñas, 38, 70º D, 16205, San Laureano','32613','Melgar de San Pedro','A Coruña','Azerbaiyán','+34 978 74 8456','participante260@panaurum.com','2025-03-28 11:08:11','$2y$12$yV3HFoFvuLsSnOcjH5DRFOjn1E9hnwpYchwonMcdFsQDQUb/gFvu6',0,'gSXfleGMBk'),(267,'participante261','',NULL,'Rúa Lara, 2, 50º 5º, 54340, Las Negrete','46021','L\' Meraz','Sevilla','Uganda','913-90-5671','participante261@panaurum.com','2025-03-28 11:08:11','$2y$12$kSQKjRErOcgjoeNsOCqRfuE6yvywK.egHzXUAkA7xGQJfcD09X8YK',0,'2AsB2eGsCH'),(268,'participante262','',NULL,'Camiño Córdoba, 5, 9º B, 55027, La Gaona de Arriba','38954','Gaitán del Barco','Badajoz','Chad','+34 976971775','participante262@panaurum.com','2025-03-28 11:08:12','$2y$12$KMRQiXaaWFkTHo2Dhw.So.KNubRy7OVG8pEanep.VdW1oS7NSmuSa',0,'dOa6KzfSgi'),(269,'participante263','',NULL,'Paseo Paula, 538, 70º D, 31470, A Barajas','84863','Los Rael','Teruel','Bulgaria','916-10-4798','participante263@panaurum.com','2025-03-28 11:08:12','$2y$12$0/LhcVuZ4DvKD.xrSXb8FOP1vR6pnUdkHP/VlSoQTKAs6WydZejYO',0,'h00mSpKIDO'),(270,'participante264','',NULL,'Plaza Isaac, 2, 9º B, 09721, Los Santiago','66586','L\' Garrido de las Torres','Sevilla','Turkmenistán','950490343','participante264@panaurum.com','2025-03-28 11:08:12','$2y$12$CdHLlNefKrYEo/.32q.V/.3bLPxkyZoJ6UUoN4BC.XqLHraPgtvRW',0,'QXKixFIzu6'),(271,'participante265','',NULL,'Camino Arenas, 983, 1º E, 03085, Roque del Pozo','70250','A Cuenca','Sevilla','Bangladés','923 87 1627','participante265@panaurum.com','2025-03-28 11:08:12','$2y$12$VmwOMYsvCVYyZbrPJI1gzet0tMwZLbBrqkW14SGTQX3ycRcP95pqK',0,'LO2du50c5L'),(272,'participante266','',NULL,'Plaça Naia, 18, 54º B, 20403, Camacho del Barco','32129','Padrón del Puerto','Teruel','Benín','902366873','participante266@panaurum.com','2025-03-28 11:08:12','$2y$12$3.M94/Q9NFZEvUi2fFXRK.yN/IWBx2IfOnC8UPmQUnUnz1cLW/6nG',0,'pGbFsvwyg6'),(273,'participante267','',NULL,'Avenida Rosa, 332, Bajos, 75309, El Urrutia del Barco','40066','Villa Lara de Ulla','La Rioja','Haití','914-138381','participante267@panaurum.com','2025-03-28 11:08:13','$2y$12$H6JCBHmFIjxBUjLZSLCPx.BWoBuBDkQHt4VGUZB/PKramn/KGIdjC',0,'PbJQZOgu3t'),(274,'participante268','',NULL,'Travessera Nahia, 251, 05º A, 17460, Villa Marín de Lemos','25726','Serrato de las Torres','Valladolid','Australia','+34 948-386962','participante268@panaurum.com','2025-03-28 11:08:13','$2y$12$dFp1dOlVPzjfqENvgUSyQ.wadDex89/zfuMzXtZkIUFPtmxTjX0pm',0,'GvwIEswakW'),(275,'participante269','',NULL,'Camino Zamudio, 35, Ático 0º, 37538, Calero de Lemos','38915','Muro Medio','Granada','Vietnam','909-461065','participante269@panaurum.com','2025-03-28 11:08:13','$2y$12$4HovFr7iSTiVTmNFczVo1ewB4KaVPi2CZJEJTfWc5fnGa1XKHMzoG',0,'ckwFVtrsU7'),(276,'participante270','',NULL,'Passeig Sauceda, 583, Bajos, 05896, Posada del Penedès','29016','A Linares','Palencia','Noruega','+34 941 15 5214','participante270@panaurum.com','2025-03-28 11:08:13','$2y$12$xzW9A1QzJySBZUdUzfxTy.k1fV/wxTq1BO83RuIUpf4/kO4gFpF6O',0,'YNPdpFpwPF'),(277,'participante271','',NULL,'Plaza Saucedo, 10, Ático 8º, 65284, Los Negrón','34405','Olivera del Barco','Valladolid','República Democrática del Congo','938469957','participante271@panaurum.com','2025-03-28 11:08:13','$2y$12$GBAMKQSiFwk3InsEjltlROF07qGhXHSHQWGZVLDkWPRPcc3Y6Y8lq',0,'nSDQmvfmLg'),(278,'participante272','',NULL,'Rúa Arguello, 88, 85º 7º, 26289, Gallardo de la Sierra','07201','Regalado Alta','Segovia','República Dominicana','+34 953-45-5472','participante272@panaurum.com','2025-03-28 11:08:14','$2y$12$wnjQRAjUnnT4hJEOAHzlXeGQJ2QN.pK0.Q2vFCSlZqAN/gpBNMYHa',0,'KfGH8f9MfY'),(279,'participante273','',NULL,'Travesía Font, 51, 6º 9º, 77030, Arteaga de Lemos','77691','As Abreu de Arriba','Soria','Congo','+34 929 57 6079','participante273@panaurum.com','2025-03-28 11:08:14','$2y$12$CJO8Io6j2kTS2EBwcj9DreRBpoYsNmp6g/Fky1lY0lqCqdfYw0btC',0,'5zCJtmP1VP'),(280,'participante274','',NULL,'Ruela Asensio, 18, 97º E, 14316, Las Salcido del Puerto','09260','L\' Corral','Granada','Guyana','919-654935','participante274@panaurum.com','2025-03-28 11:08:14','$2y$12$fwruJ/wJVLgHvurL6yO5POx/GrdrMGJmq8fmH..JmKGtldwH.pAjq',0,'d5eIS3YiU6'),(281,'participante275','',NULL,'Rúa Oliva, 9, Bajo 0º, 31761, Narváez del Bages','49571','Jimínez del Barco','Cantabria','Timor Oriental','+34 932-168259','participante275@panaurum.com','2025-03-28 11:08:14','$2y$12$2nxt7Vy9ax9pdkoJpMJNX.9pcYQI6xSUzSPbcDwWrwHSV8Jc/1aGS',0,'xbghIlYlzf'),(282,'participante276','',NULL,'Travessera Isabel, 3, 0º F, 54513, Las Santillán del Bages','58057','A Sáenz','Toledo','Surinam','953954314','participante276@panaurum.com','2025-03-28 11:08:14','$2y$12$U7TP32fsQWrb2th4cIrbP.mvTqr0XXuFGKBiEokPbp.fWf6X6.NMK',0,'bwFvQ6A6xS'),(283,'participante277','',NULL,'Plaza Manuel, 2, 6º 9º, 30814, L\' Bermejo','67411','Nava de las Torres','La Rioja','Israel','+34 964-318718','participante277@panaurum.com','2025-03-28 11:08:15','$2y$12$GVnz00wi2LXSvxTpHz3iBeDmpJBIPPiEm5gnubxc0ZAtxNNyHuppC',0,'yKGrotowjB'),(284,'participante278','',NULL,'Travesía Carretero, 822, 73º F, 91537, Zepeda Baja','13330','Vall Pacheco','Badajoz','Alemania','958 68 4065','participante278@panaurum.com','2025-03-28 11:08:15','$2y$12$uCNXE5RbasYI8RmRlWYmeOsBQYPPYKU6qKptpwY41KFbOzsP0Vb0G',0,'KwW5uzQWtq'),(285,'participante279','',NULL,'Camino Yaiza, 3, Ático 0º, 14540, Las Montañez de la Sierra','25702','L\' Andreu','La Rioja','Costa de Marfil','+34 900 124495','participante279@panaurum.com','2025-03-28 11:08:15','$2y$12$3dchAwLiGAmya0R50rohxOe9N7inofXsOsW1wYyr./U9i4JpE0mhu',0,'xGuYUu2z5n'),(286,'participante280','',NULL,'Carrer Camarillo, 49, Entre suelo 6º, 00942, Villa Ontiveros','11379','L\' Castro','Tarragona','Baréin','912-39-9781','participante280@panaurum.com','2025-03-28 11:08:15','$2y$12$IpM9f7StTI6a7c8JCa3Lcem4u4pV.znyDiqBjfBwfx.9NAGMiV8i2',0,'7nHeUtAkyB'),(287,'participante281','',NULL,'Carrer Valencia, 27, Bajo 1º, 56249, Los Mota de San Pedro','06655','Terrazas del Pozo','Ceuta','Trinidad y Tobago','983-22-6464','participante281@panaurum.com','2025-03-28 11:08:15','$2y$12$xYBsFCQ1roUspjNoAB7K0O2imphgWp6.fwLpa5Ah/yHZymVbN7buO',0,'Th0GlLgRot'),(288,'participante282','',NULL,'Plaza Andrés, 459, 2º 5º, 66251, Los Arce Medio','55832','A Caraballo Baja','Soria','Guinea Ecuatorial','+34 987-180577','participante282@panaurum.com','2025-03-28 11:08:16','$2y$12$2Yi00U6urkg.uTaslASBg.OLRNGSaWgqkchpIKj0L54xBLOywwXcS',0,'IUugcWDqVQ'),(289,'participante283','',NULL,'Rúa Laia, 22, 12º D, 62990, Cisneros del Pozo','12875','A Martín del Pozo','Cáceres','Rumanía','+34 906 383589','participante283@panaurum.com','2025-03-28 11:08:16','$2y$12$uzP7qNoJRadN8IpUbRcbouF4sG8D5u/mDSC/Qz6PtP8PIXq6qjxu.',0,'rAFBwOYZju'),(290,'participante284','',NULL,'Passeig Alberto, 5, Bajos, 56540, Vall Casas','43623','L\' Cárdenas Alta','Sevilla','Birmania','954 84 0081','participante284@panaurum.com','2025-03-28 11:08:16','$2y$12$LrHN3IUo.nl/IfhyOrY0lOql1seP9XJW.vlrj9uRiOG2r9ExNFb2G',0,'UZrxErpb6m'),(291,'participante285','',NULL,'Avenida Colón, 8, 98º E, 46795, La Ulibarri','93716','Atencio del Puerto','Cádiz','Bahamas','+34 973-036262','participante285@panaurum.com','2025-03-28 11:08:16','$2y$12$xnUruKvY.OCAxexRyQYT0uIupUaAkPKINO6oV/W2fa1oq26dMnxQO',0,'tt2ggJXYg9'),(292,'participante286','',NULL,'Carrer Lara, 521, 27º E, 16700, Bustos de la Sierra','52727','L\' Aguilera del Bages','Ourense','Venezuela','996-26-8678','participante286@panaurum.com','2025-03-28 11:08:16','$2y$12$DVZfVSlm8gshF6KMjE0LQusFqXPc4SnaCIwZIIyBzDEO6YkmXYIEa',0,'EUQwHWY8b8'),(293,'participante287','',NULL,'Passeig Quesada, 5, Entre suelo 5º, 71584, As Granados','87667','Los Soria Baja','Lleida','Yemen','951 423335','participante287@panaurum.com','2025-03-28 11:08:17','$2y$12$Ly/.DgTDZTUCmZNn7g2r3eVcfJYX4UlfdAUY9m8XUuvdGkMZMY.s6',0,'1ThbVFRmca'),(294,'participante288','',NULL,'Avenida Perales, 4, 64º 2º, 93618, A Godínez del Penedès','59231','Vall Yáñez del Bages','Ourense','Reino Unido de Gran Bretaña e Irlanda del Norte','+34 994-012050','participante288@panaurum.com','2025-03-28 11:08:17','$2y$12$oEYdoXOLBhcBNxq7ucxCTeTj.fAyKZ3XuXy3RYAgaHnm/mtb/2w0.',0,'l4fg4ppFuu'),(295,'participante289','',NULL,'Travesía Salma, 82, 84º E, 42141, A Batista','57021','As Santiago','Zaragoza','Congo','+34 995 37 1369','participante289@panaurum.com','2025-03-28 11:08:17','$2y$12$1sg4yIuBcBYyzgTImzvGV.8jgbGN2h7e58uXdNPhrC.Xz6lN.OlrK',0,'fJUlgIleoI'),(296,'participante290','',NULL,'Rúa Castellanos, 2, 9º C, 85538, Ramírez del Barco','28586','La Baeza','Albacete','Liechtenstein','+34 910-34-4324','participante290@panaurum.com','2025-03-28 11:08:17','$2y$12$cgCMUhGETuTd.0fyPuGJTOmOrKYhGdYDhmh7y4VVZduMcnpQcjJSy',0,'aK3OWNVcBS'),(297,'participante291','',NULL,'Plaza Victoria, 73, 01º F, 44391, Os Montenegro','96859','L\' Díaz Medio','Cantabria','Georgia','959276625','participante291@panaurum.com','2025-03-28 11:08:17','$2y$12$Gh4K2Et.2uHStDCdzNA38OuaDzm1c4VYGw.2GHlpfDhsT1fw.Lh5G',0,'NkiIZs5FFk'),(298,'participante292','',NULL,'Rúa Martina, 3, 0º B, 23552, Vall Salinas','06977','Pichardo Medio','Barcelona','Reino Unido de Gran Bretaña e Irlanda del Norte','958-743568','participante292@panaurum.com','2025-03-28 11:08:18','$2y$12$rOJfWxe4nlZK/DlcishDwewYZ5lm66oNaa2CP8OTebLOZIV0CQKPe',0,'OJ2n9gDBlw'),(299,'participante293','',NULL,'Paseo Mara, 5, 3º, 40387, Arguello de Arriba','21535','Villa Tapia Baja','León','Barbados','+34 950-77-0413','participante293@panaurum.com','2025-03-28 11:08:18','$2y$12$5S55OMJA0LBTEDxXUODiNe.zlBcfXDhXbthU5EZRLcNgybwY7ISqW',0,'58LLedqR1f'),(300,'participante294','',NULL,'Passeig Santiago, 624, Bajos, 98581, Maldonado del Barco','16069','L\' Rael','Lleida','Uruguay','941 98 1978','participante294@panaurum.com','2025-03-28 11:08:18','$2y$12$KIVURnQL7kHyJKnFDMnw6eI.ntSq0nK30cnrr.TIYBALrK/F3/bn.',0,'71yH4sQxVa'),(301,'participante295','',NULL,'Plaça Caraballo, 78, 9º C, 41756, L\' Ontiveros de Arriba','52342','San Pacheco Medio','Toledo','Bélgica','929 07 5149','participante295@panaurum.com','2025-03-28 11:08:18','$2y$12$y.0XeUr/b7ZrEyHd9sUJBOsD5q6QKdnmPGpJdHL8T3h6vhH/tszFS',0,'2hMVq1MZlr'),(302,'participante296','',NULL,'Passeig Peralta, 885, 6º, 94615, Os Cazares de Lemos','00155','O Pascual','Valladolid','Tonga','+34 964 576903','participante296@panaurum.com','2025-03-28 11:08:18','$2y$12$OPk5QmXa2qltUCuYv1fLreBVNfWfHMU2tkUbJOKk25AsujhPDNtzu',0,'9VexX8mIqH'),(303,'participante297','',NULL,'Plaça Medrano, 195, 6º D, 44929, Hernándes de San Pedro','77628','Villa Expósito del Puerto','Toledo','Costa Rica','911187258','participante297@panaurum.com','2025-03-28 11:08:19','$2y$12$0DMellvyQjoNTzme.ydjke8QShG3mMGpS5GKyyyAB71.ZKPM4rVDi',0,'ZKfr2N16Df'),(304,'participante298','',NULL,'Travessera Fernando, 654, 3º, 51110, Los Mascareñas','57272','San Maldonado del Vallès','Teruel','Granada','+34 940-98-3886','participante298@panaurum.com','2025-03-28 11:08:19','$2y$12$iuZgiDr1zq9eOThJaTRfZ.l5KqENuZjXKnEOTrwbo3MRxX8crlTES',0,'1e6SRo6eh2'),(305,'participante299','',NULL,'Carrer Arce, 697, 7º D, 45234, Os Huerta','17939','El Cepeda','Guipuzkoa','Uganda','+34 954-743151','participante299@panaurum.com','2025-03-28 11:08:19','$2y$12$Hjpqr/JEOrsiT6PGMKF/C.slw.gun9oVmBo6aJMlITyWQGPqiodvO',0,'YKEWaFFp29'),(306,'participante300','',NULL,'Avenida Cortés, 808, 2º E, 23857, San Casares','80626','Sepúlveda del Penedès','Sevilla','Filipinas','903 208454','participante300@panaurum.com','2025-03-28 11:08:19','$2y$12$u2Z5sW7tc6VnyVqZivpZIOF7s/BgUmmvRmSaPozAt.Wgc/ol6Te1S',0,'lb04AaG3z7'),(307,'Lamarque','Annabelle',NULL,'38 route de labernede','47240','Bon encontre',NULL,'FR','0610047380','moorea4726@hotmail.fr',NULL,'$2y$12$HT3UKSX/i4wkMLDRhTsQNuzg0CO7L6Dw2Uo/h1gXdXvyAkwugNc8m',0,NULL),(308,'Jesús','Menéndez Fernández',NULL,'Fuero de Avilés, 36 9E','33401','Avilés',NULL,'ES','+34639888126','chus.menendez.fernandez@gmail.com',NULL,'$2y$12$Nd4oskKDP.rxZTVV4qgyD.Jw0rrYo7qiVp1Yo7uSV9OvdQIB/jP6m',0,NULL),(309,'Jarkko','Turunen',NULL,'Koivukatu 13','95420','Tornio',NULL,'FI','+358408534810','jarkko.juh.turunen@gmail.com',NULL,'$2y$12$M4Up62CKc99j5Ku5pxQireoOt.V.Int774LIDp3MqDRivYv2lwRN6',0,NULL),(310,'boudin','Yohan',NULL,'101 Chemin Lacal','38740','Entraigues',NULL,'FR','0629548652','yob3876@yahoo.fr',NULL,'$2y$12$0EhHUezp.xcJyRV50G7cuer9oCsWQF3YmP/9tRkn1E8FMfH9v17S2',0,NULL),(311,'Adriano','Marcos',NULL,'C/ Juan Carlos I, número 11, puerta 9','18630','Otura-Granada',NULL,'ES','687219249','amarcosa@hotmail.es',NULL,'$2y$12$oaJjuRpOzwFTnMkIIenZiOYSrgNI/qDPH/./rUKivoPAsCZVTuG/S',0,NULL),(312,'Heimo','Urban',NULL,'Raiffeisenplatz 2 Top5','8071','Hausmannstätten',NULL,'AT','00436642101228','goldheimo@gmx.at',NULL,'$2y$12$jftic9X9eHzqhmSLKrgS0uB9V/9BKWskE2gebzdl7bWiao8xMqiC2',0,NULL),(313,'Alicia','Menendez Fernandez',NULL,'El Ventorro, 2, 1','33873','Navelgas',NULL,'ES','687466111','info@agintec.com',NULL,'$2y$12$GHHeT6k0EHj9oRyAjXUVx.eYq8pSRIPY5MFu7zjvraBCnyqTB7Jfy',0,NULL),(314,'Sanjay','Singh',NULL,'Mbombela',NULL,NULL,NULL,'ES','837815694','vidsin21@icloud.com',NULL,'$2y$12$iw3kAstw3E.QpxYgoCsGj.8IjTcVLFsneo05k2ptPiq3MH728HTO6',0,NULL),(315,'Esther','Van Diggelen',NULL,'De Backerstraat 43','2685 TC','Poeldijk',NULL,'NL','+31652573388','bcjunansei@gmail.com',NULL,'$2y$12$lnM097ozqeiGqx0Z7i2YDOsdfpTD9SofNp623tOwXGsRnPOjlvB9W',0,NULL),(316,'Christopher','Hattinger',NULL,'Hermann-Schmid-Strasse 13','4400','Steyr',NULL,'AT','+436763822005','christopher.hattinger@aon.at',NULL,'$2y$12$gTMkuS3N8/oDqOrglCi5z.rG4poBzh208zAky5xu37dOUfCgRJ8Ci',0,NULL),(317,'Thomas','Linnarsson',NULL,'Gullviksgatan 17B','214 58','Malmö',NULL,'SE','+46730761090','linnarsson.thomas@gmail.com',NULL,'$2y$12$NIaaPMtoyidabXlJbV66xeYlaefn2ouF4hua.URzoIHJxOZvPeRde',0,NULL),(318,'Jana','Ková?ová',NULL,'Jabriková 105','976 34','Tajov',NULL,'SK','0902889600','jankavacka@azet.sk',NULL,'$2y$12$gcYDOkZd0SjcZBmazDRnGOWBfq2xi.CP3p75bL99CEx2mlBQJ1MDm',0,NULL),(319,'Thibaud','Cecile',NULL,'7 rue de la Paix','74240','Gaillard',NULL,'FR','+33-6-03074810','thibaud@un.org',NULL,'$2y$12$Q0WqaZJeqD4rU7gP5/BEUO0JynPgmfnAckjhRWZZDtA60Aue2L7dm',0,NULL),(320,'Anne','Fitzgerald',NULL,'15 Gilligan Street','9430','Palmerston',NULL,'NZ','006421465433','annie.rodders@gmail.com',NULL,'$2y$12$EEPLxShi2/brCKLahWLkLutYcq/DME8j5VWW8CVaX8lwYubtskota',0,NULL),(321,'Mattias','Kron Eriksson',NULL,'Skivbrytarevägen 11','772 40','Grängesberg',NULL,'SE','0046705107645','fiske_guld_bilar@hotmail.com',NULL,'$2y$12$ecUeP7rjV39NCIliGuKTtuh3mTioiRY6rrfiBMIunwmzHeXwnN4ce',0,NULL),(322,'Luca','Pasqualini',NULL,'Cascina Tapella ?/e','27021','Bereguardo',NULL,'ES','+39 328 447 8366','rubyfunyama@gmail.com',NULL,'$2y$12$Za.z8Yx9nxicoJsNpNbZuenj.MfN3y6zo.1jAa15a5nMT7ooJfCQG',0,NULL),(323,'Simonneau','Mathieu',NULL,'411 Rte De Montimbert','87140','Compreignac',NULL,'FR','0782072956','detectoristslimouziteam@gmail.com',NULL,'$2y$12$uYjQVnGnTWMox98XXc8PXuwvUExV3g63AvZD2hzliGuOBEhfWP1.m',0,NULL),(324,'MARCOS','DA ROCHA RODRÍGUEZ',NULL,'LOS MÁRTIRES, 19','33873','NAVELGAS',NULL,'ES','677421076','rochanavelgas@gmail.com',NULL,'$2y$12$H72Q2hmJCDF7Z8eODO8J3.VhP5gBaTpRf34q3WWTyJrXVm88E2fvK',0,NULL),(325,'Frenk','Hink',NULL,'achterstraat 15','1723 NH','Noord-Scharwoude',NULL,'NL','+31634573720','fjm.hink@quicknet.nl',NULL,'$2y$12$JmT43oGTG9/PnQd.q8NS/./Gy8C1uWqRPPx.XQW47zJJbdL5/622.',0,NULL),(326,'Jacky','Dubillot',NULL,'12 rue du Verger, saint Pierre montlimart','49110','Montrevault sur evre',NULL,'FR','33674736446','jacky.dubillot@wanadoo.fr',NULL,'$2y$12$y.6moyxyx7SFrNNTVwTQEeK0sXJSexClzD9rEXi8/N43XFn//wuky',0,NULL),(327,'Ismael','Martínez Marinas',NULL,'Periodista Francisco Carantoña','33209','Gijon',NULL,'ES','649072625','ismahugo56@gmail.com',NULL,'$2y$12$lh.AsWJqNe7Tz55I2ZQjV.YTRPtQMr1RLJ644tF92xleQH/zArpZW',0,NULL),(328,'José Luis','Fernández Vázquez',NULL,'Travesía la Fuente n° 13, Chalet','24191','León',NULL,'ES','657889371','joluferva@hotmail.com',NULL,'$2y$12$ELj/hXRdDDUs/vlLYcDri.nG1FDYpw9kdPmsi4ZjcHfWqXMm.jaT2',0,NULL),(329,'Gabriella','Duso',NULL,'Biella','13900','Biella',NULL,'ES','3381516967','dusogabriella67@gmail.com',NULL,'$2y$12$/zt7zKkgrlLk.nSAKBt0BesK9Bmvr9x4fgKyOr23QVAiL7.GJGrFG',0,NULL),(330,'Bécourt','Samuel',NULL,'18 rue des écoles','60360','Crèvecoeur-le-Grand',NULL,'FR','+33608603967','sbecourt@hotmail.com',NULL,'$2y$12$g8X0H9tbokahg/Ru0YwwOexM7092NUKOoUTIbO50.GMKtavRZKR8O',0,NULL),(331,'Vanessa','Sánchez villar',NULL,'Sansomain 3 2b','31300','Tafalla',NULL,'ES','638854796','enolmayosanchez19@gmail.com',NULL,'$2y$12$QQTBEuSC9xivGJIhJJf1H..G6B4vinXGVWER9iTnMdD6pqIAz.JhO',0,NULL),(332,'Ruurd','Wijhe',NULL,'Snoeksloot 6','3993 HL','Houten',NULL,'NL','+31620978102','ruurd.vanwijhe@sweco.nl',NULL,'$2y$12$0B98XECDh4cvsGmKoYYgmO9hjED228LK2uDFUZTcu4Q6MLM9zqKbC',0,NULL),(333,'Cristina','Rodríguez Garrido',NULL,'ANZAS 2 Tineo',NULL,NULL,NULL,'ES','+34679126052','cristinargti04@hotmail.com',NULL,'$2y$12$QUxGeJ1oDvW3jj4VacNyyOVPYwhKU62qgxox6VhW7ldtc/8GgFFre',0,NULL),(334,'Jesús Angel','Sánchez Menéndez',NULL,'Calle Nava 14 6b',NULL,NULL,NULL,'ES','696151898','jesusangelsm@hotmail.com',NULL,'$2y$12$iDRsu7Mbim1UybKkwq2RyOSwYLVL7fbVxbDhPgRDmGCy/9mVwgtpq',0,NULL),(335,'Simone','Westhuis',NULL,'Bargerkampenweg 23, Emmen , Paisos Bajos',NULL,NULL,NULL,'ES','+31617756820','simonewesthuis@hotmail.com',NULL,'$2y$12$7.4CQ7hPfTIHn5go5IAKQ.WgdiII1Vm4tthVUNgo.XUfZkFUBE1yy',0,NULL),(336,'Javier','Requejo Marchan',NULL,'Calle Santa Teresita del niño Jesús 83-85 3°A Salamanca CP 37006',NULL,NULL,NULL,'ES','636928692','javierrm75@yahoo.es',NULL,'$2y$12$3fIR49Hcwlh5PC2u9AC9w.FygSNV9AoBvfHglCY3CS98sR742V3be',0,NULL),(337,'Carmen María','García Rodríguez',NULL,'ASENSIO BRETONES 11 2ºA',NULL,NULL,NULL,'ES','+34649382802','carmengarcialucas@gmail.com',NULL,'$2y$12$p9SMpWRcyJaFXGSEyuRLleelifUuuEXBUY0Ab3SK3cRyFg/N42H1S',0,NULL),(338,'Remco','Van Der Wijngaart',NULL,'Snees 10, 1738GA Waarland',NULL,NULL,NULL,'ES','0031622050556','rivanderwijngaart@gmail.com',NULL,'$2y$12$GgiNRhblskAQWAchh9SdLuCBaWMV7G5GjeJ3phQMSxxezhQ9ayYz6',0,NULL),(339,'Luka','Hink - van der Wijngaart',NULL,'Snees 10 1738 GA Waarland',NULL,NULL,NULL,'ES','+31610594667','lukahink@hotmail.nl',NULL,'$2y$12$7fn43.Xeqk1xzg6CCNUAFemkm7S1Xk1UQlH3Tk.wiHCh/m.QSl.ee',0,NULL),(340,'Esko','Orava',NULL,'Mellantie 14, 97220 Sinettä, Finland',NULL,NULL,NULL,'ES','+358400323433','esko.orava@suomi24.fi',NULL,'$2y$12$bD8YhSU.Eq/sChHQE3eWpOLnhZIZ9xPjj7fthjFL4NNHIkf3ymPG.',0,NULL),(341,'David','Iñiguez',NULL,'Avenida Pío XII, 74, 1A',NULL,NULL,NULL,'ES','+34625069954','iniguezdavid@gmail.com',NULL,'$2y$12$VyEUXNYBeBZF0Rts4Ih/q.j6sZYmPE1VKftdPG5kt/G0TRsFQrNim',0,NULL),(342,'Esko','Orava',NULL,'Mellantie 14, 97220 Sinettä, Finland',NULL,NULL,NULL,'ET','+358400323433','lorena@melodijoperez.com',NULL,'$2y$12$qTS3DjSvW66qudiQ30rcFuiYRfKtQ0YEkVlPdiB8rb5AJeIbCE4wy',0,NULL),(343,'Decorce','Nadine',NULL,'10 rue Ricard 79100 THOUARS FRANCE',NULL,NULL,NULL,'ES','33683392509','nadecorce@gmail.com',NULL,'$2y$12$7Edc58y.4BkoMYfmZuf.uOf4KMab/1MERJYNaXzhelyAL46qCViT6',0,NULL),(344,'DECORCE Isabelle','DECORCE',NULL,'15 avenue des Marronniers 49370 Bécon les Granits',NULL,NULL,NULL,'ES','0609869787','isabelledecorce@orange.fr',NULL,'$2y$12$nFgTYC8Xh2J92GHWJ.TbsuMHAuusTCq32NEnBnuiXBcblC.ma3ylW',0,NULL),(345,'Maricarmen','Obrer Monleon',NULL,'Carrer penyetes pau 78 adosado',NULL,NULL,NULL,'ES','633116069','purple-rain1980@hotmail.com',NULL,'$2y$12$o20TwMQWTxrTpl4M2fVSreH145CztwFQ3u9Wlwa0aeQI4pt473PLe',0,NULL),(346,'Eshter','sala',NULL,'Escoles Pies 26',NULL,NULL,NULL,'ES','+34606939363','34765esb@comb.cat',NULL,'$2y$12$hy0P.JXr6p/Hcu8ycl1r..hCojznQZKllb8QBS39mQa2twHgp4i5S',0,NULL),(347,'Amanda','Woodhouse',NULL,'22 Cardigan Street, North East Valley, Dunedin  9010, New Zealand',NULL,NULL,NULL,'ES','+6421407074','amanda.jane.woodhouse@gmail.com',NULL,'$2y$12$L6vlWIoW8xA89.GtSNU.tuwBqsFq9muC/eGw9cv8BidRm6U2fEsJK',0,NULL),(348,'Sandu','Marcu',NULL,'Calle Juaquin de Silva nr.3',NULL,NULL,NULL,'ES','670954106','sandu040.sm@gmail.com',NULL,'$2y$12$nB9g59oVLHzS/OHRWiTn0OXK5V.5KzGeHKFaK6xuX7t8eWf2AM4Wi',0,NULL),(349,'MARIER-ROSE','GRANGE',NULL,'18 RUE MOLIERE 69780 MIONS FRANCE',NULL,NULL,NULL,'ES','06 06 62 51 33','romaingran69@aol.com',NULL,'$2y$12$E/sKnvhh.1BUkse6Hj9G0OIIjx6l0zFJHU2ERwLfflLDtD/BhbrHG',0,NULL),(350,'Marina','Lindqvist',NULL,'Byträskvägen',NULL,NULL,NULL,'ES','+358443523405','marinalindqvist@hotmail.com',NULL,'$2y$12$UoOYK4iRF6LP74ERNQEMnebOvG7NXDVXaOi8n/XOX3gUy.ZabqJga',0,NULL),(351,'Eladio','Valle Rodríguez',NULL,'Navelgas',NULL,NULL,NULL,'ES','699211200','eladiovallerodriguez@gmail.com',NULL,'$2y$12$sYQD.poFgVtt6AypqYHSoOKCmQD8VM2Tw.ymEsCY2v0N/a7yHTdji',0,NULL),(352,'CHESNEAU','Jean Pierre',NULL,'28 rue de Rivaly',NULL,NULL,NULL,'ES','+33648120633','chesneaujpetm@gmail.com',NULL,'$2y$12$hHm9OtzdTXKW8suWRg97zeNkwiSbNo4INnLPEFUFWFlCtfNMNJKve',0,NULL);
/*!40000 ALTER TABLE `usuarios` ENABLE KEYS */;
UNLOCK TABLES;

--
-- Dumping routines for database 'panaurum'
--
/*!40103 SET TIME_ZONE=@OLD_TIME_ZONE */;

/*!40101 SET SQL_MODE=@OLD_SQL_MODE */;
/*!40014 SET FOREIGN_KEY_CHECKS=@OLD_FOREIGN_KEY_CHECKS */;
/*!40014 SET UNIQUE_CHECKS=@OLD_UNIQUE_CHECKS */;
/*!40101 SET CHARACTER_SET_CLIENT=@OLD_CHARACTER_SET_CLIENT */;
/*!40101 SET CHARACTER_SET_RESULTS=@OLD_CHARACTER_SET_RESULTS */;
/*!40101 SET COLLATION_CONNECTION=@OLD_COLLATION_CONNECTION */;
/*!40111 SET SQL_NOTES=@OLD_SQL_NOTES */;

-- Dump completed on 2025-04-01 20:11:18
